# Resource object code (Python 3)
# Created by: object code
# Created by: The Resource Compiler for Qt version 6.10.1
# WARNING! All changes made in this file will be lost!

from PySide6 import QtCore

qt_resource_data = b"\
\x00\x00\xbf\xe6\
\x89\
PNG\x0d\x0a\x1a\x0a\x00\x00\x00\x0dIHDR\x00\
\x00\x01\xc5\x00\x00\x01\x22\x08\x06\x00\x00\x00\x88\x80\xc9\xbe\
\x00\x00\x00\x01sRGB\x00\xae\xce\x1c\xe9\x00\x00\x00\
\x04gAMA\x00\x00\xb1\x8f\x0b\xfca\x05\x00\x00\x00\
\x09pHYs\x00\x00\x12t\x00\x00\x12t\x01\xdef\
\x1fx\x00\x00\xbf{IDATx^\xec\xfd\xe7\x97\
\x5cYz\x9f\x0b>\xfb\xd8\xf0\x91\xde \xe1=P\x85\
*T\x01U(\xdf\xd5\x8eM\xb2I\x8a\xa4DJ\x94\
H\x0d\xa5\xcb%\xb3\xe6\xde\xd1|\x99\xef\xfc\x03f\xcd\
Zw\xcd\xd2\xd5\x9d+J\x94H\x89\x94(\x91l\xb2\
\x1d\xd9\xcd\xf6]\xae\xcb\xa0\xaa\x80\x82\xa9\x02\x12\x09\x93\
\x89\xf4\x99aO\x1c\xbb\xe7\xc3>'3\x90\x95@\xc1\
\xdb\xfd\xac\x150\x99'OdD\x9c\xb3\xdf\xfd\xba\xdf\
+\xa4\x94\x12\x8dF\xa3\xd1h4\x18k\xbf\xa0\xd1h\
4\x1a\xcd\xa3\x8a6\x8a\x1a\x8dF\xa3\xd1\xa4h\xa3\xa8\
\xd1h4\x1aM\x8a6\x8a\x1a\x8dF\xa3\xd1\xa4h\xa3\
\xa8\xd1h4\x1aM\x8a6\x8a\x1a\x8dF\xa3\xd1\xa4h\
\xa3\xa8\xd1h4\x1aM\x8a6\x8a\x1a\x8dF\xa3\xd1\xa4\
h\xa3\xa8\xd1h4\x1aM\x8a6\x8a\x1a\x8dF\xa3\xd1\
\xa4h\xa3\xa8\xd1h4\x1aM\x8a6\x8a\x1a\x8dF\xa3\
\xd1\xa4h\xa3\xa8\xd1h4\x1aM\x8a6\x8a\x1a\x8dF\
\xa3\xd1\xa4h\xa3\xa8\xd1h4\x1aM\x8a6\x8a\x1a\x8d\
F\xa3\xd1\xa4h\xa3\xa8\xd1h4\x1aM\x8a6\x8a\x1a\
\x8dF\xa3\xd1\xa4h\xa3\xa8\xd1h4\x1aM\x8a6\x8a\
\x1a\x8dF\xa3\xd1\xa4h\xa3\xa8\xd1h4\x1aM\x8a6\
\x8a\x1a\x8dF\xa3\xd1\xa4h\xa3\xa8\xd1h4\x1aM\x8a\
6\x8a\x1a\x8dF\xa3\xd1\xa4h\xa3\xa8\xd1h4\x1aM\
\x8a6\x8a\x1a\x8dF\xa3\xd1\xa4h\xa3\xa8\xd1h4\x1a\
M\x8a6\x8a\x1a\x8dF\xa3\xd1\xa4h\xa3\xa8\xd1h4\
\x1aM\x8a6\x8a\x1a\x8dF\xa3\xd1\xa4h\xa3\xa8\xd1h\
4\x1aM\x8a6\x8a\x1a\x8dF\xa3\xd1\xa4h\xa3\xa8\xd1\
h4\x1aM\x8a6\x8a\x1a\x8dF\xa3\xd1\xa4h\xa3\xa8\
\xd1h4\x1aM\x8a6\x8a\x1a\x8dF\xa3\xd1\xa4h\xa3\
\xa8\xd1h4\x1aM\x8a6\x8a\x1a\x8dF\xa3\xd1\xa4h\
\xa3\xa8\xd1h4\x1aM\x8a6\x8a\x1a\x8dF\xa3\xd1\xa4\
h\xa3\xa8\xd1h4\x1aM\x8a6\x8a\x1a\x8dF\xa3\xd1\
\xa4h\xa3\xa8\xd1h4\x1aM\x8a6\x8a\x1a\x8dF\xa3\
\xd1\xa4\x08)\xa5\x5c\xfbE\x8d\xe6\x81BJd\x92 \
\xe3\x18\x19\x86\xc8$AX\x16\xc24W\x1e\x1a\x8dF\
s=h\xa3\xa8y\xe0I\xa2\x88\xb8\xd3!n4\x08\
\x17\x16H:\x1d\xccJ\x05\xabR\xc1*\x97\xb1\x8a\xc5\
\xb5?\xa2\xd1h4\xeb\xa2\x8d\xa2\xe6\xc1!\xbdTe\
\x1c\xabG\x14!\xa3\x90\xb8\xd5&\xac\xd5\x08\xe6\xe6\x09\
\xa6\xa6\x88=\x0fg\xd3F\xdc\xb1\x0d\xb8CC\xb8\xfd\
\x03k\xcf\xa4\xd1h4\xeb\xa2\x8d\xa2\xe6\x81!3\x86\
a\xadF\xb0\xb8H0;K0=M4y\x99\xe8\
\xe2\x14\xf1\xec<q\xb3\x89(\xe4\xc9\xbf\xf0,\x85C\
\x07)l\xdeL~\xc3\xd8\xdaSi4\x1a\xcd\xbah\
\xa3\xa8\xb9?\x91\x12)%$\x092I IH|\
\x1f\xd9\xf1\xf1\xa6/\xd3\xbex\x91\xf6\xd93x\xa7N\
\x11\x9c>Cr\xfa\x1c\xc9\xcc\x02 \xb1\xc66P\xfe\
\x8d_\xa1\xfc\x0b_\xa6\xb4c'\xc5\xad[\xd7\x9e]\
\xa3\xd1h\xd6E\x1bE\xcd\xfd\x85\x94+\xa1\xd1`y\
\x89`i\x99pv\x96pv\x96xz\x96\xe4\xf2\x1c\
Q}\x99\xb0U#\xac\xd7\x88\x96\x97I\x96\x96I\x16\
k\xc8z\x0b\xe9\x85\xd8\xa3\xa3\xf4\xfc\xce?\xa4\xf2+\
\xbfH~l\x8c\xfc\xc8\xc8\xdag\xd1h4\x9au\xd1\
FQs\x7f!%I\x10\x90t:\xb4\xceO\xd0:\
\x7f\x9e\xf6\x89\x13\xb4O\x9c :y\x86\xe4\xc4Yd\
\xd4A\xb8 \x5c\x1b\xe1\xe6\xc0\xb6\xc14\x90A\x8c\x5c\
jc\x0f\x8d\xd2\xf7/~\x97\x9e\xbf\xff+\xb8\xfd\xfd\
8==k\x9fE\xa3\xd1h\xd6E\x1bE\xcd\xbd!\
\xf5\x08\xe3N\x87\xb0V#\x5c^&\x9c\x9f'\x9a\x9f\
'\x99\x99'\x9e[ l,\x11\xd6\x97\x09\x17\x17U\
U\xe9\xfc\x12r~\x11\x92\x08L\xc02\x11\x96\x05\x86\
\x01B \x13\x90~\x84\xb3q3C\xff\xe2\x7f\xa1\xf7\
W\x7f\x05+\x9f\xc7\xcc\xe7\xd7>\xbbF\xa3\xd1\xac\x8b\
6\x8a\x9a{B\xd6S\x18./\xd1\xbap\x91\xf6\xc4\
9\xbcS\xa7\xe8\x9c\xfe\x98\xe8\xd48\xf1\xd9\xf3\x08[\
\x82\x95 l\x1b,{\xc5\xf8\x01\x90\xfe\xa5\xfe!A\
\xa2\x0c\xa3i\xe2\xee\xdc\xc9\xc8\xef\xfd\x1e\xfd\xbf\xfc+\
\x08!V\x7fF\xa3\xd1h>\x03m\x145w\x85\xa4\
\xe3\x11\xb5ZD\xb5\x1a\xe1\xe2\x12\xd1\xec\x1c\xd1\xe5\x19\
\xa2\xb99\x82\xda\x22\xc1\xd2\x02\xe1\xec\x1c\xe1\xdc<\xc9\
\xcc\x02\xc9\xc2\x22\xc2\x04a\x01\x96\x8d\xb0S\x8f\xd0X\
G\x84)\x91\x10\xc7\x88\x5c\x0ecp\x90\xdcc\xfb\x19\
\xfa\x8d\xdf\xa4\xf7\xf3_X{\xa4F\xa3\xd1\x5c\x13m\
\x145w\x85pq\x11\x7ff\x1aob\x82\xd6'\x9f\
\xd0\xf9\xe8\x14\xc1\xfb'\x88/_\x06#\x02S\x22\x0d\
\x03\x84\x01\x89\xaa<\x15\xa2\xcb#\xbc\x96\xc7\x17'\xc8\
(\xc4\xac\xf6\xe0\xec\xd9C\xfe\xa9\xa7\xe8\xff\xf2\x97\xa9\
\x1c~f\xed\x91\x1a\x8dFsM\xb4Q\xd4\xdcV\xb2\
\xf6\x89py\x99hy\x99hA\xe5\x09\xa3\xd9y\x82\
\x999\x82\xd9Y\xfc\xb9i\x82\xc9)\xa2\x89K$\xcb\
\xcb\x08\x0b\x84m\xa8\xfc\xa0e\x83!\xd6\xf7\x08\xafF\
\x14!}\x1fs`\x90\xdc\xb3\xcfR<r\x84\x9e\xe7\
\x9e\xa7\xfc\xd8ck\x8f\xd4h4\x9ak\xa2\x8d\xa2\xe6\
\xf6!%2\x8aH\xc2\x90\xf6\x99Oh\x7f\xf2\x09\xde\
\xf1ct>\xfc\x90hz\x9ed\xa1A\x12\x85H+\
A\xca\x04\xe2\x08\x99ty\x84\x997x5\x8f\xf0j\
\x84!\xb2\xdd\xc6\x1a\x1d\xa5\xf0\xc5/S|\xe9%\xaa\
\x07\x0eP\xdc\xb1c\xed\x91\x1a\x8dFsM\xb4Q\xd4\
\xdc42m\xa8O<o\xc53\x8c\x17\x96H\x16\x96\
\xe8L^\xa43y\x11\x7f\xfc,\xfe\xf8Y\x92\xa5\x06\
\xb2\xe5\x83!\x109\x13l\x0ba\x997\xe6\x11^\x05\
\xe9\x07\xc8F\x1bg\xf3f\xca\xbf\xf6\xab\x94>\xff*\
\xa5\x1d;\xc8o\xd8\xb0\xf6P\x8dF\xa3\xb9&\xda(\
jn\x9a$\x08\x88\x96\x96\xf0gfh\x9d>M\xeb\
\xf4i\xa2\xd3g\x89O\x8f\x13\xc7>I\xe2#\xc3\x80\
$\x08 \x8e\x91\xb1\x04\x01\xc2\xec\xf2\x08o\xd4+\x5c\
\x07\xe9\x05\xc8Z\x1bw\xdbvz\xfeo\xff\x84\xca\xcf\
\x7f\x99\xdc\xf00n_\xdf\xdaC5\x1a\x8d\xe6\x9ah\
\xa3\xa8\xb9n\x920$n\xb7\x89[M\xe2z\x83x\
i\x89\xe0\xf2\x0c\xc1\xd4\x14\xed\xf1\xb3\xb4\xc7\xcf\x12\x8f\
_ \x1e\xbf\x08\xae\x01\x8e\x81\xb0m\x84\xb3\xdaKx\
'\x90\x9d\x00\xb9\xdc&\xb7{7\xfd\xff\xf2\xf7\xa8\xfe\
\xe2Wp\xaaU=\x1dC\xa3\xd1\xdc0\xda(j\xae\
\x9b\xb0V\xc3\x9b\xbc\x8471A\xe7\xf4i\x82\xb3\xe7\
\x88/^&\x9e\x99'\x8e<\xe2\xd0Cz>\xb2\xd3\
I\x8be\x04\x22+\x9a\xb9C\x06\x91,|\xdalS\
\xd8\xb7\x9f\xa1\xff\xf5\xffN\xf5\xab\xbf\x88\xe9\xba\x18\xb6\
\xbd\xf6P\x8dF\xa3\xb9&\xda(j>\x85\x8cc\x92\
(\x22\xf1;\xc8N\x87\xa4\xd5&i\xb5\x08fgi\
_\xbc\x807>\xae\x84\xb8\xc7'\x90\xd3\xf3\xc8\xe5\x06\
\x22oA\xdeVyB\xcbZ{\xca;G\x97hx\
\xe1\xc0\x01F\xfe\xe5\xbf\xa6\xe7\xe7~\x0e\x0c\x03q\x1b\
\xf2\x95\x1a\x8d\xe6\xd1B\x1bE\xcd\xa7\x88Z-\xc2F\
\x83`F\x85F\x83s\xe3\x04\x1f\x7fB8=M\xd4\
\xa8\x137\x9b\xc4\xad\x16I\xdb\x83\x8e\x8f\x0cB\xb0\x0c\
\x84\x95\xf6\x19\x1aw\xce+\xbc\x82D\x19Dr9D\
O\x0f\xc5\x83\x07\x19\xfaG\xbfE\xf5\xc5\x17\xb5\x92\x8d\
F\xa3\xb9)\xb4Q\xd4\xa8a\xbdqL\xecy$\x9e\
G0?\x8f?3Gp\xe9\x22\x9d\x0b\x13\xf8'O\
\xe2\x1f;F47\x07I\xa2<0\xd7U\xf2k\xc6\
]4\x82k\x89c\x88\x22Do\x1f\xd6\x8e\x1d\x14\x0f\
\x1df\xe0\x17~\x9e\xca\xc1\xa7\xd6\x1e\xa9\xd1h4\xd7\
\x856\x8a\x8f:IBT\xaf\x13\xd5\xeb\xb4\xcf\x9e\xa5\
u\xe6\x0c\xe1\xb9\x0bD\xe7.\x127\x96\x89\xfd\x16q\
\xbdF\xbc\xb4\x84\xf4}\xa53*\x04\xc24\xc10W\
\xfb\x0bo'2\xd52\xcd\xb8\xdas\x84!\xb2\xd3\xc1\
\x1a\xdbH\xfe\xb9\xe7T\xd3\xfe\x91\xe7(\xee\xda\xb5\xf6\
H\x8dF\xa3\xb9.\xb4Q|\xd4\x90\x12\x19G\xc8(\
&\x09\x02\xa4\xef\x13LO\x13L\xcfR\x7f\xff=j\
G\xdf#\xfa\xf8\x1c\xc9'\x13 #\xc8[\x08\xd7B\
X6\x98f\xdaF\xb1\xf6\xa47\x89L\xff\xe86\x82\
25\x82\xa4\x86\xd00\xb2\x03?\x85\xf4}d\xb3\x8d\
\xbbk'\xe5_\xfc*\xa5\x17_\xa4\xb4w/9\xdd\
\x9f\xa8\xd1hn\x12m\x14\x1f1\x92  \x5cX \
\x98\x9b\xc3\xbfp\x81\xe0\xc2\x05\xc2\x0b\x93\x84\x17\xa6\x08\
\x96\xe7\x09j\x0b$\xcbu\xe4r\x03H\xc06\xc0L\
\x8bVng\x9e.-\x90\xc9tK\x89bd\x04H\
\x03\x91\xb7\x11y\x07\x1c\x07\xe98\x88 \x80 X\xf1\
RWN\xd1\xf6\x91\xf56\xb9\xc7\xf6\xd3\xf3[\xff\x90\
\xd2+/Q\xd8\xb8\x11\xa7\xbf\xff\x8a\xa7\xd2h4\x9a\
\xebE\x1b\xc5\x87\x1d)\x91I\x82\x8cc\x88c\xa2f\
\x13\xef\xfc\x04\xde\xd9\xb3\xb4\xde;J\xfb\x83\x0f\x88\xc6\
/\x11\x9d\xbb\x84(\xbb\x18\xe5\x1cX&\x98\xb7\xb9\x8d\
\xa2\xfb2\xeb\xf6\x10\xe3\x04\x19\x06\x10\xc6\x10\x0a\xc0\xc2\
\xe8- z\x8aH\xdb!q\x1cD\xa3\x09\xcd\x86\xfa\
\xd9\xae\xfc\xa5l\xf9\xc8\xa5\xb6\x12\x00\xff\x97\xff\x8c\xf2\
\xab/\xe3\xf4\xf6b\x97J+\xc7h4\x1a\xcd\x8d\xa0\
\x8d\xe2\xc3\x8aT\x93&\xe2FC\x15\xce\x5c\x9e\x228\
\x7f\x81\xe0\xd2%\xc2\xa9\x19\xa2\xe9Y\xc2\xc59\xa2\xa5\
y\x92Z\x93\xa4\xd6\x04\xc7D\xb8\xd6\x8d\x0br_\x8b\
D\x82L\x94'\x18G\x10%\x10\x03\xf9\x02\xc6`\x1f\
F_\x0fVO\x0fV\xa5\x8a\x99/a\x15\xcbX}\
\x15\xccR\x81\xd6\x9934\xcf\x9cE\xce\xcd!\xe7f\
\xd5\xf9V~/\xa9\x9a\xf6\x9b\x1d\x8a\xcf<\xcb\xd0\xff\
\xfa\xaf(\xbf\xf22V>\x8f\xe18\xdd\xbf\x81F\xa3\
\xd1\x5c7\xda(>\xa4d\xdea03C\xf3\xf4i\
Z\xef\xbfO\xe3\x8d\xd7\xe9\x1c;\x8e\x9co@\xc3\xc3\
\xa8\xb8\x88\x92\x9bz\x86\xe6\xdaS\xdc\x1e\xe2Xy\x83\
\xbe\x8f\xf4;\x10$H\x1f\x8c\x81\x01\x8c\xfd;p\xf6\
\xec\x22\xb7k\x17\xb9\xad[q\x87\x87q\x87\x86p\xfb\
\xfb\xb1r9f\xbf\xfeu\xe6\xbe\xf1\x0d\x92\x0b\x17\x88\
/\x9cW\xe73S\xa3\x98Hd\xa8\xa6cT^|\
\x91\x91\x7f\xf3o\xa8\xbc\xf2\xca\x15O\xad\xd1h47\
\x8a6\x8a\x0f\x09I\x18\x92\x84!\xe1\xe2\x22\xe1\xdc,\
\xe1\xa5)\x82\x89K\x843\x97\x09\x17\xe7\x09\xe6\xa6\x09\
\xa6\xa6\x88\xe6\x16\xa0\xedC\x10\x82k\xadJ\xb0\xddj\
[E\x92(C\x15GJ\xe74\x02b\x10=e\x8c\
\xbe*V\xa5\x82U)c\x15\xab\x98\xc5\x0a\xe6\xc0\x00\
\xd6\xc6\x11\xac\x91!\xec\xfe\x01\xac\xde^\xccR\x09\xab\
X\xc4\xcc\xe7\x11q\xcc\xcc\x7f\xfacf\xfe\xf3\x1fC\
\xa7\x85\xec\xb4T\x01\x8e\xa1\xe6-\x92$\xe08\x88B\
\x91\xf2\xf3\xcf3\xfc\xbb\xbfK\xf9\xf0\xe1\xb5\xbf\x95F\
\xa3\xd1\xdc\x10\xda(>$D\xed6Q\xbbM\xfb\xcc\
\x19\xda\x1f\x1d\xa7\xfd\xb3\xf7h\xff\xe4-\xa2\xe9\xcb\x08\
+\x01[ \x1cG\xcd+\xcc\xb8Z\xab\xc3\x8d\x92\xe6\
\x06\x89c\xa4\xdfQ^a\x00I\x00\xe6\xf6\xcdX{\
\xb6\x93\xdb\xb1\x9d\xc2\xf6\xed\xb8[\xb6\x90\xdb\xb4\x09{\
`\x00\xbbT\xc6\xcc\xb9\xab\xea3Y!O\x92\x10\xd7\
\x1b\x5c\xfe\x7f\xff\xefL\xff\x7f\xfe\xbf\x18\x95\x1c\xa2\x9a\
_5\xdc\x89\x0a\xc7\x8a\xbe>\xcc\x8d\x9b(\x1f9\xc2\
\xe0\xdf\xfb{\x94\xf4\xfcD\x8dFs\x8bh\xa3\xf8 \
\x22\xe5\x8ag\xe8\xcf\xce\xd2\x99\x9d%\xba8\xa9\xaaH\
g\xa6\x08f\xa7\x09.\x5c$<{\x9e\xa4\xd1\x00\x1b\
\x84m\xaaf{\xcbR\xd6\xf0fl\xa1L\x0d\xa0L\
\x90\xb1\xaa\x1c%V=\x14F\xb9\x88Q.bV*\
\x98\xe52V\xa9\x8aU\xec\xc1\x18\x1d\xc2\x1c\x1b\xc6\x1e\
\x1a\xc4\x19\x1c\xc2\xee\xeb\xc3\xea\xeb\xc3*\x950\x1c\x07\
c\x8d$\x9c\x8c\x22\x82\xa5%\xfc\xa9)\x16\xfe\xe0\x0f\
\x99\xff\x83?\xc4\xa8\x14\x10\x95\xe2\xaaQ\x8c\x22d\x10\
bm\xdc\x88\xf3\xd8\xe3\x94\x8f\x1c\xa1\xef\xf3\x9f\xa7\xb0\
s\xe7\x15\xe7\xd2h4\x9a\x1bE\x1b\xc5\x07\x11)\x09\
[-\xa2V\x8b\xda\x07\x1f\xb0\xfc\xc1\xfb\x84\xef\x1d#\
z\xf7\x18\xd2o\x81%\x95\x05K$\x08\xa9\x8cI\xe6\
\x85\xdd\x8ag\x98\xb5QD12\x0c\x91~\x04~\x0c\
\xc2\xc2\xda\xb2\x01k\xeb\x18\xb9]\xbbqw\xed\xa2\xb0\
u\x1b\xf9\xad[1K%\x8c|\x1e\xe1X\x08\xd3B\
XV\xda\xf8o\xac+\xc5\x96\xf8>\xcds\xe3\xb4>\
\xfe\x98\xfa_\xfc%\x8d\xaf\xfd%\xa2X@\x14\x8b+\
\xc7\xca@5\xed\xbb\xbbvQx\xf1EJ\xcf\x1e\xa1\
z\xf80\xb9M\x9b\xae8\x97F\xa3\xd1\xdc(\xda(\
>\x00\xc8$!\xe9t\x88\xdam\xc2\xb99\xc2\xb9y\
\xc2\xe9Y\xc2\x99Y\xda\x17'h_8O<q\x81\
\xf8\xdc%D\x12\x82k\x22,\xf5\xb8\xe9\x09\x15\xa9\x01\
\xbc\xc2#4M\xc8\xbb\x18\x85<f\xa9\x8cY,a\
\xe6JX\xa5\x0a\xd6\xd80\xf6\xd8\x08\xf6\xd8\x18\xce\xd8\
\x18\xce\xf00\xee\xf00\x86\xe3(#x\x9d\xbfC\xd4\
l\xb2\xfc\xf6\xcf\xa8\xfd\xecgt\xdex\x9d\xce\x1bo\
(I\xb9\x5cn\xd5(z>\xb2\xd9!\xff\xe4\x13T\
\xbe\xfa\xf3\x94\x8e\x1c\xa1\xb8g\x0f\xce\xd0\xd0\xda\xd3i\
4\x1a\xcd\x0d\xa1\x8d\xe2\x03@\x12\x04\x04\xcbK\xf8\xd3\
\xd34?\xf8\x80\xd6\x07\xc7\x08O\x9f%<}\x0e)\
B\x12\x11\xae\xe4\xf4\x10\xacz`7\x9b3\x94\xaa\x87\
P\x86\x11\x04\x01\xd2\x8f\xc1O \x9fC\x0c\xf7bm\
\xdc@~\xe7Nr\xdbw\xe0n\xde\x82\xbba\x0c\xbb\
\xa7\x8aU\xad`\xb8\x0e\xc2q\x951t\x9cu\xbd\xc1\
k\x11.-1\xf7\xcdo\xb2\xf0\x9d\xbf%\x9e8G\
21\xa1\xf2\xa0\xf6j\x98U6;\xc8\xe56\xc5\xe7\
\x8e\xd0\xf7\xdb\xff\x90\xd2s\xcf\xe2n\xd8\x80U\xad^\
q.\x8dF\xa3\xb9Q\xb4Q\xbc\x0f\x91QH\xecu\
\x88[M\xc2\xa5e\xc2\xf9y\x82\xc9\xcb\x04\x17/\xd1\
\x1e?Cg\xfc\xac\x9acxi\x1a\xe1\x9a\x88\x9c\x1a\
\xd7$l\xeb\x86\x0c\xd0\x0aI\xa2\x8c`\x94\xa8>B\
SM\xbc0\x0a\x05\x8cR\x19\xc3-`\xd89\xccj\
\x15st\x00k\xc3(\xee\xe6\xcd\xb8\x9b6\xe2\x8cn\
\xc0\x19\x1c\xc4\xcc\xe50s\xb9\xb5g\xbe~\xa4$\x89\
\x22\x82\x99Yf\xff\xe4O\x99\xff\x8b\xbf\x84VC=\
\x0c\xa5\xaa\xb3rh\xa3C\xb2\xd4\xa2\xfc\xb9W\x18\xfc\
\x17\xff\x8c\xd2\x91\xc3X}}\x98\xf9\xfc\x15\xa7\xd4h\
4\x9a\x1bE\x1b\xc5\xfb\x90\xb8\xd5\x22\x98\x9f\xc3\xbbp\
\x81\xd6\xc9\x93x\xa7N\x13}<A|q\x928\xf6\
I\x12\x1f\x82\x08\x19\x86`\xa6\x83|\xc5-4\xdc\x87\
\x91\x9a\x94\xe1E\xe0\x85\x88\xbc\x83(\xb9\xd8\xdb\xb7\xe1\
\xee\xdb\x87\xb3i3\xce\xc8\x06\x9c\xa1!\x9c\x81~\xac\
\x9e*F>\xafZ'r.\x86\xe3\x22L\xf3\x96\xe6\
\x17\xca8&\xf2<:\x17.2\xff\xff\xfb\x8f,\xfc\
\xc9\x7fC\xe4,D>\xed\x9f\xec2\xf6Ij\x14\xab\
_\xfa\x22\xc3\xff\x8f\x7fM\xe9\xc8a\xf5\xbb\xe8\xa1\xc2\
\x1a\x8d\xe6\x16\xd1F\xf1>@F\x11I\x18\x107\x1a\
DK\xcb\x8433\xf8\x17'\xe9\x9c?O\xeb\xec'\
\xf8\xe7\xce\x11_\xb8\x8c\x9c]P\xc3|s\xaa`\x05\
\xeb\x06\x1b\xee\xd3\xb0h6\x94\x97\x04@ r.\x22\
\x9f\xc34s\x18V\x0e\xb3\xa7\x8c\xd9_\xc1\xd9\xbe\x0d\
w\xcf^\x9cM\x9b\xb0GFp\xfa\xfb\xb1\xcb\xe5[\
\xf3\x08\xafB\x12\x04\xf8\xf3\xf3x\x9f\x9ca\xf1?\xfe\
g\x96\xfe\xfb\x9fc\xf4\x14\x11\xd5\xc2\xeaA\xa9<\x9c\
\xecD$^D\xf5\xcb_b\xf4\x7f\xfb\xd7\x14\x9f>\
\x88\xb0\xed[2\xca\x1a\x8dF\x836\x8a\xf7\x07Q\xab\
IX\xab\xe1}\xf2\x09\xed\x0f>\xc0?\xf5\x09\xe1\xb9\
\x8b\x84\xf3\x0b$q\x87$\xec\xa8\xe2\x92 D\x98B\
\x85\x123\xef\xf0z\x91i5j\x1c#\x83@U\x8f\
\x86\x804U/\xe1\xf6M\x14\xb6l#\xbfu\x1b\xee\
\xf00\xce\xf0 fO\x0fF\xa5\xa2\xc2\xa8\xa9|\x9a\
a\xdb\xaap\xe66\x13\xb7Z\xb4\xce\x9e\xa5u\xfc8\
\xf5\xbf\xfc\x1a\x8d\xef|\x07Q*\x22J]F1\x95\
\x8c\x93\xa6\x8d\xb4\x1dz\xbe\xf8EF\xfe\xf9?\xa7x\
\xe0\xf1\x1b\xce]j4\x1a\xcdzh\xa3x\x0fH\xa2\
H\xe5\x0d\x9b-\xe2f\x93`v\x8e`z\x1a\xef\xe4\
IZ\x1f\x1c%\xf8d\x9chr\x06\xd9j#\x8a\x0e\
\x22g\xa7\x86\xf0\x06=\xa1\x15C\x98\xa8\x89L\xa6\x09\
\x96\x89a[\x18\x96\x830]\x84S\xc4\xde\xb3\x1dk\
\xcfv\x8a\xbbvQ\xd8\xb9\x0bwh\x08gp@\x8d\
\x8b\xbaK\x84KK\xd4\xde~\x9b\xc6\xdb?\xa3\xfd\xda\
O\xf1\xdey\x07\x91\xcb!\xba\xf3\x84Y1Q\xb5\x8a\
\x18\x18\xa0\xe7\xd5\xcf3\xfc\x9b\xbfIa\xf7\xee\xeeS\
i4\x1a\xcdM\xa3\x8d\xe2= \xac\xd7\x09\x1bu\xbc\
O>\xa1u\xea\x14\xe1\x99\x09\xc2\xb3\xe7\x89\x17\xe6\x88\
Z5\x12\xaf\xa5<\xc38FXi\x91\xc9\x8dzB\
\xa9\x14\x9a\x0c\x22\xa4\x17\x820\xa0\xa7\x889\xd8On\
\xc7\x0e\xa55:4\x8a;<\x82\xd1\xdf\x87\xd9\xdf\x8b\
U\xad\xa4\xc2\xdcy\x8c\x5c\xee\xae\x86#\xfd\xe9\xcb,\
|\xf3\x9b,\xfd\xe0\x07D\xe3\xe3D\x17/\xaa\xc2\xa1\
\xae<\xa1\x0c#\x08C\xcc\x8d\x1b\xb1v\xef\xa1\xfa\xd2\
K\x0c\xfc\xdc\xcf\x91\xdf\xb2\xe5\x8asi4\x1a\xcd\xcd\
\xa2\x8d\xe2\x9dFJd\x1c\x93D\x11\x89\xe7\x91x\x1e\
\xfe\xcc\x8c\x12\xea>v\x8c\xc6\x07\xef\x13}r\x8e\xf8\
\xec\x05\x88BD\xc9I'U\x987\xa6G\x9a\xe5\x0b\
\xa5T\xb9B\xc3\x00\xcbD`b\xc4\x06\x22\x9fG\x0c\
\xf7co\x19\xa3\xf0\xc4\x13\x14\xf6?F~\xf3f\xf2\
\x1b7\xaa|\xdc\xbd*RIG[u\xce\x9fg\xe6\
\x8f\xff\x0b\x8b\xdf\xfa\x16\xb4\x9b\xd0n\x7fjZ\x87\x0c\
\x02d\xc7\xc7\xd9\xb7\x0f\xf7\xc8sT\x8e\x1c\xa1\xf7\xc8\
\x11r\xa3\xa3W\x9cR\xa3\xd1hn\x16m\x14\xef0\
2\x8e\x89\x9a\x0d\x82\xe54gx\xe6\x13\xa2\xf1\x0b\x84\
\xe3\x17\x88j\x8b\x84\x8d%\x92F\x13\xd9h\x81L\x10\
\xb6\x09\xe6\x8d\xab\xcf\xc8(N\xe5\xcfb\xf0cD\xb5\
\x8c1:\x84\xb3q#\x85-\xdbp\xc7\xc6\xb0\x86\x06\
\xb0\x86\x06\xb1\x07\x06\x94\xd4Z\xa5\x82U*\xadj\x8f\
\xde\x03d\x1c\x13w:x\xa7?f\xf6\xdf\xff!\xcb\
_\xff\x86\xd2i\xb5>\xddg);\x1d\xa4\xe7\x91?\
\xfc\x0c\xa5\x9f\xfb\x0a\xe5C\x87(\xed\xdf\xaf\x87\x0ak\
4\x9a\xdb\x866\x8a\xb7\x9bt\x8e\xa1L\x12d\x10\x10\
\xb7\xdb\xf833\xf8\x93S\xd4\xdf}\x87\xc6{\xef\x12\
\x7f2A\xf2\xc9yp\x0d\x8c\x92\xab\x1a\xd3ot\xa8\
o\xf6\xb1%2\xfd\xa7\xfa\xbf\x88\x05\x2220G\x87\
1wo#\x7f`?\x95\xa7\x0fQ\xdc\xb5K\x19\xc3\
r\xf9\x8a\xd3\xdck\x12\xdf'\xa8\xd5h\x1f\xfb\x88\xf9\
\xff\xf3?P\xfb\xfa\xb7\xd4\x90\xe1\xca\xa7{\x0ee\xdb\
C\xb6Z\x94>\xf79z~\xe37(>y\x90\xfc\
\xe6\xcd\xf7\xddk\xd2h4\x0f.\xda(\xdefd\x1c\
\x13\x07\x01am\x99\xce\xb9\x09:\xe7\xce\x11\x9c>\x83\
\xff\xc98\xe1\xd2<\xc1\xf2<r\xb9\x81\x5c\xae\x83e\
 \x9c4Lz\xbd\x9e\x9a\x94jh}6\xa2)H\
\x90A\x8292\x88\xb5q\x14wl#\xb9\xb1\xcd\xd8\
\x1bF\xb1F\x86pF\x86qGF\xb0{{U\x15\
\xe9}6\x807j4T?\xe6\xfb\x1f\xb0\xfc?\xfe\
\x9c\xe6\x0f\x7f\x84(\xe5\x11\xc5O\xb7}\xc8\x86\x87\xac\
\xb7\xa8\xfc\xfcW\xe8\xfb\xe7\xff\x94\xc2\x81\x03\xb8\x03\x03\
\xbai_\xa3\xd1\xdc6\xb4Q\xbcM\xc8DUF\xc6\
\x1d\x9f\xb0Q\xa739E\xfd\x9d\x9f\xd1|\xe7=\xc2\
\xf7\x8e\x11~\xf41F\xd9E\x94]\xa5!z3=\
\x86d\x054\xca\x13E&\xc8\x8ez8\x07\xf6\xe2\x1e\
:@\xe9\xd0!*\x87\x0f\x93\x1b\x1dU\x93(\xeeU\
\xae\xf0:\x09\xe6\xe7i\x1c?N\xf3\x9dwh~\xef\
{x\xef\xbd\x87\xc8\xe7\x10\xee\xa7\x8d\xb7\xac{$\xcb\
\x1e=\xbf\xfa\xcb\x0c\xfeo\xff\x92\xc2\xfe}X\xc5\xe2\
}\xff\x1a5\x1a\xcd\x83\x836\x8a\xb7J\x1a.\x0d\x17\
\x17\xf1.\x5c\xa0sn\x02\xff\x93q\x82\x89\x0b\x04\xf3\
\x97\x09\xe7fHf\x17H\x16\x97\xc1\xb1\x10\xae\xa9*\
A\xaf\xb7\x88&m\xab\x90Q\x94N\xa7H@\x0a\xec\
-\x1b\xd5\xa3\x7f\x08\xbb\x7f\x08g\x93\xfa\xbf;\xb6A\
\xe9\x80\x96\xcbw\xac\xa7\xf0v\xd2\xb9p\x81\xc5\xef}\
\x8f\xfa\xeb\xaf\x13\x9c<Ax\xfe\xbc*\xfa\xe9\xd2:\
\xcdFV\xc9X\x22#\xe8\xfd\x95_f\xf8_\xfe\x1e\
\xf9];\x95\xc6\xea\xf5z\xd9\x1a\x8dF\xf3\x19h\xa3\
x\x8b\xc8$A\xc61\xed\x89\x09\x96^\x7f\x9d\xc6\xeb\
o\xd1\xf9\xe9[\x84\x9f\x9c\xc5(\xda\x88\xbc\x85p]\
\x84s\x13\xdeLj\x0c\xd4\xf0^\x1f\xd9\x09H:\x09\
H\x93\xe2\xab/P\xf8\xdc\xf3\x14\x0f\x1c\xa0x\xe0\x09\
\xecj\x15\xbbX\xbc\xef\x8d\xe0Z\xda\xa7N1\xfd\xa7\
\x7fJ\xed\x87?@.-A\xab\xa9B\xc9\xdd\x86.\
\xdb\x18\xb8.2\x97\xa3\xff\x97\x7f\x99\xd1\xdf\xfdg\xe4\
\xb6n\xed>\x95F\xa3\xd1\xdc2\xda(\xde$a\xad\
F8?\x8f\x7f\xfe<\xc1\xd9\xb3t\xceO\xe0]\xbc\
\x88\x7fq\x92x\xf22\xc9\xd22\xd8\x86\x1a\xeek\x99\
*dz=\xc8\xb4\xd9>\x0a\x95P7\x02\x91\xcbc\
\x8d\x8eb\x0d\x8f\xe0\xf4\x0d\xe2\x0e\x0c\xe1\xec\xd8\x8a\xb3\
c\xab\x92_\x1b\x19\xc1\xcc\xe5\x94\xd7t#\xc5:\xf7\
\x10\x19\xc7$A@\xeb\x83\x0f\x99\xfd\xc3\xffL\xed\xfb\
?@\x10\x03\xf1\xa7+o\xa3\x18\x19E\x18\xa3\xa3\x98\
c\x1b\xe9\xfd\xd2\x17\x19\xfa{\xbf\x8a\xbbaC\xf7)\
5\x1a\x8d\xe6\x96\xd1F\xf1&\xf1\xce\x9f\xa7y\xea\x14\
\xcd\xd7^\xa3\xf5\xbd\xef\x12\x9c\xbf\xa0\xd2~\x86\x01v\
:H7[\xd7\xaf\xd7P\xa5E4\x04\x01\xb2\xe3\xa9\
\x90\xa9ab\xf6\x0f\x90{\xe1\x05\xf2\xcf>K\xf5\xc0\
\x01J\xfb\xf6c8\xb6\x1a\xcdd\x18`\x9a\xea\xa9\xae\
\xf7y\xee\x03\x92  l6i\xfe\xec\x1d\xe6\xff\xed\
\xbf\xa7\xf1\xfd\x1f\x22z\xf2\x88\x92\xbb\xf6P\xd5\x9f\xe8\
\x07\xd8\xfb\xf7\xe3<y\x90\x9e\x17_\xa4\xff\x95Wp\
\x06\x06\xd6\x1e\xaa\xd1h4\xb7\x846\x8a\xd7I\xdcj\
\x11\xb7Z\xf8\x93\x97\xf0/\x5c\xc4??Agb\x82\
\xe0\xecY\xfcO>&^\xae\xa5#\x8eL\xa5\xc4r\
=\x9ea\xd6J\x11\xc6j\x8a\xbdi@\xce\xc6\xacV\
U?a_?v\xb5\x07{h\x08{\xd7.\x9c\xed\
\xdb\xc9o\xdc\xa8\x9a\xd5\x85x\xa0siQ\xbdN\xe7\
\xf2e\x9ao\xbd\xcd\xd2\x7f\xf9SZo\xbe\x81\xa8\x14\
\xd7\xaf:mu\x90\xad\x0e\xb9\x17\x9e\xa7\xf0\xc5W\xa9\
\x1c:D\xf5\xe0\x93\xd8\xd5\x9e\xb5\x87j4\x1a\xcd-\
\xa1\x8d\xe2u\xe2\xcf\xcc\xe0\xcfLS\x7f\xeduj?\
\xfa\x11\xe1\xc5\x0b\xc8\xf9yd\x10\xa4M\xe6i\x9fa\
V@s=^\x9bL\x87\xf96\x03d\xdd\x83\x9c\x0d\
}e\x9c=;)\x1ey\x8e\xe2\xe3\x07(l\xd9\xac\
\xa4\xd82\xe95\xdb\xc6\xb0nrn\xe2}D0;\
K\xf3\xf4i\x9ao\xbdE\xe3[\xdf\xc4\xfb\xe0\x03D\
\xb1\x88\xc8\xafc\x14\x97\xdb$\xcbm\xca_\xfd\x0a\x95\
\xdf\xfcUJ\x8f?Na\xdb6\xacbq\xed\xa1\x1a\
\x8dFsKh\xa3x\x15d\xac\xf2X\xfe\xd4\x14\x9d\
\xa9)UMz\xee<\xed\x8fO\xd1>}\x82di\
II\x91\x09\x10\x8e\xa3<\xc3\xcf2T\xa9g(\x83\
\x18\x82\x08\x1c\x0b\x1c\x0b\xb3T\xc5*\xf7*\xefp\xc3\
\x10\xce\xf6\xad\xe4\xf6\xeeU\xfa\xa4\x83C\xd8\xd5\xaa\xf2\
\x0a?\xeb\xfc\x0f\x10\xde\xb9s,\xff\xf4\xa74\xdez\
\x93\xce\xbb\xef\x12\x9e\x9f@\xb8.\xac\xd3G\x99,\xb5\
I\x96Z\xf4\xfe\xe6\xaf\xd3\xf7\xbf\xfc\x0e\x85\xdd\xbbp\
\x07\x071\xdcO\x87Z5\x1a\x8d\xe6V\xd0Fq=\
\xa4D\x86!q\xab\xc5\xd2k\xaf\xb1\xf4\xd3\x9f\x12\x9d\
<Cx\xf2\x0cI\xec#\x8d\x08d\xa2\xac\x5cV\x14\
r=\x06+\xab\xa2lt\x90\x8d\x0eT\x0a\xd0[$\
\xf7\xd8c\x14\x0e\x1d\xa6\xb8g/\x85\xed\xdbp\x06\x07\
T\xa3\xbd\x9bC8\x0e\xc6\xf5\x18\xdc\x07\x8c\xe6\xb1c\
\xcc\xfe\xc5\x9f\xd3|\xe3M\xe2\xe9\xcb\xc8\xda\xb2\xdaX\
\xac\x13v\xce\x8c\xe2\xc0\xef\xfe6\xc3\xff\xe6_\xe3n\
\xd9\x8cY(<p\x95\xb6\x1a\x8d\xe6\xfeG\x1b\xc5.\
d\x14\x11\xd5\xebDK\xcb\x04\x97&\x09.\x5c\xa2q\
\xec\x03\x1a\xc7? \xb94M|q\x1a\xe1\x18\x88\x82\
\x03\x96\x91\x86L\xd7\x9e\xa5\x8b\xac\xa5\x22\x89\xd5\xc4\x0b\
\xd3T\x853\x85\x0aF\xb1\x8a5<\x80\xbda\x10w\
\xcf\x1er\x8f=F~\xcbV\xd5t\xff\x10\x87\x05e\
\xac\xde\x8b\xc6[?c\xe6?\xff\x11\xcd\xb7\xde\x82\xa0\
\x03q\xf4\xe9\x19\x91Yx9\x04B\x18\xf8\x9d\x7f\xcc\
\xc8\xbf\xfa=\x9c\xb1\x0dj\xc8\xf2C\xb6Q\xd0h4\
\xf7\x1em\x14\xbb\x88[-\xda\xe7\xce\xd1>u\x9a\xd6\
\x8f^\xa7\xfd\xe6\xdb\xc4a\x9b8hA\x18!\xc3\x08\
a\xa4C~\xc5u\xe4\x0d\xb3\xf6\x0a\xbf\xa3\x06\x04\xe7\
r\x88\x5c\x8e\xfcSO\x93{\xfa\x10\x85\xed\xdb)l\
\xdb\x8a\xd5\xd7\x87Y.c\x14\x0a\x98\xb9\xdcC\xed\x01\
%A@\xd4n\xd3\xf8\xf1k\xcc\xfe\x9f\x7f@\xeb\xed\
\xb7\x11\x05;\x155X\xf3~\xa6\xf3\x13\x8dJ\x15Q\
\xa92\xf0\xeb\xbf\xce\xd0?\xfe-\xec\xc1\xc1\xeb\x97\xc5\
\xd3h4\x9a\x1b\xe0\x91^Y\xb2\x09\x0d\xc1\xc2\x02\xed\
\x8f?\xa6\xf1\xce\xdb4\xde|\x93\xe6\x9bo\xd0z\xff\
(\xedS'\x09\xa7&\x91\xad\x16$\x91\x1a\xe9d\xa7\
Z\xa5k\x17\xf0\x0c\x996\xdb\x87!2\x08A&\x98\
}\xfd8\xbbvRx\xf2I\xca/<O\xe9\x85\xe7\
)?\x7f\x84\xd2\xe1C\x14\x9fx\x82\xfc\xf6\xed8\x83\
\x83X\x0f`\xf3\xfd\x8d\x92\xf8>\xe1\xe2\x22\xe1\xc2\x02\
I\xa3\x0e\x9d\x0e$iob7\x12\xe5aG\x11f\
O\x15w\xd7\x0e\xac\x91!\x95w\xd4\x06Q\xa3\xd1\xdc\
!\x1eiO1\xeet\x08\x1b\x0d\xbc\x89\x09\x9ao\xbd\
I\xfb\xd81\xe2\xc9I\xa2\x99\x19\xe2f\x8b\xa4\xd5\x06\
\xd3@\x98\xe2\xfa\xa5\xd9b5\x1d\x83P5\xdf\x8bB\
\x81\xdc\xa1C\xe4\x9ez\x8a\xe2\xb6\xed\x14\xb6m\xc3\xec\
\xeb\xc5\xec\xed\xc3,\x14Tn\xec\x11Z\xe4\xfd\x99\x19\
\xda\xe3\xe34~\xfaS\xea\x7f\xf95:\xa7O#J\
\x05DnM\xd1\x8c\x94H?\x00? \xff\xfcs\x14\
\x9e\x7f\x9e\xca3\xcfR}\xe6\x19\xccR\xe9\xcac5\
\x1a\x8d\xe66\xf1H\x1a\xc5\xc4\xf7\x89[-\x82\xb9y\
:\x17/\xd1>y\x92\xc6[o\xe0}t\x1cj\xcb\
\xd0jA>\xaf\xbc\x92\xeb!+\xa0\x89\x13\x10\x06\xc2\
\xb11\x5c\x17\xabX\xc0\x1a\x1c$\xff\xfc\x0b\xe4\x8f\x1c\
\xa1\xb8m\x1b\xc5G\x5c\x9a\xac}\xee\x1c\xf5\xf7\xde\xa3\
\xf9\xe6\x1b\xb4\x7f\xf4#\xc2\x0b\xe7\xd5{\xbd\xb6\xeaT\
Jd\xc7Gz\x1dJ_\xfa\x12\xa5/}\x89\xe2\xde\
\xbd\x14v\xed\xc4\xcc\xdd\xc2T\x0c!\x94\xea\x8f\x91n\
t\xba\xbf~\x95\x0a\xdf\xec\xeb\xe2z\x0b\xaa4\x1a\xcd\
\x03\xcb#i\x14\xfd\x99i\xdag\xcf\xd2>v\x82\xf6\
\xdbG\xf1\xcf\x9e%\xaa/\x92\xb4\xeb\xc80\x84\xac(\
\xe6zB\x99\x89\x84$A\x06\x11\x89\x17b\x94J\xd8\
\xbbw\xe0\xee\xdeIi\xcfn\x0a;v`\x8d\x8cb\
\x8d\x8c`\x97\xcb\x8f\xfc\xec\xbf\xc6\xb1c,|\xff{\
\xb4\xde~\x9b\xf0\xc4\x09\xe2\xf99%\x00nu\x09\x80\
s\xa5Q,\xbe\xfa*\xa5\xcf\x7f\x1ew\xf3&\xdc\xd1\
Q\x84\xfd\xe9\xb6\x8d\xeb\xc5\xb0,%\xae`Y\x08s\
\xb5XGX&\xc2vV\xc3\xd7\xd9\xd7\x85\xc0\xb0,\
\xf5sV\xaaT\xa4\xd1h\x1eZ\x1e\x09\xa3(\xe3\x18\
\x99$$\xad\x16q\xb3\x897~\x96\xc6\x87\x1f\xd2z\
\xe7(\xde\x9b\xef\x12M]Vc\x9drv*F}\
\x1d\xde@\xa2\x8ah\xc8\xbc\x0eL\x046\xd6\xf0\x08\xee\
\xb3OQ8\xfc\x14\xd5\x83\x07)\xee\xda\x850\xcdG\
*D\xba.i%i\xed\xcd7\x99\xf9\xf3?\xa7}\
\xf4(rnV\xe5k\xcd5\x02\xe0\xe9\xf1\xd2\x0f\x90\
\xbeO\xfe\xd0a\xf2\x87\x0fa\xf7\xf5aV*\xb7d\
\x98\x0c\xcbFXv:\x89\xc3\xee2\x8a6\x86\xeb\x5c\
a(I\xbdD\xd3\xb60m\x07\xe1\xaa\xc7\xea7\xbb\
\xdaq2Os\xcdC\xa4\x8f\x95\xef\xa7?\xb7rM\
\x085KS\xac\xf9\xbeF\xa3\xb97<\x12F1j\
\xb7\x89\x9aM\xda'O\xd2:\xfa\x1e\x9d3g\x08/\
\x5c \x9a\x99!ZXFv:\xe0\x98\xabz\xa5\xd7\
\xb1(\xc9N\x88l\xf9\xaa\xa2\xb4\xbf\x82\xb3y3\xf9\
\xbd\x8f\x91\xdf\xb9\x0bw\xfbV\xdc\xcd\x1bq\x06\x07\xb1\
{zt\xd8\xad\xab\x15\xa3\xf6\xdd\xef1\xf3\xef\xff\x90\
\xd6\xf1c\x08\x22\x10\xe9\xc6b\xbd\xf7'\x8e\x91Q\xac\
\xaas\xfb\xfa\x94\xe0\xb9m\xdf\x9a\xe8yb \x92.\
\xc3\x95\xf6\xd4\xach\xc8\xael\x88\xd2\xbf\x85\xfa\x9ea\
Y\x88\xf2\x1amV\xcbFZ\x96\xfa\x9d,\x0b\xe1\xaa\
\xeabr9\xc8\xb9\x18\xb9\x1cf.\x8f\xe9\xba\x18\xae\
\xab\x8e3M\x84ea\xe5\xf3Xi\xd8X\xb8.\x86\
\xe3\xac\x8c\xc1z\xe47P\x1a\xcd=\xe4\xa16\x8a2\
\x8aH\xc2\x10\x7fv\x16\xff\xf24\xf5\xd7_c\xf9\xbb\
\xdf%\x9c8\x07\xb5eDZ\x08\xc3\xf5\x0c\xa9\xcdt\
J\xa5\x84\x04d\x98 |\x89\xd1\xdf\x8b\xb9u\x03\xf9\
\xa7\x9e\xa4\xfa\xb9W)\xec\xdf\x8f\xdb\xdb\xfbP\xf7\x1a\
\xde\x0cI\x10\x90x\x1e\xcb_\xff63\xff\xfb\xff\x81\
w\xf2$\xa2\xaf\x80\xc8\x7fv(Tv|\xa4\xefC\
\x1c+\xd1\x84[\xb9d\x03\x90\xc1\xda/~6\xc24\
\x10\xd5\x02\xa2\xb2*C'\x1d\x07\xe9\xb8J`\xc1q\
\x10\x85\x22F\xa9\x08\x85\x22\x14\x0a\x18\xc5\x22v\xa9\x84\
U((\x99>\xd7E\xd8\x16\x86\xe3\xe0\x94\xca\xd8\xc5\
\x12\x22\x9fG\xa4\x06\xd2\xcc\xe5T\x1873\xce\x99t\
`\xeaM*\xa3\x9dF2\x84\xf2.W\xbc\xd4\xae\xe3\
\xb4\xd7\xa9\xd1\xdc<\x0f\xb5Q\xf4\xa7\xa7\xf1/_\xa6\
u\xf4CZo\xbf\x87\x7f\xfe\x1c\xc1\xf4%\x92f\x03\
\x82\x00\x90*\x8cv=;\xf38F\xc6*w(\xfd\
\x18{\xe3&\xdc\xdd\xbb\xc9\xed\xdeAn\xe7vr\xdb\
\xb6\xe2n\xde\x8c=0\xa0\xc68]\x8f\xa1}\x84\x08\
k5\x82\xf9yj\xdf\xfe\x0e\x0b\x7f\xf0G\xf8g\xce\
\x5c\xb7Q$R^\xe6-\x1bD\xd4d*\xe2\xb5_\
\xbc\x0e\x84\x007\x15{\xcf0Mdf\xa8R\x0f0\
\xcb\x8f\xca\xf4\xff\x86\xa5\xb4j\x85i\xa4\xe2\x0d\x02a\
\x98\x98\x86\x83a(\xcf\x97\xee\x9c\xa5-\x10\xb6\x00\xdb\
V\xa1Z\xdb\x01\xc7A\x14\x8b\x98\xd5\x1e\x8cr)5\
\xb0\xa9\xda\x91\xe3`\xd86\xa6\xe3\xa8\xa8\x85\xebb\xe5\
r\x98\xae\xbb\x9a\x03\xd5\x86Q\xa3\xb9n\x1e>\xa3(\
\xd5\x94z\x19E4O\x9c\xa4y\xe2\x04\x8d\xef\xfe\x80\
\xc6\xb7\xff\x0e\x19z\x18\x95<\xc21\x95!\xbc\x9e\xc5\
B\xa6\xe3\x9c\xd2a\xc2\xf8\x09\xb2\x93\x90\x7f\xeeYJ\
\xbf\xf4eJ\x87\x9e\xa6\xbcg\x0fNo\xef\xda\x9f\xd4\
t\xd1\x99\xbeLkb\x82\xc6w\x7f@\xfd\xbf\xfd\x05\
\xc1\x85\xf3\x88\xde\xeb4\x8a\xf7\x0bI\x1a)XK\x9a\
/\xcd\xfe\x9d\x85\x8aI\x92\x95B,\x92\xd4\xa8\x93F\
\x1d|\x94R\xcf\x1a\x84\x0d\xb8 \xf29\x15\xc5\xc8\xe7\
\x91\xf9\x02f_\x9f\x9a\xa990\x80Y\xadb\x96+\
\x18\xf9<f\xeaeZ\x85<F\xa9\x8cQ*c\x97\
J8\xa5\x92\xca\x91\xda\xcej_m\xb7G\xd9\x1d\xb2\
\x16\x22\xfd\xe7\x95_C\x88U\xc1\xa6\xeb\xb9W4\x9a\
\x87\x80\x87\xc7(\xa6\x8bQ\xe2\xfb\xb4N\x9d\xa4u\xf2\
\x14\xfe\xe9O\xf0O\x9d!\xb8x\x81\xe0\xd2%\xa4\x8c\
1\x5c+-\xec\xf8\x8c\x9b<\x91 \x13d'Bv\
B\x8c\xe1\x01\x8c\xe1\x01\xf2\x1b\xb7\x90\xdf\xbc\x8d\xdc\xae\
\x9d8\xfbv\xe3n\x18\xc5\xe9\xef\xc7\xcc\xdfB\x9b\xc0\
#@\xf3\xe3\x8f\xa9\x1d}\x8f\xd6O_\xa7\xfd\xc3\x9f\
\x10\xcfLC1\x87p\xd6T\x9d\xde,\xd9\xe6\xe5\x8e\
\xb2\xe69Dj,VB\xeb\xd9\xdf\x12\x99^?+\
R\x7f\x99AL\x0f\xb9\xaa\xc7j\xa6\x0fKy\x9aX\
\xca\x93\x14\xb9\x1cF\xb1\x88\xc8\xe71\xec4\xb7\x9a\x1e\
cX\x16\x86m!\x0c\x17a:\x98\x8e\xcaQ\xaa\x0a\
j\x03\x91\xb3\x11y\x07Q\xc8C\xa1\x88QTa^\
#\x97\xc7plu\xac\x9b\xc3\xc8\xb9\x18\xb6\xb3\xe2u\
\x1a\xae\x8b0M\x0c3\x0d\xe9j\xafS\xf3\x08\xf0P\
\x19\xc5$\x08\x88\x1b\x0df\xbf\xfe\xd7\xcc}\xfd\xeb$\
\x9f\x9c'\xfex\x02Qt0z\x8bJ\xaf\xf4zH\
=C\xa2\x98\xa4\xdeA\xd6<\xac\x83\xfb\xb1\x0f\xee\xa7\
\xf7\xd5\xcf1\xf0\x85/b\xf7\xf7c8\xce\xf5\x85^\
5\xd4\xdey\x87\xf9\xef\xfd\x1d\xde{\xef\x11\x9e<I\
R\xab]\xff\xdc\xc9\xcf\x223\x88w\xfbR\x16]\xa3\
\xc2n7R\xf5\xbe\xaex\xa1I\x82L\x94\xec\x9d\x8c\
b\x95_]\xe3}\xca@y\xa0+\xa7H\x1fF9\
\x87\xd1[\xc4\x18\xe8E\x0c\x0cb\x0c\x0eb\x0f\x0eb\
\xf5\xf4`\x16\x0aX\xa5\x12F\xb5\x8aY.c\x17\x8b\
X\xa5\x12f\xa5\x82Y\xa9b:\x0e\x96\xad\x06Z\x1b\
\x8e\xa3\x8d\xa2\xe6\xa1\xe7\x817\x8aI\x18\x12\xd5\xeb\x04\
\x0b\xf3\xf8'O\xd29yJy\x8a\xa7N!\x97\xea\
\xc8\xa5\xba\xaa,\xcd\xa7a\xa4k\x91$\xaaO1\x91\
\x90\xcf!\x0a%rc\x9bq\xc76\xe3l\xdf\x82\xbd\
c+\x85\x1d;(\xec\xd8\xb1:\xa5A/\x12\xd7\xc5\
\xd2\xf7\xbe\xc7\xec\x7f\xffox\x1f}D2;\x8b\xf4\
\xbc\xd5\x10^\xe6QE@\x97CuUL\x01\x96X\
\x15c\xef\xfe\x0c\xbaC~\xd9\xf7\xd6|\xff\x86\xe9\x0a\
\x8d\x22%+\xb7L\x96\xe3\xcc\xbc\xbe\xab\xddI\x02\xb0\
\xd6\x88*\x8a\xd5B\x9a\xd5\x8a\xd7\xae\xafw\xb3\x12\x9e\
\xcd<\xd04$\xbb\xd6\x03\x8dAF\xdd?\xa8~%\
\xe1X\x18y[\x89$\x14\x0a\x88\xac\xf0'\x97K\xfb\
6\x1d\x15ju\x1c\x0c\xd3\xc14W=\xc7\x15O\xb1\
\x98G\x94U\xf1\x90(\x161\xf2y\x84\xeb`\xe4T\
\x08\xd7\xc8\xe5\x94h\x85\x93V\xdd\xa69M\xc3T\xa9\
\x8a[i\xa3\xd1h\xee&\x0f\xbcQ\x8c=\x8f\xf6\xa5\
\x8b\xb4O\x9f\xa6\xfe\x8do\xd0\xf8\xbb\xbfS\xbb\xe9$\
Q\xc5\x0f7\xd0fA\x1c#\xdbmd\x14#\x06\xfa\
1FF\xe9\xf9\xf2\x97\xe9\xf9\xd2\x97q\x87\x06q\x07\
\x870\xd2\xf2\xfb\xeb:\x9ff\x85\x85\xbf\xf8\x0b\xa6\xff\
\xed\xbf\xa5\xf3\xc9\xc7*\xdf\x16'jAO\xd4\x14\x11\
%\x8f\xa7\xa6a|&\x8e\x81\xc8\x99\xca8\xd2\xe5\xb1\
uW]\xa6__\xe9\x05\xec\xfa\xda\x0d\x7fv\x991\
L\x92\x15c$\xa5\x84(R\x8fP\x22\xfdk\x18E\
\x13\x84\x93\x1aF\xba\x0c\x9f\x91^\x9fV\x97\xc1\xc8\x0c\
\xc8\xda\xdf\xf3z\xaf\xe1\xab\xfd\x0e\xdd\x86=\xf3:e\
\xb77\x9a\xbe\xb6@@\x98n8\xd2\xe7\x13\x08\xe8+\
\x22\xfa+\x18C\x83\x98C\xc3\x98\xbd=\x98\x95\x0aV\
O/N\x7f\x1fV\xb5\x07\xb3T\xc4,W\xb0{{\
\xb0R/\xd3\xcc*su\xe1\x99\xe6\x01\xe1\x815\x8a\
q\xab\x85?3\x8d\x7f\xfe\x22\xed\xe3'\xf0N\x9c\xa0\
s\xea\x04\xfe\xd9OV\x16I\x95S\xb9\xc6\x0e5\xdb\
\x81G\x092\x8c\x11\xb6\x83=6\x82=\xb6\x01g\xd3\
f\x9c-[\xc8?\xb6\x9f\xc2\xfe\xfdX\xc5\x12v\xa9\
t}\x0b\x93f\x85,\xe4\xb7\xf4\x9d\xbfe\xe6\xbf\xfe\
W\x82K\x97T/\x9ee\xa9&zK}F\xc2\xb4\
\x10\xc2\xc20\xd2\xe6\xfa\xb5\x0a7\xb0\x92\xd72r\x0e\
F\xc1A\x98]m\x07\xd9\x22.\x84Z\xc43\x0c\x91\
Z\x94\x94\xeb5.\x192\xfdC\xaa\xebEf\xd7\x8c\
\x94\x10G*\x8f\xdd\x89\x90~D\xb2R%\xdb\xe5I\
\xc612\x89Hd\x84\x94\x112IT\x15s:\x01\
D\xc6\xca\xb0\xca\xf4\xdc\xd2\xf7\x91\x9d\x8e\x12\x94\x8f\x22\
\xa5\x9f\x9b\x86\xf2e\x90n&\xd6\x92\xe5!3R\x9d\
^\xd1\xad\xd7\xdb}\x97\xcbDy\x9c+\xdef\x97\xf7\
\xb9\x8e\xb7\x09 \x0a\xae\xca\x01\x97\x8b\x18%U\xe4#\
\xd2^L\xabP\xc0ts\x08\xcbE\xb8\xea\xffF.\
\xbf\xaa\x04T\xcca\x14r\x88R\x11Q,\xa9\x9cf\
\xa1\x80Y\xc8\xabb\xa1\x5c\x0e\xc3\xcd\xadT\xd2j\xaf\
Rs/y`\x8db0;C\xfd\xdd\xf7h\xbc\xfd\
\x0e\xdeO\xdf\xa2\xf3\xe1\x09p\x00;]\xf4\xb2\xc5\xe0\
Z\x0b`\x92N\xb4\xf0#\x92\xa6\x8fY\xe9\xa1\xf4\xe5\
W)\xbd\xf2\x82\xd2\xd9\xdc\xb9S\x85\x85r.\xc2\xd0\
\xaa47\x83\x0cCd\x18\xb2\xfc\xe6\x9b\xcc\xff\xed\xdf\
\x10..b\xba\xae\x0a\xb9\x15\x8b\x18\x85\xb4x$\x9f\
_\x11H7\x0b\xaa\x08d-\xaa(\xc4\xc5*\xe4\xb1\
JE\x15\x9a\xcb\x10+\x7f|6\xd7y\xd8\x0aW\xb9\
C\xb2*\xd3\xd8\xeb\x10y\x9e\xea\xc5\x0cB\xb5\x11\x00\
e4\x03\x9f\xa4\xd3!\xf2\xda\xc4\xbe\x8f\x0cU\xefl\
\xe2y$\x9e\x87l\xb5\x90\xad&I\x92\x90\xc41\xf1\
\xe2\x22\xf1\xc2\x02I\xb3\x89\xf4\xda\x10\x84\x88(B\xb6\
}d\xbd\x83\xf4\xd7\xb8\xd2\x22\xf5B\xbb\x1d1\xcb\x02\
S\xb5c\x5c\xe1u\x8a\xb4\xdf1{\xfd\x99\xc1\xefF\
Ei?M\xd7\xa6c\x85\xae\x10\xae\x88A\x86\x02\x91\
d\xbd\x92\x99Z\x8f\xc0\xe8) z\x0a\x18#\xa3\x98\
\xc3#X\xc3\xc3\xd8CC\xd8\x03\x03\xd8\x03\xfd\xd8\xbd\
\xbd\xd8\xd5\x1e\xac4\xa7i\xac\xd5\xc1\xd5h\xee\x22\x0f\
\x9cQ\x0c\x97\x97\xe9\x5c\xba\x84w\xfacZ\xef\x1e\xc5\
;v\x9c`\xfc\x1c\xd1\xe5iD\xc1Q\xb9\xc3\xcf\xf2\
\x06\xd2]\xb7Hs%f\xa5\x8a\xdd;\x88\xb3y\x0b\
\x85g\x0fQ8x\x80\xdc\x86\x0d\xb8##k\x7fR\
s\x83\xc8X\x8d\x7f\xf2\xce\x9d\xa3q\xe2#\x92V\x1b\
\xc3N%\xd5r\xaa\xa1\x1dW5\xc0+\x8fA\xa9\xbf\
\xac\xb70f}\x80fz\xec\xbd\xde\xa4d\xe1\xd4$\
\x0c\x89\x83@\x89E\xa4\xde\xdd\xca\xf7\xc3\x10\x19\x06\xc4\
\xbeO\x1c\x84+\x86T\xfa>I\x10 ;\x1et:\
$iH3i4I\xeau\x92\x8e\xa7\x04\x0b\xa2\x08\
\x11\xc7\xd0\x09I\x9a\x1d%}\x17+\x03*\xc3@y\
\x9a\x86D\x1a\x092\x0a!\x8c\x88\xd3\xdfC\x86Q\xfa\
5\xb51\x91~\x80\xec\x04\x10\xc5W\xee\x0bD\x9a\xef\
4T\xf8\x16\x91z\x99\xdd\x1e8\x99\xc1\x5cS\xf8\x93\
\x86\xbe\x89\x13\xe5a\xae\xad\xa8\x15\x02Qt\xd4\xbd\xd9\
\xd3\x8b\xd1\xd3\x9b\x16\xf1T0Ke\xacB\x19\xb3X\
\xc4*\x161\x0by\xccbNy\xa1\xd9\xa3X\xc0\xc8\
\x17Te\xac\xab\xae\x0f\xb3K\x01H\xe7+5\xb7\x9b\
\x07\xce(\xb6\xce\x9ca\xe1\xfb\xdf\xa7\xf9\xd6\xdb\x84\xc7\
N\x11_\x9cT\xbbd+\x0d\x95e!\xb5k \xdb\
\x01\xb2\xee!\x0a\x05\xac\xcd#\xe4\xf6\xef\xa3\xfc\xc2\x8b\
\x14\x9f<\x883<\xb8RY\xba\xde\xc2\xac\xb9A\xd2\
E4\xeet\x88\xdbmd\x1c\xa7S*R9\xb3l\
\x11N\xff\x9d\xe5\x00\xd75xYx4Um\xb9\xe6\
\xc6\xe7n\x91\x85T\x93d5\xb4\xda\xf5\xbd\xec\xfb+\
9\xbc\xee\x10\xec\x8aaY\x15%\xc86\x11\xeak\xd9\
\xcf(u&\xd9\x09T\x85u\x18\x12\xfb>I\xb3I\
\xd2n\x91$1I\x1c\x91\xb4\xda$\xed\x16a\xadN\
X\xaf\x13\xd5j\xc4\xb5e\x92F\x03\xd9l\x92,,\
\x93\xcc.A\xbbs\x85Q\x14\x824\xca\x22\xc0T\x15\
\xc1+^f\x96\x93]y\xbf\xd7\xbe>\xd4\xd72\x0f\
s\xedj\x22\xba\xbc\xcc\xec\x9c\xd91\xb1@DY\x98\
\xd7@8&\xc250\xca\x05\xc4\xa0\xaa\x92\xb5FF\
\xb0\x86\x86\xb0z{\xb1zzq{zpzz\xb0\
*\x15\xacJe5_y?\x5c\x0b\x9a\x87\x82\x07\xc6\
(\x86K\x8b\xf8SS4?\xfc\x90\xe5\x1f\xfd\x98\xf6\
\x87\xc7\x91S3\xc8z\x03Qr\xaf\xdd\x04\x9e-8\
Q\x02a\x8c\xe1\xe61\xcb=\xd8c\x1bpwo#\
\xbf\x7f\x1f\xc5\xa7\x9e\x22\xb7s'fZ9\xa7\xd1\xdc\
O\xc8$Y\x11\xa5H\xa2(\x95\xcdk\x93t:$\
q\xac<G\xafC\xe2yD\xcd&Q\xb3I\xdcl\
\x107\x1a\xc8V\x1b\xd9n\x93\xd4\x1a\xc8\x85:\xb2\xed\
!\xa3,\x9f\x19#\x93\x90$\x09H\x92\x90$\x8eT\
\xcbG\x98z\x98\x9d\x0e\x89\xef\xa7\x05Q]^\xe5\x8a\
\xa1\xa4K\x10 \x0d\xcd\xae5P\x99\xf1L\x0b\xabd\
\x1c\xab\xe7\x0d\x13\x08\xd2b+\xb2\xfeL\x95\xbf\x14=\
=\xca\xab\xec\xeb\xc3\xec\xe9\xc5,\x970Ke\xec\xa2\
zX\xc5\x22f\xa9\x98\xe65\x1dH\xd5|D.\x87\
\x99\xcf)\x1d\xda\xac\xc8\xa7K\xf9G+Mi>\x8b\
\x07\xc6(6?:\xce\xe2\x0f~@\xeb\xdd\xf7\xf0O\
\x9f&\x9e\x99Io&\xa9\x0a.\xae\xe5!f\xe3\x9d\
\xbc\x90\xa4\xe9\xe3\xec\xd8N\xf1\x85#\x14\x0e>Aq\
\xdf\x1e\xdcM\x9b\xb0\xaaUUn\x9e\xc9vi4\xf7\
\x13\xdd^g\xe6e\xc6\xaa_Q\x92~/-\xdeI\
Ro3{\xac\x14\xf4\x841\x04\xca\xcb\x8c=\x8f\xd8\
\xf3\x94!m\xb7\x08\xea5\x82F\x8d\xb8V#\xaa\xd5\
H\x16\x17\x91\x8b\x8b\xc4s\xf3\xc4ss\xc8N\xa4\x0c\
\x98\x99\xe6/\xd3\xc1\xdb\xc2P\x02\x01j\x18\xb7\x09\xc6\
U\xaa\xbd3\x8f2{-I\xf6:V7\xad\xa4v\
U\xe9\xbc\xaez\xac+z\xaeB \xa4\x85H\xacT\
#\xd6\xc2(\xb9jS\xdc\xdb\x83\xe8\xef\xc7\xea\x1f\xc0\
\x1e\x1cP\x22\xf2==\x98\xd5*V\xa5\x82]\xa9\xe2\
T\xabZ\x93X\xf3\x99\xdc\xf7F1\x5c^&\x9c\x9f\
\xa3\xfe\xb3\xb7Y\xfa\xeew\xf0N\x9cD.,\x80\xdf\
A8\xeb\xcc\xe1\xeb&\x0dM\xc94<c\xe6J\x98\
\x85\x0a\xb9\x03\x8fSz\xe5y\x8a\x8f?F~\xebV\
l-\xd1\xa6y\x84H\xc2P\x85\xb3;\x1d\xe5\x09\xb6\
\xdb\x04\xf5:a\xadFTW\x861YZB.-\
\x11\xcf\xcf\x13\xcf/\x90\xb4|\xa4\x17 \xe3\x10I\x88\
LTn\xf4J\x03\x1c\x22C\xe5}^Q%kt\
\x85P\xd7J\xcdAj\x0dW\x0f\xcf\x8cf\xb7\xe1W\
\x86=V-;]\xb5F\x22o#\x0a6\xa2Z\x81\
\xde^\xac\xbe>\xec\xfe~%\x85W\xa9`\x96\xcbX\
\xc5\x0aV\xa9\x82]Q\xf3LE\xde\xc5\xc8\xa7\x05t\
nN\xa9\x03\xa5\x8f\xcc\x9b\x14\x96\xa57\xc7\x8f(\xf7\
\xbdQl\x1c;\xc6\xf2\xeb\xaf\xd3z\xef=:\x1f~\
H<7\xa7\xaa\xdd@\xedP\xd7\xeeH\xbb\x90A\x00\
~\x08\xf9\x1c\x14\x8b\xe4\x1f?@\xe9\x99\xe7(\xec\xdb\
K~\xfbV\x9c\xc1AL]\xed\xa6y\xc4Pm!\
\xab\xfa\xac\xd94\x99$+\xc8\x09\x03U\x94\x13\xa8y\
\x96\xd2\xf7\x89[\x1eq\xabM\xd4\xac\x137\xea\xc4\xcd\
\x86\x0a\xd3\xd6\xea\x84\xcbKDK\x8b\xcax.-A\
\xad\x0d\xcdTZG(\xcfR\xd8J@\x1d#m\xc1\
\xe9\xca'#\xd6Q\x06\xea\x0a\xb9\xae\xe4`W<\xcb\
\xd5\xc3\x84\x91V\xd4\xda\x96\x12Q\xcf\x84\xd5-SU\
\x8c\x0b5\xe7\xd40T\x0b\x90Y\xc8cn\x18\xc2\xdc\
0\x8858\x8850\xa0\xd4|R=Y\xab\x5c\xc6\
\xaeT\xb0\xcbe\x1dj}D\xb9o\x8db\xd4l\x12\
\xd6\xeb\xd4^\x7f\x8d\xc5o\x7f\x1b\xff\xd4)\x92\xe9\x19\
\x08|\x84\xe3\x5c\xd9\xf0\xbc\x96(Q\x0d\xf8i\x0f\x9c\
5:\x8256F\xe9\x99g\xa9\xbc\xf2\x0a\xb9\xcd\x9b\
q\xaaUm\x0c5\x9a\xeb$\xf6<\x22\xcf#\xaa\xd7\
\x88\x96k\xc4\xf5\x1aq\xa3A\xb8\xbcL\xb0\xb0@4\
?O<7K2\xb7@\xb2\xd8@\xd6Z\xab\xe1]\
3A\x9a12I\x15y\x92.\xef/I+W3\
\x11\x01R\xc7Q\xa4\x85s+\x1ee\xeaM\xae\xdd\x04\
g\xc63-VZ\x91\xc2\x8bc\x88#\x88\xa4\xf2,\
\xb3\xaaX\xc7\xc6\x1a\x1b\xc2\x1c\x1bVFqp\x10\xb3\
Z\xc5\xa8V\xb1\xcaU\xacr\x05\xbb\xa7\x07\xa7\xb7\x8a\
Q\xc8#\xec4'\x99\x8a\xab\xaf\xcc\xceL'\x90\xe8\
t\xcb\xc3\xc7}k\x14\x1b\xa7OQ;~\x9c\xf6[\
o\xe1\xbd\xfe\x1a\xf1\xec\x1c2\x8eR\x0f\xf1\x1a\xf2j\
R\x22\x9b>\xb2\xe9cn\xde\x80\xb1e\x03\xe5C\x87\
\xa8<\xfb,\xb9-[\xb1GG\x95\xd6\xa3n\x12\xd6\
h\xae\x1b\x19\xc7\xaa\xcd#P\x15\xb02\x08HR\x8f\
2N\x05\x07\x12\xcf#i\xb7\x89\xebM\xe2zS\x15\
\x02\xb5\xdb\xc4\xa1O\x1cv\x94WY\xab#k\xcb$\
\xcb\xcb\xc8z]\xb5\x9f\xb4:H/\x800\x0d\xb9\x1a\
\xa9wi\x89\xd5\x9eKcu\x8e\xe4\xba^e\xf6\xf7\
Z\x81\x85\xac@([\xe5\x0cC\x85N\x0b\xaa\x10g\
\xd5\xc8\x99\x08\xe1`\x08\x07\xa3\x94\xc3\xac\x140z\xaa\
\x88\xde>\xcc\x81~\x9c\xc1!\xac\xfe\xbe\x95\x1c\xa5Y\
J\x8b}ta\xdeC\xc7}g\x14\x93\xf4f[\xfc\
\xc9O\x99\xfb\xde\xf7\x09\x8e}Hr\xfa\x94\xca!\xe6\
\xf3W\xcf!f\xbb\xc5XB$ \x168\x07\x1f\xc3\
y\xea1z_|\x91\xde\x97^\xc6\xaaT\xd6\xfe\x94\
\xe6\x11%k\x85\xc8\x16\xd0\xacxee\x81]\x8fk\
\x8cXZo\x93\x96\xe5\xce\xee\x9b\xf6\x91\xbb\x80\x8cc\
\xa2v\x9b\xa8\xdd&i6\x89\x9bM\x22\xafM\xe4y\
\x84\xf3\x0b\x84\x0b\x0b\xc4ss$ss$\x8b\x0b$\
\x8bK$\xf5&I\xa3\x83\xec\xa8>Nd\x8c4c\
0%\x08#\x8d\xa2\xa6\xad+I\x82\x8c\xd5g\x94}\
\x14\xab\x8f\xae\xcf\xa4\xfb\xef\xb5d\xdei\xd6\xfe\x12\xab\
b$\x82\xd4\xabt,\x95\xa7\xec\xad\x22\x86\x86\xb0\x86\
\x87q7l\xc0\x1e\x1a\xc2\xea\xed\xc3\xeaI\xc5\x06\xaa\
U\xacR\x11\xabT@X\xb6\x0a\xdff9\xc9\xee\xb6\
\x16\xd3|\xa4\xae\x81\x07\x9d\xfb\xce(vff\xe8\xcc\
LS\xfb\xdb\xef\xb1\xfc\x8do\x13\xcd\x5c\x06\xbf\x05$\
J\xfa\xebj\xa1\x8aD\x22[>\x04\x09\xf6\xee\x9d\xd8\
\xbbvRz\xfa \xa5\xa7\x0f\x92\xdb\xb4\x09w\xc3\x06\
\x1d.\xd5\xac\x10\xfb\xbe*4\xe9jq\x90~G-\
\xca\xeb\x220L\xd5G\x99\xa9\x1b\xc9\xac22\x0b\xa7\
\xadY\xf4\x84i\xaaV\x80\xach\xe3\x11X\x14\xa5\x94\
\xc80L\xc5\x03T~2\xc9\xdec\xafC\xd2\xe9 \
=\x0f\xe9\xb5\x95\x9c]\xc7Gz>I\xc7'n\xb5\
\x89\x1b\x0d\xa2V\x93\xb8\xd3&\xf6Z\xc4\xcd\xa6\xfa\xda\
\xd2\x12\xd1\xd2\x12r\xa9\x89\x5cn@f\x14-\x10V\
Z_\x90V\xc2\xae\xe4+\xaf\xf6\x9ewy\x912\xd3\
\xdf\x95\x89\xf2(c\x15\xb6\x15\x96\x01\xaej\xf50r\
\xb9t\xcc\x96\xab\x06C[.\x86\xeb(\xe1\xf3j\x11\
\xb3\xa7\x84\xe8\xef\xc7\x18\x18\xc0\xe9\xef\xc7\xee\x1f\xc0*\
\x97\xd5\xb4\x91\xf4oa\xdb\x8f\xcc5\xf0\xa0s\xdf\x18\
\xc5l\xa7\xde8\xfe\x11\xf5\xe3\xc7h}\xf7\x07\xb4\xbe\
\xfdw$\x91\x8fQ\xcd\x83}\x95P\xa7L/\xf2(\
\x01?A`\x91\xff\xe2+\x14\xbe\xf02\x95'\x9e\xa0\
\xf2\xc4\x13:a\xaeY!+*\x89Z-\xa2FC\
Ua\x06\x01\x89\xe7\x11\xb7[jJJ\xd7\xf5H\xa2\
tG\x91\x12\xc341R\xf94\xc3\xb4\x90\x96\x894\
M\x0c\xdb\xc1p>\xdd@n\xd86V:\xb3p\xb5\
\x11>]\xcc\xd76\xc5\xa7\xa1\xc1\x15\x8f\xc20T\x11\
\x89X#r\x90}\xef!\xf2<d\x1c#\xc3\x90\xa8\
\xd1 \x5cZ$\x5cZJ\x0bx\x96\x89\xe6\xe7\x09\xe7\
\xe6\x08.O\x11L]&\x99^@N/\xa4\x9f\x8d\
\x043\x01+A\x1a\xa4\xfd\x1c\xd9\x1b\x9c\x19\xbf\xae'\
\xca<J\xba\xbd\xc8\xae\xe33\xae\x08\xbd\xa69\xca0\
B\x861t\xd2\xfeJ@\x98\x06\xa2Z@\xf4\x161\
\xc7\xc60\xc66\x92\xdb0\x86;6\x86\xd3\xd7\x87\xd3\
\xdb\x87\xd5\xdb\x8b\xdd\xdb\x8bQ( \x9c\xaePm\xb7\
\x0c\x9f\xd9%\x8b\xa7\xb9\xe7\xdc\x1fFQJ\xb5s\xf7\
}\x96\xbe\xfe-\x16\xff\xfa\x9b\x84\xe7'\x88\xa6\xa6\x90\
\xc4\x88\x9c\xfd\xe9<BF\x9c \xdb\x01\x02\x13g\xfb\
6\x9c\x9d;(=\x7f\x84\xd2\xf3Gp\x86\x86p\x87\
\x86t\x22\x5c\xb3Bgz\x9a\xce\xf4\xb4R{I\xe5\
\xd4\x12\xdf'\xf1\x03\xe2\xc0W\xad\x05q\xac*/\xdb\
m\x92F\x13\xb9XG6Z\xa9\x92\xce\xaa\xd8\xb6\xcc\
\x8cVVl\xb1fl\x95\xc8\xbc\xc8,\x07n\x08\x84\
\xad\x94[p\x1cH\xc75\x09\xc7]i\x0fX\x91\xb9\
\xcb\xe7\x94>l>\x8f\x91\x09l\xa7^\x8b\xe9\xba\x98\
\x8e\xb3\xda\xc7\xf7\xa0\x93I\xdc\x05\x01I\xda*\x92\xf8\
J3v%O\x99\x86biy\xc8\xa6\xa7B\xb4\xad\
\x16q\xa7E\xd2i+\xef\xb2\xa5<\xcb\xa4\xd9$Y\
\xaa#\xe7\x97\x90\xad\xb6z\x0e\x91z\x94VZ\xad\xba\
\xe2U\xae~6W\x90\x19T\xa9\xbcHU\xc0#U\
\xe1N&6 \x04\xb8\xa62v\xe9H-\xb3X\xc4\
*\x141\xec\x9c\x1a\xc3\xe5\xe60\xf29\x8cj\x19\xd1\
\xdf\x83\xd9\xdf\x8b\xd5\xdf\x8f\xdd\xd7\x8f\xdd\xa7Tz\xac\
\xb2\x92\xba\xd3\x9e\xe4\xfd\xc1}a\x14e\x92\xa8*\xb6\
\xa5%\xe6\xff\xaf?d\xee\xff\xfc\x8f`I%$|\
\xad\xc1\xc0RB\x98 \x1b>\x86\x9d\xa7\xf8\x95W)\
}\xf1\x15\xcaO>I\xf9\x89'\xd7\x1e\xad\xd1\xd08\
}\x9a\xc6\xe9\xd3\xc4K\x8b$\xb5\x9a\x0a\xe9\xf9i\x18\
5+&\x09#U$\xb2\xb4D2\xbfH|q\x9a\
dfq\xf5$\x12\xd50\xbf\xf2\xff\xcc#\x91\x88\xae\
\x7f\xcb\x95\xa2\x0f\x902Q\x82/n:\xf6\xaaP\x84\
bAy\x10\xc5\x22F\xa9\x8cQ*a\x96J\x98\xa5\
\xa2\x0a\xbfU\xab\xea\xd1\xa3\xc64\x19\xa5\x0af\xb9\x84\
S*a\x15\xd5qF\xfe\xd3\xc2\xe9\x8f\x02\xfe\xe2\x22\
\xfe\xd2\xd2\x8ag\x19\xce\xcd\x11\xcc\xce\x11\xce\xce\x12\xcd\
\xce\x12_\x98$9{\x81d~Y}>\x86\x04[\
*\xe1\x01#\xf5\xda\xbb63W\x18\xa3+v6\x9f\
a\xa4\xd2\xaa\xd9L$\x81lR\x8a\x1f#;\xabj\
=\xa2\xbf\x07c\xd30\xf6\xe61\xdc-[p7o\
N\xd3:c8CC8\xbd}\x08[\x85\xe1U\x94\
`Mt\xe0\xb3~\x0f\xcdm\xe3\xbe0\x8aI\x10P\
{\xeb-jo\xbd\x85\xf7\xc6[\xb4_{S\xcd\xa0\
+\xb8\x9f\xde\xc1e$\x092\x08\x10\x96\x8d54\x8a\
\xbbe\x1b\xe5\xcf\xbdL\xf9\xc5\xe7p\x87Gp\x86\x87\
\xd7\xfe\x84FC\xb0\xb0\x80??O\xe2y\xe0\xfb\xaa\
\xe1<R\xad\x01re\xa4\x92\x0a\xe7\xc9N\x87\xa4\xe5\
!\xebMd\xd3K\xcf U\xb85\x08V\x8c_\xe2\
\xab~\xbe\xacH,\xc9\xaa1S\xaf'N\x8bNd\
\xbb\x05\xbe\x07\xa1\xaf4\xcd\x0c5VI\x14S\x892\
\xd7\xc5H\xc7f\xad\x0c\xecu\x1d\xe59\xda\x0e\x98.\
\x86\xa5$\xcb\x9c\xd1\x11*\x9f\x7f\x85\xe2\xd3\x07\x1fI\
\x0f#k\x11I:\x1d\xa5\xce\xd3n\x93\xb4Z\xc4\xad\
\x16I\xabER\xab#\x17\x96\x89\xeb\x0db\xafC\xec\
{$\xbeG\xec\xb7W<\xca8\x8d\x16\xd0h#\xeb\
-e<Am\xc4-\xa5\xa3\xac\xc2\xde]a\xee\xb5\
\xe1\xd6\x15\x8f2-\x02\xcaZK\xa2Dy\x95\xd9\xea\
\x9aw\xd5\x90\xe6rI\xcd\xa1,\x960\xf3e\xccB\
\x09\xb3P\xc4,\x970\x06\xfb0\x86\xfap\x06\x87\xb0\
\x07\x071\xcbe\xb5I*\x14\xb0\x0a\x05\x1d\xf1\xbaK\
\xdc\x17F1n\xb7\x99\xfe\xe3?b\xfa\x8f\xff\x18\x1a\
\x0dD\xbd\x9e\xee\xe4\xaeq\xb3\x87!\xb2\xdd\xc6(\x95\
\xc8?\xff\x02\x85\xe7\x9f\xa7\xe7\xb9\xe7\xa8<}h\xed\
\x91\x1a\xcdmCJ\xa9zh[\xe9\x22*\xa5\x0a\xd9\
5\xea\x84\xad\x96\xcaU\xa6\xad\x06\xd1\xf22Q\xad\xa6\
*.gg\x89ggI\xe6\xe7\x91\x8bK\xc8V\x04\
\x9d\x18Q\xb2\x11\xa5t\xda\x83a\x5c\xd1T\xbf\xfa\x88\
\xd5 \xe3\x00\x88\xd4:\xeb\xee\xd9\xc5\x86\xff\xd7\xff\x93\
\xfe\xdf\xfe\x87*L\xfb0\x84Qo#Y\xb5j\xe4\
y\x04\xcb\xcb\x04\xcb\xcb\x84\x8b\xaa\xfa\xd5\xbf|\x99\xe0\
\xf2e\xc2\x89\x09\x82\x89\x09\xe4\xe4\x1crrnU\x85\
'\xf5\xe6\x85\xa36'Jt k\x09\xb9I\xaf\xad\
[\xa1'\x0c\x91~\x84lG\xca\xa3\x04\xc8\xb9\x98\xbb\
\xb7`\xed\xdaJq\xdf>\x0a{\xf7a\x8f\x8c`\x0f\
\x0f\xe3\xf6\xf7\xe3\xf6\xf7c\x5c\xad\xf2^s[\xb9\xa7\
FQ\x86!\xfe\xcc\x0c\x9d\x8b\x17X\xfc\xda\xd7X\xfa\
\xab\xafA6TU\xa4\xb1\xff\xb5\xa4\x0b\x11B l\
\x1bg\xc3\x06*?\xf7\x15\xca/\xbfL~\xf3f\xdc\
\x0dck\x7fB\xa3\xb9}\xc8.O1\xfd\xbf\xaa\x5c\
U\x9eb\x1c\x5c\xe9)&\x99\xa7\xd8j\x22\x9b-d\
\xbb\x85l\xb5IZ\x1d\xa2F\x9b\xce\xf9q:\x17\xc6\
\xc1\xf7!\x08\xd4\xc2\xa9\xe2\xb3\xab\xd7\xbaL\x90~\x0c\
\xcd\x10\xa3\x5c\xc5}l/\x85g\x9e\xa6\xef\x97~\x81\
\xca\x8b\xcf?\x92\x9e\xe2g\x92\x86\xaeW$\xed<\x8f\
\xd8k\x93\xb4\xdaD\xcd\x86\xf2 \x97\x96\x88\x97\x97\x90\
Ku\xe4R\x83\xb8\xddV\x0f\xdf#\x09\xda\xc4^[\
U\xc46\x1b\xc8Z\x0d\xd9\xf6Vs\x8a\xd9`\xe7n\
u\x1ecM\xa1\xcf\x9a\xdf\x07\x99V\xbc&\xb1\xf2$\
\xc3D\x0d)@\xcd\xc0\x14}U\xcc\xbe*v_\x1f\
v_\x1fF\xeaIZ=\x15\xac\xde\x0af_/F\
\x9f\xea\x954+U\x95\x8b,\x95T\xee\xd9\xb6\xb5\xd1\
\xbcM\xdcS\xa3\x18\xb7\xdb4>\xf8\x80\xc6\xfbGi\
}\xff{4\xbf\xff}5C\xadP\xb8\xfaM\x9e\xa8\
\xc1\xc0\xc2u1\x07\x06\xc8\xed\xdb\xc7\xe0?\xf8\x07T\
?\xff\x05\xbdc\xd6\xdc\x1d\xe4\x15\x19\xc5\xd5\x05/\xfb\
w\xeaQ\xae\x1a\xb54\xef\x94\xfd\x1d\xc7D\xcd\x16\xc1\
\xd2\x22\x8b\xdf\xfa\x16K\xdf\xfe\x16\xb2V\x83Z\x0d\x90\
\xebn\x06\xa5\x17 \x97\xda\xd8\x9b\xb6P\xfd\xcd\xbfG\
\xf9K\x9f\xa7\xb8};\xb91\xbd\x09\xbc&\xd9g\xb5\
\xf6sH{Re\x92(I;\xdf'XZ$X\
XH\xf3\x93\xb3\xf8\xd3\x97\xf1\xa7.\x13^\xbcH|\
~\x82dvAywQ\xac\x06;;\x02a;+\
\xf2r+\xa2\x22WK\xf9dt/\xb9\xdd\x17R\xf6\
{\x85a:\x07S@ \x10\x95<FO\x01k\xcb\
f\xac\x1d;p\xb6l\xc1I\xdb\xccr#\xa38}\
}JH@\x8b\x08\xdc\x16\xee\x8dQL/\xc6ha\
\x81\x85o|\x8b\xa5\xbf\xf9.\xe1\x85q\xc2\x0b\xe7 \
\x1d\xf5r5\xa3(\xc3\x18\xe9\x05\xd8\x83\x83\x14\xd2*\
\xd3\xca\xb3G(\xee\xdf\xbf\xf6\xd0;J\x12\x04+\xa2\
\xca\x89\xef\xa7%\xfdmU-\xe7\xa7\xbdX\xad\x16x\
\x1du\xe5\xaf\xb9\xf8\xa5\x94\xe0\xd8\xe08\xaa\xc0\xa2\xac\
\x8a(\xac\xd2j\x7f\x93\xe1\xba:\xc9\xfe\x10\x92D\x11\
\xc1\xfc\x1c\x9d\xc9)\x96\xfe\xeak,}\xedk\x90\x0e\
\x03\x865\x8bj\xda`n89\xccJ\x1f\xb9}\xfb\
\xe9\xf9\xa5_\xa0\xf4\xfc\xb3\xaa\xe4\xbf\x5c\xee>\xb5\xe6\
&\xc8\x9a\xf8\xe3\xb4\xca5j4\x88\x1aj\x1ee\xb4\
\x5c#^\x5c$YX ^Z&n\xb4\x89[\x1e\
I\xd4!\x09\x95\x98z\xdcn#\x1b\x0d\x92z\x1d\x19\
\xc4\x10DJ\x95\xc7T\xad7\xc24V\x95x\xaeu\
?g\xe2\x04a\xa4\xae\x87\x08d\x0c\xc2\xb5\x119\x1b\
\xa3\xaf\x17c`\x00\xb37\x15\x0e(W\xb1K\xcak\
4\xfbz\xb0z\xab\x98=\xaa8K\xf5G\x961\x0a\
\x05\xcc|^G\x13n\x80{c\x14\xd3i\xe5\xc1\xa5\
If\xfe\xed\xff\xc5\xdc\x1f\xfd\x09\x22g \xf2\xe9N\
\xeb\x1a\x1f\x9e\xf4B\x92Z\x1bw\xc7N\xfa\xff\xf9\xef\
\xd0\xf3\x0b_\xc6\x19\x18\xc4\xaeV\xd7\x1ezG\x09\x1b\
\x0d\x95\xabXZ\x22J\xf3\x15\xc1\xdc<\xd1\xc2\x02\xd1\
\xd2\x92R\xeb\x98\x9eF..\xa6;\xd4\xae\x1fN'\
\x0cP*A\xa5\x825:\x8a\xbdq#\xee\xd8\x18\xf9\
\x0d\x1bp7\x8c\x91\xdb\xb0\x01\xbb\xa7g\xb5\x12M\xf3\
\xd0\x90\xf8>\xde\xc5\x0b\xb4\xcf\x9e\xa5\xf6\x17\x7f\xc1\xf2\
_\xfe\x05\x22\x97C\xe4r\x9f\xba\xf6e\x10@\xbb\x8d\
5<B\xee\xe9C\x14\x9f}\x96\xea\x8b/R\xdc\xb7\
OOr\xb8]d\xde}\xda\x1a\x92i\xb2\xaeh\xb7\
\xa6:\xaaq\xdb\xc3_\x5cR\xf7|-\xbd\xe7''\
\x09&'\x89\xce\x9d#:w\x0eY\xef\x90\xd4=\x84\
%\xc1\x01\x91\x0a\x95c\xaeV\x96\xaa5n\xed/\x91\
\x92y\xb4\xa4^\xa4\x5c\xa7\x1aVJ\x84L \x16\x10\
\x1b\x88|\x11\xb1a\x00kl\x84\xdc\xb6\xad\xb8[\xb7\
\xe2\x8e\xa5\xfd\x92\x03\x838\x83\x83:\x8av\x03\xdc\x13\
\xa3\x98t:\xf8\xd3\x97\xf1N}\xcc\xc2\x7f\xf9S\x96\
\xfe\xf2\xaf1*\x05\x8c\xca5\xca\xcb\xd3\x8b\xd3\xb0]\
\x8cr\x1f\x85\x03O\xd0\xf7\x9b\xbfN\xe5\xa5\x170s\
\xb9;\xa6V\x93%\xec\xc3\xe5eU8\xb1\xb8@\xb4\
\xb0@\xb8\xb0D\xb4\xb0\x946\x80\xab\xa1\xaeQ\xa3\xa1\
\x8a.Zmd\xb3\x81\x5c^F6\x9bW\x86KX\
\xed\xcb\x22\x97\x83|\x1e\xb3W\x0dS\xb5{\xfa\xb0\xab\
\xbd8\xbd*\xa7`\xf5\xf7a\xf4\xf7b\xf5\xf7a\xf7\
\xf7a\xf7\xf4\xaa^5\x1d&y \x91IB\xe2\xfb\
\x84\x8b\x8b4\xdex\x8b\xc6\x9bo\xe1}\xf8>\x9dc\
\xef\x83\xeb^\x19!Y\x09\xf7\x81D\x92\xdb\xbd\x9b\xca\
\x97\x7f\x8e\xf2\xb3\xcf\x92\xdf\xb1\x13wdd\xed\xe95\
w\x98$\x0c\xd3\x22\xab&q\xb3E\xdc\xa8\x13.,\
\x10\xcd/\x10OO\x13\xcfL\x93\xd4\xda\xc4\xf5\x16I\
\xe0\x11Giu\xac\xdfA6[\xaa\x02\xb9\xe3\xab~\
G)SoR\xac\xce\xa4\xbc\x9aC\x90m\xaa\x93D\
\xe5#Sc\xad\x06\x1f\x00\x96\x83\xe8-a\xf4\xf5`\
\x0f\x0eb\x0f\x0c\xae\xac%V\xb5\x8aU\xa9\x22z\xca\
\x18\xd5\xd56\x1f\xa3PP=\xb0\xae\x8b\xe9\xba\xda`\
vqO\x8cb\xb4\xbcL\xfd\xe8Q\x1a\xef\xbcC\xeb\
\x87?\xa2\xfd\xe6[J\xa0\xb7\x90[{\xe8\x0a2\x08\
\xc0\xf3\xb0F7\x90?\xfc\x0c\xa5g\x8fPy\xe1\x05\
\x8a{\xf7\xac*|\xdcn\xd2\xfe\xa3$\x0ci\x9f\xf9\
\x84\xf6'\x9f\xd0>q\x02\xef\xa3\x8f\x88/\xcf\x91\xcc\
\xd7 \x0c\x94N\xa3H\x90\x08\x15\x16M\x7fv\xa5z\
p-\xd91\x22-&Jo\x06\x91\x18\x88H\x800\
\x11\x96\x851\xd8\x8f\xbdw\x07\xee\xfe\xdd\x94\xf6?F\
q\xd7.\x95\x84\xd7\xf3\x1f\x1fH\x920$X^\xc6\
\x9b8\xcf\xd2\x9f\xfc\x19\xcb\x7f\xf9\x0d0\x22\xf5\xc8\xae\
\x85\x95\x83\x95>'9\x17JeJ\x87\x9fa\xf07\
~\x83\xf2\xd3O\xab\xc5\xec\x0em\x025\xd7@J5\
?\xb2\xcb\x83TRv\xa1\x12{\x08\x03\xa2F\x8b\xa8\
\xd1$X\x98\xc7_\x98#\x98\x9e&\x98\x9e&:\x7f\
\x9e\xe8\xecY\x92\xf9%d;TF\xcd\x01a+!\
\x87+\xaa\x5c\xaf\xc6J\xc4iu\xc3\xb4\x12\x812U\
\xa1\x8f\x0a\x93\xaauDD\xa9\xa0\xbaean\xdd\x80\
\xb9u\x8c\xdc\xb6\xed\xe4\xb7o\xc7\x1e\x1e\xc6\x1e\x18\xc0\
\xee\xeb\xc3\xa9Vu>\xb2\x8b\xbbo\x14\xa5\xc4\x9f\xba\
\xcc\xc27\xbeI\xed\xfb? \x98\x18'\xbax!U\
\xf7\xb8\x8a\x1c\x9b\x94\x10FH\xbfCn\xef^\xaa\xbf\
\xfc+\x94\x9e\x7f\x81\xc2\xf6\xed8CCk\x8f\xbe5\
\xd2\x8a\xb5pq\x91`q\x91xf\x8exf\x8e\xce\
\xa5\x0bt&/\xd09?\x81?1A\xb2X\x87\x86\
\xa7\xca\xe5m%\xf9\x94]\xd4\x22\xbd@U\xb7\xf65\
\x8c\xb5TWu61]\x86\xaa\xe9\x97H\x15\x07\x88\
J\x09k\xcb\x18\xf6\x96M\x146o%\xb7i3\xf6\
\xc8\x10\xd6\xf0\x10\xce\xf00\xce\xd0\xd0\x8a\x02\xca5\x9f\
Gs_\x10\xd5j4\x8e\x1f\xa7\xf1\xde{4\xff\xf6\
{\xb4~\xfc\x1a\xa2\x94\xc3(\x7fz3(\x83\x08:\
!\xd6\xc61\xdc'\x1e\xa7\xfc\xdcs\xf4~\xfe\xf3\x14\
v\xee\x5c{\xa8\xe6>\x22\xabt\x0dk*\xb5\x12\xce\
/\x10\xcd\xcd\x11]\x9e\x22\xbet\x89xa\x89\xa4\x91\
V&\x87m\xe2\xa0\x93*\xf9\xf8\xc8V\x1b\xe9uV\
Of\x1a\xaag2\xcbE~fek\x1a\xf2\x8db\
\xa4\x9f\xac\xb6{\x00\xc6\xe8\x00\xc6\xe8 \xce\xe8(\xee\
\xe8(VO\x1fV\xb5\x17\xbb\xa7\x07\xbb\xaf\x07\xb3Z\
\x86T@\xc2*\x16Wz#\x1f\xc5\xa8\xd4\xdd5\x8a\
i\x81M\xe7\xccYf\xfe\xdd\x1f\xb0\xf8\x97\x7f\x0d\x22\
R\x8fT\x03\xf0St\x85\x0eH\x12\x8a\x87\x0f3\xf8\
\xbb\xff\x8c\xf2\x0b/`\xde\xee\x0f-+\x00j6\xd5\
\xe2\xf5\xe11\xfc\xa3\xc7\x08\xde?N\x12y\xc8\xc8S\
\x8a'\xd9n1R3i\x94\xe4\xe2\x9a\x0bw\xc5H\
\xadw\x15gty\x952}\xfe,\xb4BZ\xee\xed\
\xd8j8\xaa\xe1`8\x05\x8c\x0d\x83\x98\x9bF\xa9>\
\xf7\x1c\x95\xe7\x9e\xc3N\xa7\x8d\xeb\xdc\xd2\xfd\x8f?9\
\xc9\xdc\x9f\xffO\x96\xbe\xf3\x1d\xe2\xa9\xcb\xc43\xb3\xe0\
\xd8\x08\xe7\xd3\xa5\xf4\xb2\xe5\x93\xd4=\x0a\xcf>C\xef\
?\xfa\x07\x94\x9f{\x86\xdc\xc6M*\xcf\xac\xb9o\x91\
i>2\x1b\xd8\x9c\xb5\xeb(\xf1\xf3N:\xa8\xb9E\
\xb8\xb4D0;C0}\x99\xce\xe4$\xc1\xa5K$\
\x13\x93$\x97\xa6WO\x96\xb7\x10y{e.\xec\xaa\
q\x5c\x87\xee\x08U\xb6\x8edrt\xa0\x1c\x0e\xdb\xc2\
0M\xa5\xd9\x8a\xad\x86/\x97\x0a\x18\xbd%\x8c\xd1!\
\x8c\xcd[\xb07m\x22\xbfq#\xf9\x0d\x1b\xc8\x0d\x8f\
\xe0\xf4\xf5\xad>\xc7#\xc2]5\x8aI\x10\x105\x1a\
\xb4?:\xc1\xec\xff\xf1\xefY\xfe\xeb\xaf\xab\x5cb9\
\xbf\xc6\x90t\x91\xee|\x8cb\x11\xb3\xbf\x9f\xf2\xf3\xcf\
3\xf8\x8f~\x8b\xe2SO\xad=\xf2\xa6\x91q\xacv\
x\x8d\x06\xd1\xcc\x0c\xfe\xe4$\x8d\x13'h~\xf4\x11\
\xe1\x89\x8f\x09>\xfa\x18\x91N\x0f\x17\xae\xd2\xaa\xbcB\
X\xe0\x8a\x90\xc6u\xbc\x9dks\x07\xeb\xbdn\xd2\x1c\
B\x14+/\xd9\x8b \x01\xd1_\xc5\x18\xea\xa7\xfc\xd4\
\xd3\x94\x0f>\x8d\xb3y\x13\xce\x96M*\x07\xd9\xdb\xab\
z\x95\xaev>\xcd=!\xbb\xbe\xbcO>a\xf6?\
\xfe!K\xdf\xfc&B&\x08\xe4J\xd8k\x85\xb4\xd0\
CX9\x84S\xa4\xfc\xca\xcb\xf4\xff\x93\xdf\xa4x\xe0\
\xf1\x95~4Mj|\xe285>AZ$\xb3\xce\
\xbd\xd7uO^1\xca)\x0b5\x9afj(\xeeN\
N-\x09\xc3\xd4\x93\xac\x11\xce\xce\xe2\xcfL\xe3ON\
\x12\x5c\x9a$>?Er\xf12I\xaa\x03-e@\
\x22\x03eP=OE\x94d:\xc5\xc3\xbc\x8ej\xd6\
n\xd2p\xbc\x0cC\x95\xf2\x09\xd31Y\xae\x8dQr\
\x11\x03\xfd\x88\xb11\x95\x9e\x1a\x19%7<Bnd\
\x18gp\x00\xa3\x5c\xc2(\x950\xf2yD\xbe\xa0\xb4\
w\xd7)\x0a{X\xb8\xabF1\xac\xd7i\x9f?O\
\xf3\xfd\xf7\xa9\xff\x8f\xffI\xeb\xc7?F\x94\x0ai_\
\xe2\xda\xa3\x152\x08\xa0\xd3\xc1\xd9\xbaM\xe5\x12\x9f{\
\x8e\x9e\x17_$\xb7u\xeb\xdaCo\x9a\xb8\xdd\xa63\
7Kg|\x9c\xd6k\xaf\xe1\xbdwT\xe9)./\
#\xdb\x1e\xd2\xf3\xd4\xefg(\x91\xe7+\x86\x1c\xa7\x1e\
\xdeJ\xe8\xe2:\xde\xce\x95f_\xd1\xe5U\xaew\x81\
\xad\x84E\xd2\x10\xabL\xab\xd9\x1c\x1b\xcb-a\xe6\xca\
8\x07\xf6\xe2\x1c\xd8\xa7\xf4^\x9f|R\x8d\xa9\xd1\xe5\
\xd7\xf7\x15\xd9\xf5\xd5>v\x9c\xc5?\xfaS\x1a\xdf\xfd\
\x1e\xa2\xe8 \xf2\xce\xa76\x83\xd2\xf7\xd5\xf5\xbes7\
\xf9\x83\x87(=w\x84\xea\x8b\xcf\xe3n\xdc\xb8*<\
\xaeY\x91y\x8b\xebu\xa2zM\xb5HE\xb1\x92[\
\xebBJ\x89\x8cb\x84\x10JL=\xdf%\xba\xee\xb8\
\x18\x8e\x83\x99\xcfc\xdd\xa5E>\xabjMR\x19\xc1\
\xb8\xd3\xdd\xd6\xd1\x22\xa97\xf0\x17\xe6\x09\xe6\xe7\xf1\xa7\
\xa7\xf0/O\xa9|\xe4\xc4y%5\x18$`\x99\x88\
\xbc\xa5\xe6>Z\x9f\x91\x87\xccX\x89Fu\xc9\xd1%\
]-#\xb6\xa5r\x9b\xb6\x8b)\x1c\x0c\xc7\xc5\xac\x14\
\xb0\xfa\xaa\xd8;v`o\xdf\x86\xb3a\x03\xf6\xe8(\
\xb9\xa1!\xdc\xa1\xe1\x87\xf6Z\xbc\xabF\xd1\x9f\x9d\xa5\
\xf6\xee\xbb4\xde\xfe\x19\xde\x8f\x7f\x8c\xff\xe1\x07\x90\xcf\
\xabR\xf4\xf5\x90\xa8\x19w\x9eG\xe1\xe9\xa7\xa9\xfe\xbd\
_\xa5\xf4\xcc\xb3\x14\xb6o\xc7\xbe\x0dn}\x12\x04\xc4\
\xad\x16\xfe\xcc,\xde'\x9f\xd0>v\x9c\xd6k?\xc1\
\xfb\xf0\x03u\xe1H\xa9\xa6\x18\xb8]E\x0d\x99\x91J\
\xd2\xf0D\xb6k[\xc9'v\x19\xcc\xab\x91\x19\xd0\xac\
\x10'\xcev\xb9]\xa1\xd8\xae\x02\x9c\xb5?K\x9c \
\x9b>\xb2\x15`\xed\xdd\x81\xb5w'\x95g\x0eSy\
\xf6\x08\xb9\x8d\x1bq\x06\x07W\xf3\x8ck\x7f^s\xd7\
\x09\xe6\xe7i\x1c?F\xf3\xedwh~\xfb\xef\xf0\xde\
~\x0fQ\xc9!Jk\xae{\x092\xf0\x91\xbeO\xe9\
\x85\x17\xa9\xfe\xf2\xafP<x\x90\xc2\xb6mXw\xb9\
\xe5\xe8\xbe@J5\x871\x0cHZ\xa9\xe1H\xc3\x90\
Q\xa3I\xd4h\x117jD\xf5\xe5\xd4(F\x9f\xda\
\x94\xca,\xda\x22\xc0\xcc\xe51\xddt\xdaHf\x18]\
W\x0d\x0a.\x97\xd2\xb6\x18\x17\xa3{Z\xc9\xdd\xaa\xcc\
\xcc\x84\x04\xa2\x08\x7fn\x8e\xce\xdc,\xfe\xc5\x8bt.\
\x5c :;Nt\xf6,\xf1R\x9d\xa4\xe1\x91D!\
\xd2\x88\x91\xb1*\xf0!\x8e\xd2\xbd\x80@\x98J\xb3\x15\
\xae\x11\x81\xea&3\x96i\xaf\xa6\xcae\xc7\xaa\xc8\xcb\
10\xca\x05\xec];qv\xec\xc0\x1e\xdd\x803\xba\
\x81\xdc\xe8(\xb9\x0d#\x18\xa5\x12\xa2PT\x11\x8c\xb4\
\x03\xe0ah\x13\xba\xabF\xb1s~\x82\x85\xbf\xfd\x0e\
\xf5\x9f\xfe\x94\xf0\xe3\xd3\x84\x97.\xa5\xb1\xeeuBB\
\xe9\x87%C\x15\x93\xaf\xbc\xf2*\x83\xff\xfc\x9fQ|\
\xfa\x10V\xa5r[r\x89\xc1\xc2\x02\xad3gh\x1f\
?A\xfb\xcd\xb7\xf1O\x9c$\xaa-\x92\xb4j*\x22\
*X-\x97N\x91Q\xa4\xc2\x99AZ\x14\xe3\xd8P\
\xc9c\xf4T0z\xfb\xd4\x85\xf2\x19;\xfa8\xd5\xc6\
\x94\xad\x16\xb4\xdb\xc8\xb6\x8fl\x07j\x17g\xab\x8a4\
\x91\xf66a\xa4a\x92\x8c\xd4{\x94\xa1\x9a\xf3'\x8a\
\x05D1\x8f\xb3y\x0b\xce\xb6\xadT\x9e=B\xcf\xcb\
/\xe3\x0c\x0d]{(\xb3\xe6\xae\xe1\x8d\x9fe\xfe\xaf\
\xff\x9a\xda\x8f\x7fL4q\x91xf6\x1d\x1f\xd5\x95\
K\xcc\xae\xf7t\xfeF\xcf\xcf}\x85\xc1\x7f\xf2\xdb\xe4\
\xf7\xec\xc1*\x97\x1f\xc9j\xd3$\x8a\x88\x1a\x0d\x82\xa5\
%\xbcs\xe7\xf0'\xce\x11ON\xaaG\xc3#\xa9{\
\xc8\xd8W!\xc6$Qrx\x9fZ\xcd\xd2\xcd\xab\x04\
\xa4\x85@\x85JW\x1e\x86\x89\xd1S\xc0\xac\x161F\
\x861GFqFFqGFp\x87\x87p\x06\x87\
0\x0b\x85\xb5'\xbd3\xa4\x86qE\x96\xae\xa5\xc6e\
\xc9\xba\x12\x06\x08\xe6\xe6\xf1g\xe6T.rv\x9ap\
j\x92\xf8\xc2y\xe2\x85%\x15\x0a\xc5@\x14lD.\
[7\xae\xf3\xde\xef\x8eH%\xe9\x88\xacD\xb5\x8c\x08\
\xcbL'\xb8\x14\x11\xa6\x8ba\xb8X\xbde\xcc\x9e\x12\
\xd6\xd6\xadX\xdb\xb7\xe3n\xdaD.\x9d!iW*\
\x0f\xfc\xb5zw\x8cb\xfaa\xb7O\x9db\xee\xbf\xfd\
w\xea?\xfc!\xc9\xf2\x12I\xabq\xf52\xe4\xac$\
\xdd\xb2\x10\xb6M\xcf\x97\xbe\xcc\xf0\xef\xfd\x1e\x85\x03\x07\
\xd6\x1ey\xc3$A@\xdcn\xe3\x9d;G\xed\xedw\
i\xbd\xfd\x0e\x9d\xb7\xde%:7\x81(\xe7\x10\xc5\xb4\
_L\xa8FY\xf5\xfb\xab\x1bK\x98\xa6\x1a\xf1\x22M\
Db\x22JE\x8c\xfe2\xc6P?\xe6\xf0\x08F\xb5\
\xaa\xf2z\xd7\xd8]\xc6\x0b\x0b\xc4\x0b\x8b\xc8F\x1d\x1a\
\x0dd=\xbb\xc1\x03\xa4\x11!Q\x9e\xa3L\xd2\x01\xb7\
I\xd2\x95?X\x1bnS\x9b\x06Q*A\xb5J\xf5\
\xe5W\xe8\xff\xa5_\xa2\xb0{7V\x7f?f>\x7f\
};F\xcdmGF\x11q\xa7C\xeb\x83\x0f\x98\xfd\
\xe3?\xa2\xf6\xa3\x1f\x22\xe2D5^\xaf\xf5\xe2\xa3t\
\x93S\xad z\xab\xf4\xfd\xc2/2\xfc\x8f\xff\x09\xee\
\xe6\xcd\xdd\xa7|\xf8\x91\x92$\x0cTAJ\xbd\x8e?\
=\x8b?5I\xfb\xf4)\xda\x1f\x9f&>w\x8eh\
bb%R\x82\x95\x8e\x83\xfa\xacK\x5c\x02\x01\xaa\xaf\
o\x0dF%\x8f\xa8\xe417n\xc4\xda\xbc\x19w\xe3\
&r\x1b7\x91\xdb\xb4\x89\xdc\xe6M\xd8\xfd}\xe9L\
\xcb\x1c\x86\xad\xbc\xa1{\x81\xbf0O\xe7\xf2e:\x17\
/\xd2\x99\x98 8s\x86\xf0\xd4)\xe2\xa9i\x92\xb6\
\x1ay&-\x894\xa4\xf2\x1e\xa3D\x19\xb6\xee\x14\xcd\
\x8d\xac\x05\xd9\xc4\x8f8R\x93d\xda!\xb2\x1d*\xa3\
\x9b7\xb1w\xed\xc6\xde\xb7\x8f\xdc\xf6\x1d\x14\xb6n\xc5\
\x1d\x1d\xc1\x19\x18PNK\xa1\x80\x91S\xd3]\xee\xd5\
\xfbu\xb3\xdc\x15\xa3\x98D\x11\xb1\xef\xd3>\xfa\x01s\
\xff\xe1?Q\xff\xfe\x0f\xc0\x94\xeaq\x95\x0fJ\x86!\
\x04!\xd6\xd8\x18\xce\xce\x9dT_z\x99\xbe_\xf8y\
r[\xb7\xad=\xf4\x86\xe9LM\xd1\xfa\xf84\xad\xa3\
\x1f\xd2~\xf3\x1d\xfcO>!\xae-#\xfdv\xaa@\
\xb1\x9a\x93S\x92K\xca3\x94~\x8c\xbdm3\xee\xae\
\xed8\x1b7\xe1\x8el\xc0\xea\xeb\xc3\xac\xaa9x\xa2\
XP\x03c?#\xa7\xa7\xc4\xa2=\x08B\x08\x02d\
\xc7'\xf1|\xd5\x18\xdc\x5c&\x98\x9d\xa5s\xe9\x12\xe1\
\xe4e\x92\xcb\xb3\xc8z\x03\xe1Zj\xa0iZ(\xb0\
BV\x09k\x98`Y8[\xb6\x92\xdb\xbb\x87\xf23\
\xcfP}\xf1%r\x1b7j\x8f\xf1\x1e\x11,.\xd2\
\x9e\x98\xa0\xf9\xce\xdb\xd4\xbf\xf1\x0d\xdaG\xdfCd:\
\x99k\xae\x0f\xd9\xf2\x91M\x1f\xf7\xe0\xe3\xe4\x9e=D\
\xf5\x85\x17\xe8y\xe9%\x9c\x81\x81+\x8e{\xa8I\xc3\
\x87\xc1\xfc<\x8d\x13\x1f\xd1>u\x9a\xf0\xe3s\x84\xe7\
/\x12\xb5\xeb\xc4\xed\xbaj\x80o6U\xfbR\xba\xe8\
c\x5c\xa7QL\xd2\xc7Zl\x13\xe1\x98\x88B\x11Q\
,`:\x05L'\x8f\xd5\xd7\x8b92\x88\xb3m\x0b\
\xb9\xbd{\xc9m\xdbFnx\x18\xbbzo*\x80\xe3\
NG\x0dSn4\xd5$\x96\xe5%\xe2\x85\x05\xa2\x85\
E\x82\x85%\x82\xd99\xfc\xa9K\xf8\x97\xa7H.\xcf\
\x92\xcc. \xact\xb8\xb2m+\x9d\xd6\xb5\x91\xa7k\
!\xd3?\xb2\x09\x1fQ\xa2\xdesS\x80)0\xcae\
D\xb5\x07\xabP\xc2\xca\x950{{0\x87\xfb\xb17\
o\x22\xb7{7\xb9\xad[\xee\xe9\xfbu\xb3\xdc\x15\xa3\
\x18w:\x04\xb5\x1a\xcd\x9f\xbd\xc3\xc2\xbf\xfb\x0f4\x7f\
\xf8CDO\x11\xb1N\x7fV\x86\xec\xf8\xc8v\x87\xfc\
SOQ\xfc\xc2\xe7)?s\x98\xf2\x13O\xe2\x0c\x0e\
\xae=\xf4\xbaI\xc2\x90\xc4\xf7i~\xf4\x11K?\xfd\
)\xad\xb7\xde!|\xf7C\xe2\xb9YD\xb5\x80(\xa4\
n\xbfLC\x0aI\x16\xcc\x02\x11\x1b\x10\x9b\xe4\x0f=\
A\xfe\xf9\xc3\x14\x1e{\x8c\xc2\xde\xbdjgT,\xde\
RU\xa0\x8c\x22d\xda\xd8\xed\xcf\xcd\xd2\x1e?G\xeb\
\xa3\xe3\xf8'N\x13\x7f|\x8e\xf8\xf2\x0c\xd2J\xd4&\
\x02\xd4\x0a`\xac\xd1\xc8L\x87\xe3\xe2\xba\xc8B\x81\xca\
\x0b/2\xf8\xeb\xbfN\xf1\xc0\x01\xa5`q\x97\x0a\x09\
4)R\xd2\x9e\x98`\xe9\x8d7h\xbe\xf9\x06\x9d\xb7\
\xde\x22<7\x8e(\x14\x10\xeb\x84\xfe\xe5r\x9b\xa4\xe6\
Q\xfe\xea\xcfQ\xf9\x8d_\xa5\xf8\xf8\xe3\x14\xb7m\xc3\
*\x16\xd7\x1e\xfa\xd0\x91\xe5\xd2\x92\xb4p\xc6\x1b\x1fg\
\xe9\xf5\xd7h\xbc\xfd.\xd1G\x9f\x90\x5c\xb8\x04E\x07\
Q\xb0\x10f\x1a\x85Y\xdb\x9e\x90-c\x9f\xb5\x9cu\
\xffL\xf6\xef\xf4^_i\xc8\xf7Bh\x85\x90w\xa0\
\xaf\x8c\xb3{'\xc5#\xcfQ|\xf2IJ;w\x92\
\x1b\x1bS\xb9\xc6{\xadM,3q\xf9&\x9d\xe9i\
\xbc\x0b\xe7i\x1e?\x8ew\xe2$\xf1\xc7\x13D\xe7.\
\xae\x8aCd\x83\x95I=@\x91n$\xb2\xdf\xfdF\
^C\xb66F\x91\x12.\xf7\x22\xa4\x17#\x8ay\x18\
\xac\xaa\xf7\xeb\x99g(>\xf68\xc5\xad[\xc9\x8d\x8c\
\xa6\xf3B\x1d\x0c\xdbV\xa9\xa1\xfb\x18\xf3\xf7\x7f\xff\xf7\
\x7f\x7f\xed\x17o7q\xb3I\xe7\xf2e\xda\x1f\x9f\xa6\
\xf3\xe1\x07\x84\xd3\x93\x88\xbc\xa3\xbc\xb2\xab ;\x11\xb2\
\x1d\x92\xdf\xb3\x8f\xea\xe7?Ga\xcf\x1e5N\xe5\x16\
\xe2\xd5\xde\xd4\x14\xb5c\x1fR\x7f\xf3-\xda\xaf\xfd\x8c\
\xe8\xcc8\xd2k\x81%T\xaf\x98i\xa4\xe1\x02\x89l\
\x07H/\xc4\x18\x1e\xc6\xd8\xb5\x93\xf23\xcf\xd2\xf7s\
_\xa6\xf2\xd2\x0b\x14\x9f8@~\xcb\x16\xec4<i\
\xd8\xf6-)\xea\x08\xb2*0\x13\xd3\xcda\x95\xcb\xb8\
\xc3C\xe4\xb6l!\xb7k'\xee\x8em\x88J\x89X\
J\xa4\x17\x90,6\xd4\xcfY\xa9\xc7\x98>\xb70\xd4\
\x95.\xe2\x18\x92\x98\xb0^'\xe9t\xb0\xaaJ@\xf8\
\x9e\xde\xc0\x8f\x10*/\x13\xe3\x8f\x9f\xa5\xf1\x83\xef\xd3\
~\xf7]\x92\xa5%H\x92O{\xedi.\x91\xf4\xf3\
,={\x98\xea\xe7_%\xb7q#V\xb1xw\x8a\
<\xee1q\xabE0\xab\xaask\xdf\xfe.\xf5\xbf\
\xfb>\xde\x89\x13D\xd3S\xd0n\xab\x81\xe39[\xad\
\x17Fj\x10IS\x09+\x06M\x19V\xc2H\x8d\xe0\
\x0a\x02%\xb0\x9e=\xa2H\xa5c\x92\x04\xd1m8E\
\xd7\xb9\x84P\xf7\x90\x91\xa6H\x5c\x0ba\x19\x88 \x22\
\x99]$\xba8\xa5\xd4i\x96\x16\x90\x86\xa1\xea\x07\x84\
\xb8\xb7\x9fQzO\x1b\xb6\x8dY*\xe1\x0e\x0cP\xd8\
\xb2\x85\xc2\x9e=\x14\x0f<\x8e\xb3{\x07\xc6\xd8\x06D\
\xb1H\x12\xc7\xe0G\xc8Z\x0b\xe9\x87JxD\xca\xd5\
u\xe1\xba\xd7\x06\xf5~\x09\xa1\x0a\x02\x85\xd5\xf5~\x19\
\x02\x11\x04$\x0b\x0b\x84g\xcf\xe1}\xf0\x11\xde\xf1S\
\x84\xcbK$I\xa4\x86\xc2\xdf\xe7\x22\xf6w\xc5(\x86\
\xcb\xcb\xb4'\xce\xd1>}\x9a\xe0\x93\xd3\xc4\x8bsi\
S\xfaU\x8c\xa2T\x8a\x1e\xd2\x8b)>\xf5\x14}\xbf\
\xf8\x15\xf2\xdb\xb7c\xe4r7e|dZY\xd5\xfc\
\xf8c\x16~\xfa\x1a\xcd\xd7\x7fF\xf8\xce\x07$33\
*$YtV\x0d\xa2T7\x18A\x82\x88\x0d\xac\xdd\
\xbb\xb0\x0e\x1d\xa4\xf7\xf3\xaf2\xf0+\xbfD\xf1\xc0\xe3\
W\x1aD\xcb\xba\xa9\xdf\xe9\x0a\x84@\x18\x06\x86\xe3`\
\x15\x8b8\xfd\xfd\xe47m&\xbfs\x07\xb9\xdd\xbb\xb0\
6o$\x96\x09Q\xb3\xa5.\xe8\xb9\xa5U\xb5\x0bT\
\xdf\x12\xd9\x05\x9a$\x10\x04\xc4\x8d\x06\x9dK\x97H\xc2\
\x88\xdc\x96-8\xc3\xaa\x84\xfaZ\x05@\x9a\xdbD\x14\
\x91t:x'OR\xff\xe67\xf1\xde?\xaa\x16\x1f\
\xd7]\xad*\xce\x90*l(\x1c\x1b\xa3\x98\xa3\xf2\xc2\
\x0b\xf4~\xe1\x0b\xaaP\xea^.\xb6w\x81\xccC\x0c\
\xe7\xe7\xf1&&h\xbe\xf1\x16K\xff\xf3\xafi\xfc\xe8\
'D\xb3\xd3\xc8N\x1b\x0c\x89(\xb8J\x0emm\xe8\
/\x8b\xe8\xa8\x0a\xa5\xd5\x1cX\xa2\xc6B}\x0aC(\
\x09\xb4\x15\x03\x90\x9e+;\xa5\x10\xaa\x87\xd16W\x0d\
\x22\x90\xd4\x1aDg/\x10\x9c;O07C\xd4\xac\
c\x94+X}\xfd\xea\xbeM=\x9f[^\x07n\x14\
!T\xab\x89ea\x16\x0a8\xbd\xbd\xe4\xc6\xc6(\xec\
\xdcIa\xdf^\x0aO>\x8e1:\x02\xbd}Ha\
\x10\xb7=\xf0\x02\xa8\xb5W\xeb\x14\x0cCm\x04\x84X\
\xd9\x9c}\xa6qL7\x10\xd9F^\x19D[\x89\x02\
$1\xb2^'\xbap\x81\xce\xc9S\xb4\x8f\x1e\xc3;\
}\x86$\x89!\xef`\xe6\x0bX\xbd\xbd\xea\xf9\xd3\xe7\
\xb9\xeb\xef\xdbgpW\x8cb03C\xe3\x83\x0fi\
\x1f\xff\x88xr\x12\xd9j\xa5\xd5\x95\xeb\xdc\xf4\xe9\x8e\
\xcf\xa8T0\xc76P|\xf6\x10\xe5\xc3\x87\xb03\xd5\
\x96\x9bx\x03;SS4O\x9c\xa0\xf1\xc6\xcfh\xbf\
\xf6\x16\xf1\xc4y\xf0=\x84%T\xaeN\xa4\x061-\
\xdf6\x1c\x87\xfc\x81\x03\x94?\xff9\xca/=O\xe5\
\x99C\x14\xb7n\xc3\xed\xebS9\xa1\x95\x9b\xea\xce\x93\
\xddtV\xb1\x88;2\x8c3<\x8c=<\x84L\x12\
\xc2\xc9i\x04iKHv\xa1\x92y\x8cjq\x16\xa6\
I\x22\x0c\xe28V\xfdX\x95\xca\x95O\xa0\xb9\xedD\
\xf5:\x9d\xc9I\xda\x1f}D\xfb\xe8{\x84\xb3\xb3]\
\x9b\xc0\xd4+!]\xcb\xa3h5w\xbe\x7f?\xc5C\
\x87)\xee\xdb\x87\x91\xbf\x868\xfeC\x82?3C\xf3\
\xe4I\x1ao\xbdM\xf3\x87?\xc1{\xf7}e\x0ce\
\x84\x91z\x86\xc2Z\xd3\xe2\x14\xc7\xaa\xc5\xa2\x13\xa6\x85\
6\x16\x14\x0bXCC8[\xb7\xe2\xec\xd8\x81\xb3k\
7\xee\xde=8{\xf6\xe2\xee\xd9\x8b\xbbg\x0f\xce\xce\
\x9dXc\x1b1\x07\x07\x11\xd5*2\x97Cv\x22%\
\xd7\x18\x86jT\x93\x94\x88,\xae\xd8u\x8f\x0b\xd26\
\x07\xc7\x02S\xa5v\xa2\xe99\xfc\xb3\xe7\x89;\x1e\xd2\
\xb1\x11\x86q\xf7\xaaT\xaf\x87t\xa3-,\x0b\xab\x5c\
&78H~\xdbV\x0a\xbb\xf7\x90{l\x1f\xee\xae\
\xedX\x1bF\x10\xc5\xbc\xd2n\xf5;\xaa\xbd#\x8a\xd4\
\xeb\xed\xf6\xc6o\x04\x91\xfe\xac\xa9\x9e[\xd8\xb6\xda\xd0\
\xc4\x01\xd1\xfc\x1c\xc1\xe4%\xbcs\xe7\x88\x1aM\xa4e\
\x81@\x85\xa2\xef\xd2zz=\xdc\x15\xa3\xd8\xb9t\x89\
\xfa\x9bo\xe0\x1d?\xae\x86\xa9F\xa9\xac\xdbz\x09\xdf\
X\x15\xb6\x98#\xc3X{vQ<\xf8\x04\xa5\xfd\xfb\
\xd5b~\x93o\x5c\xeb\xf4i\x16\xdfx\x83\xd6ko\
\x11\xbc\xfe6rn\x1e\x91\xb7\x10\xc5t\xe7\x8e\x5ci\
j%\x8a0\x8aE*_\xfa\x02\xbd\xbf\xf9\xf7)\x1f\
>D\xf5\xc0\x138\xfd\xfd\xea\x03\xbeI\xc3|3\x08\
\xc3\xc0\xb0,\xacbQ\xed\x00w\xec\xc0\xda0\x821\
<@ti\x1a\xef\x9dc`\x19\x18\xae\xbdz\x13\xa7\
;8\x92\x04:>\x89\xef\xe37\x9a\xc4qLnL\
\x8d\xa4\xd2\xdcY\xc2\x85\x05Zg\xcf\xd2>\xf1\x11\xfe\
\xc9S\xc4\xcbK\xaa\xdf5]\x04V\x91j\xa0l\xc7\
\xc7\xdd\xb7\x8f\xdcs\xcfQ\xd8\xbf\x9f\xdc\xa6M\xb7\x94\
&xPh\x8f\x8f\xb3\xf4\xd6[4~\xf8\x13Z\x7f\
\xfb}\x82\xd3\x1f#\x8dD)\xac\xacg\x10\xd3F|\
\xc2P\x15&\xd5}\xd5\xe7\xdcW\xc5\xde\xb2\x99\xdc\xfe\
\xfd\xb8\xfb\xf6\xe1\xec\x7f\x0cw\xff~\xdc\xbd\xfbp\xf7\
\xee\xc5\xd9\xb3\x07g\xdb6\xac\xc1A\xcc\xd4 &\x86\
A\xb2X'\xbe8\x0bq\x88H\xc2\xd5Ph\xe69\
e\x0f\xd3X\xf1\x1c\xf1}\xe2\xb9y:\xc7O\xe3\x1d\
;\x81\xcc\xbb\x88\xa1~\xacB\x01\xa7\xaf\xbf\xfb\xe5\xdd\
;\xba\x0db\xa9\x84;8H~\xebVJ\x8f=N\
\xfe\xb1\xfd\xe4\x9e<\x80\xb5i\x0cQ-#\x93XU\
\xc3\xd7j\xd0\xe9\xa8\x02\xc7\xb4U\xa5{\xa3}]t\
\xad?\xca :\xca\x83$&\x9e\x9d&8s\x06\xef\
\xecY\xda\x9f|\x8c\xb4,\xcc\xc1\x01L7\x87]\xad\
\xdeW\x11\xac;k\x14\xd3a\xba\xfe\xb9\x09\x1a?\xfc\
)\x9d\x13\xa7\xc0\xf7A\xa4\xd3\xc5\xd7y\xc3e'B\
\xb6|\xdc\x1d;(\x1e>Di\xdf>r\x9b6\xa9\
\xd6\x82\x1b$XZ\xc2\x9b\x9a\xa2\xf9\xe6\xdb\xb4~\xf4\
S\xc2\x89\x09\xa4\xd7D\xd8\x06\x223$Y\xc8T\x82\
Y\xa9P8|\x98\xca\x17\xbeH\xf9\x99g\xc8\xef\xd8\
\x81UQ\xc3~\xef\x17\x84!\xd4\xce\xcav\xb0\x86\x07\
\x11\xa6I8=\xa7\xa4\xc1\xba<FAz\x91J\x90\
m\x1f\x13\x13{p\x10\xa3R\x06\xd3\xd0\xaa\xf8w\x90\
\xce\xc5\x8b4\xdf{\x97\xf6G'\x88.O!;\x1d\
\x15\x19Y\xef\xc6\xf7Bh\x05\x14\x9ez\x8a\xf2K/\
\x90\xdf\xbc\x19\xb7\xbf\xff\xea\xa9\x85\x87\x80\xf6\xd9\xb3\xd4\
\xde|\x93\xfa\xeb\xaf\xd1~\xe7\x9d\xb4\xc5\xa2\xa1r\x87\
n\x9a\xdb\xcf\xbc\x944\x9d!\xbd\x10\xbc\x10\xa3\xa7\x07\
c\xe3\x18\xb9\xc7\x1e\xa3\xf4\xe2\x0b\x94^~\x9e\xca\x8b\
\xcfS~\xfai\x8a\xfb\xf6\x91\xdf\xba\x95\xdc\xd8\x06\xdc\
\xa1a\xdc\xc1A\x9c\xfe~\x9c\xbe~\xdc\xfe>\x9c\xfe\
\x01\xdc\xd1\x11r\x9b6S\xd8\xb6\x9d\xc2\xae]\x94\x0e\
<\x86\xfb\xd8\x1e\xec\xed\xdb\x10\xe52q\x14!\xfd\x08\
Z>\x84J\x09\xe7\xca\xa2\x1eep0\x852\xdaI\
B<\xbb\x80\xf4\x03\x12\xa1\xc2\xb6f\xb1x_-\xf2\
k\x11\xa6\x89iYX\xe5\x12\xce\xe0\x10\xf9m\xdb\xc8\
\xed\xdc\x89\xbdy\x0bF\x7f?\x08A\xe2\xfb\xcay\x09\
\xc3\xd4s\xbc\x89\xd7\xb3\xfa\x96\xa95\xc9\xb2\x10\x96\xad\
\xbe\xdc\xf6\x89.\x5c&\x98\x9aT\xaa=\x8d\x06\xd24\
W6&\xf7\xf2\xfd\xbb\xa3FQf\x02\xe0\x1f\x9f\xa1\
\xfe7\xdf\xa3\xf3\xd1)\x84)V\x0d\xd2z\xb4\x03d\
\xdd\xa7\xf0\xe4\x13T\xbf\xf09\xf2;wb\xf7\xf5\xdf\
Tu\xa775Ek\xfc,\xad\x9f\xbcN\xfb;?\
$\x9e\x9f\xc3\xc8\xdb\x88\xbc\x9d\xdexW\xe6\x1f\xec\xa1\
!z\xbe\xfaK\xf4\xfe\xda\xaf\x91\xdf\xb9\x0b\xa7_\xed\
d\xae\xfa\xbb\xdee\x84a`\xe4\xf2\xd8==X\xc3\
\x838\xbbw\x12M\xcf\xe1\xbd\xf3!2\x8e\x10N\xaa\
&\x91\xee\xd8\x84a\xa8\xc4\xfa\xec2\x04\x11\xc6\xd0\x00\
\xa2\xaf\x17\xabX\xc4\xd6a\xd4;\x86w\xe6\x0c\xcb?\
\xf91\x9dS'I\x9aMD\x92j\x9c\xae\xbd\x8e$\
\xc8V\x88l\xfa\x94_z\x91\x9e\x9f\xff2\xee\xc8\xc8\
\xea\xa4\xf4\x87\x94\xfa;\xef0\xf7\x8d\xaf\xd3|\xe3\x0d\
\xc2\x0f?$Y\x98W\x1b\xd5\xbc\xb3*\xa1\x98\x19\xc4\
D\xaa\xa9\x0fM\x1f\xda!\xe6\xc61\xac}\xbb)\xbd\
\xf8\x02=_\xfdy*/\xbdH\xcf\xf3\xcfS\xda\xff\
\x18\xf9\xad\xdb\xc8m\x18\xc3\x1d\x1e&78\x88\xdb\xdf\
\xbf\xfa\x18\x18\xc4\x1d\x1dU\x06q\xc7\x0e\x8a{\xf7R\
:\xf08\xc5g\x0fao\xdf\x861:J\x9c$\x84\
\x0b\x0b$\xb5&r\xb1\xa5\x8c\x82\x93\xe9\xa2f^P\
\xea\x099\xaa\xa8$\x9e\x9a!\xf8\xe8\x13\xa4H\x90\xae\
\x83Y,\xe0\x8e\x8c\xdc\xb7\xf9`a\x18\x98\x8e\xa3\x8a\
\xf9\x86\x86\xc8o\xdbN\xf1\xc0\x01\xdc=\xbb1FF\
\x90\xb9\x1cQm\x99h~\x1e\xfc@91\xa6\xb9Z\
\xd4w\xa3d\x9e\xa3\xa9\x04I\x84\x10\x10FD\x17\xa6\
\xf0\xdf=Fgj\x8a\xf6\xcce\xa4\x10\x98}}\x18\
\xf9\xfc=\x9f\xefxG\x8db\xe2y\x84\x8b\x8bx\x1f\
\x9d\xa4\xf5\xc6\xcf\x08\xa7\xa6T\x15\xd9:S\x01V\xf0\
B\xa4\x17P|\xfa \xe5\xcf\xbd\x8c\xbba\x14\xb3p\
cUx2\x9dw\xd6\xfc\xd9;\xd4\xfe\xe6\xbbt>\
:A<;\xa3\x92\xf6nZ\xfd\x97\xddpI\x82\xd9\
\xdbK\xe1\xe0S\x94_~\x89\xd2\xe1\xc3\xe4\xb7o\xc7\
\xca\xc4\x97\xd7.d\xf7\x18\x91\x19;\xc3\xc4\xc8\xe7 \
\x0c\x95\xe7h\x99\xc4\x8b\xcbjg\xd7%\x16,RO\
XX&X\x06\x82\x04wh\x10wT\x87Qo7\
Y?\xaew\xe2\x14\xcd\x1f\xbfF0>\x81\x88\xc2\xb4\
\x8f\xae\xdb\xdb\xe8*\x10\xb1\x1dD\xa9\xa4<\x9e\x17\x9e\
Wrc\xb7\xa3x\xeb>\xa4}\xf6,\xf5w\xde\xa1\
\xfe\xc6\x1b\xb4\xdf?J23\x83\xecx+^\x84\x8a\
\x1e\xa5\xfd\x8aa:s\xd0\xb40\xca\x15r{\xf6P\
z\xee\x08\xc5\xe7\x9f\xa5|\xf8\x10\x85\xbd{\xc9m\xde\
\x8c\xd3\xdb\x8bU*\xadJ\x8c\xad(\xd5\xa8\xa2\xb2+\
\x1e\xd9\xf7,+m\x0d\xb0\xd2\xa8\x8b\x8d\x99n\x14\xdd\
\xe1\x11\xdc\x8d\x1b\xb1GG1z\xcaH\xd4\xc4\x0b\xa2\
\x10\xe2\xe4\xd3\x9ec\xac\x94t@\x90,\xd7\xd4\xfd\xe9\
\xd8H$f.\x7fC\xeb\xd6]\xa1k\xc3\x9c\xbd\x17\
\xc2\xb6\x11\xa6\x85\xe1\xb8X\xa5\x92\xf2\xae\x87\x871\x8a\
E\xa40\x102Vu \xa9\x81\xbb)\xd6^\xff\xb1\
\x1a\x98,l\x03\x19\x05\xc8F\x8bhj\x86d\xb9\x8e\
\x94\x09\x12\xd4gt\x0f\x22&w\xd4(F\xf5:\xfe\
\xd4\x14\xde\x89Sx\xef}@47\xa7F\xa1\x5c\xcb\
(vBd'\xa4t\xe4\x19\xaa_\xfc\xfc\x8a\x5c\xd9\
u/\x12R\xaa\xea\xbf0\xa4\xf6\xed\xef\xb2\xf8\xc7\xff\
\x9dhz\x0aa\xa7E5\x99d[Z\xf5'\x93\x04\
gl\x8c\xeaW\xbfJ\xcf/\xfc\x22\xb9-[\x95T\
Q\xb6c\xbd\x1f\xc9J\xb0\xf3y\xccr\x19g\xeb&\
\x92Z\x03\xef\xf8)\x12\xaf\xb3R\x09\x96\x1d+,\x13\
\x89$Y^Bzm\x0a\xbbv\x91\xdf\xbd{\xedY\
5\xb7H\xe2\xfbD\xad\x16\xde\x87\x1f\xd1\xfa\xfeO\x08\
\xcf_R\xed>\xf6\xa7\x9b\xf5I\xd2\xfe\xd7j\x19c\
h\x80\xf2\xf3G\xa8\x1c~\xe6\xa1\xf6\x12ko\xbe\xc9\
\xdc\xd7\xbfN\xfb\xe8Q\xa2\xf1q\xf0<\x15N\xb3\xd7\
(@\xc5\xf1j~+\x9f\xc7\x1c\x1e\xa6\xfc\xea\xe7\xe8\
\xfd\xd5_\xa1\xf2\xeca\xca\x07\x0f\x92\x1f\x1b\xc3.\x97\
\x95Wq\x93\xefW\x16\xaa3s9\xec\x9e\x1er\x1b\
7R\xdc\xbf\x1fw\xfb6\xac\xcdc\xe0X\x04\x8bi\
\xbe\xcd\xf7\x11a\xa4\xf2\x8b\xd9\xef\x9a\xde[\xc26\x88\
\x17k\x84\x1fO -\x83$gc\xe6\x0bJ\x83\xf8\
&\x22\x5c\xf7\x82\x95\xfc\xe3\xf00\xf9\x9d\xbb\xc8m\xdf\
F,\x0c\xa2\x8eG\xd2\xa8\xabJ\xfd\xd4\xdb\xbb%\xd2\
M\x85\xb0LD\xce\x06bh\xb7\x89.L\xe2\x1d=\
N\xdclB1\x87Q,`U*7\x956\xbbU\
\xee\xa8Q\x0c\x16\xe6i\x8d\x9f\xa5}\xea\x14\xc1\x993\
$\x8d\x9a\xf2\x14\xd7s\xc53\xcf\xcdv\x10\xe52\xa5\
\xe7\x9f\xa5\xfc\xfc\x91\x1b\xee\xaf\x93I\x82w\xe9\x22\xad\
\x93'i\xbc\xf6:\xed\xf7\x8e\x82\x8c\xd5\x07`\xa9\x10\
\x96\x8c\x12\xe8\x84\x98\xe5*\xf9}\xfb(>w\x84\xf2\
\x91#\xe4w\xedR\x835\xd7Q\x1c\xb9\xdfP\x1e\xa3\
\x0ak\x98\xa5\x22Q\xbdN\xb8\x5cC\x0a\x09a\x07\x19\
E\xab;;C@\x92\x90t<\x0c\xc3\xc0\xd9\xba\x0d\
3m\xd1\xb8\x9f\xf2\xa5\x0f:Q\xa3\x81?;\x8bw\
\xfc#\xbc\xf7\xde#^ZX\xffz\x97*$\x88\x94\
X\xa3\xa38;wP>x\x90\xe2\xde\xbd\x0f\xcc\x22\
z\xbd\xc88\xa631A\xe3\x83\x0f\xa8\xbf\xfe:\xad\
w\xde!\x99\x9b\x05\xaf\xbdbTV\xbc\x8f8Av\
B\x8401\xfb\xfb\xb1\xb7m\xa3x\xf0 \xe5g\x8f\
P>t\x88\xc2\xbe\xbd8\xfd\x03\xd8\xd5\xaa\xf2\x22\xd2\
\x1c\xd4M\x93yM\xa6\x89a)\xaf\xd1L\xc5\x15\x8c\
B\x01\xb3\xa0\xaa\xb5\xad\xde^\x8c\x5c\x1ei\x18\x10\xc4\
\xc8vg\xb5B3{\x84\x91\xaa\xde4M\x92V\x1b\
#\x97\xc3\x1a\xe8W\xde\xa8y\xff\x8bdg\x1b\x84l\
j\x88\xe1\xe6T\x8b\x85\xe3 \xbd\x0eQ\xbd\xae6\x03\
qr\xe3\x058\xeb\x91\x1a\xc7,\x85%\x83\x90\xc4\xeb\
\x00\x12\xd9\xf1!\x91\x18\x85BZ\xa0\xa6>\x9f\xbb\xc5\
\x1d5\x8a\x9d\xcb\x97\xa9\x9d\xf8\x88\xf6'\x1f\x13]\x9e\
\x82N*\xa3\xd6%\xb0\xbdB\xaauj\xf4\xf6 \xc6\
F)\x1d~\x8a\xf2\xc1'U\x99\xf3\x0d|\x002\x0c\
\xa9\x1f}\x9f\x85\x1f\xfe\x90\xce\xe9S\xc4s\xd3*_\
\xe1t5M\xfb\x11I\xa3\x83\xb3a#\x95\xaf\xfe\x02\
\xe5/~\x81\xfc\xf6\xed8==7\xe6\x95\xde\x07\x08\
\xcb\xc2\xcc\xe7\x89\xc3\x80\xc8\x14\xc8\xb0C2}\x19\xe9\
y]!)e\x14\xf1}u\xe1\x8f\x8e@\xb5\x073\
\xaf\xf2\x93\x9a\xdb\x83\xbf\xb0@\xfb\xc2\x05\xbcS'\xf0\
O\x9f i\xd5S\xaf}\xadQLe\x0c\x13In\
\xf7.\x0a\x07\x0fR\xd8\xb3\x9b\xdc\xa6M\x9f>\xf6\x01\
G\x86\x01\xb57\xdf`\xee\x1b_\xc7\xfb\xe0\x03\xa2\xb3\
\xe3\xea:\xb4\xd2\x5c]\x97\xb1\x90A\x84lt\x10N\
\x1ek\xdf\x1e\xf2\xcf\x1d\xa1\xf7\x8b_\xa2\xf7\x8b_$\
\xbfm\x1bv\xb5G\x85;\xef\xb0\x811,\x0b\xb3X\
\xc4\x19\x1a\xa6\xb0{\x0f\xf6\xd8\x06\x12\xdb&\xf6\x03\x92\
\xd9%\x92\xacO\xd8\xee\xf2\x18MU\xbc\x974Z\x84\
\xe3\x171JE\xcc\xd1a\x8cB\x1e\xb3X\xbc\xab\x8b\
\xfa\xed@X\x16vO\x0f\xce\xc0\x80R\xccYZR\
\x1e|\xb3\xa9\x8c\xe2m\xfb\x0c\xba<G\xd7&\xf1<\
\x82s\x97\x90~\x00=J\x88\xdc*\x96\xee\xaa\xc7x\
\xbb^\xd9\xba$\xcd\x06\xe1\xf9\xf3D\x97.!\x83\x0e\
d\x0d\xb8\xeb\x91\xf6\x09\x8aB\x1es\xb0\x1f\xa3\x5c\xbe\
rn\xe1g \xa5$\xf6}\xc2z\x1d\x7f|\x02\xef\
g\xef\x11]\x9eV\x17nV\xda\x9d$\xc80B\xe4\
rX\x1b\xc7p\xf7\xec\x22\xbfw/\xf9\xed\xdb\xb1{\
zn}\xe7y\x0f\x10\xa6\x89\xe1\xba\xb8\x1b7R>\
\xfc4\xf9\xdd\xbb\x10\x95\x8a\xea\xdf\x12]\x0d\xb9i\x05\
Y\x12\x06t\xce\x9f\xa7}\xec\x18\xe1\xdc\xdc\x95'\xd3\
\xdc\x12I\xb3I05E\xb80\xaf\xf2%\xd6U\xae\
')!T\x02\x11f\xa5\x07w\xdbv\xac\xde\xb4\x0f\
\xf7!AFQ\xda\x87x\x8a\xd6\xf1\xe3t\xde\x7f\x9f\
hrR)\xcd\xc8\xb4\xfa<{\xbd\x91\xaa.\x15\x86\
\x8d\xb5a\x0c\xf7\xb1\xc7(\x1d>L\xe5\x99g(\xa4\
\xd5\xe7vo\xaf\xca\x1b\xde\x85MC\xb6\xd1\xb4\xfb\xfa\
p7n\xa4\xb0g/\xa5C\x87(?\xff<\xc5#\
G\xc8\x1dx\x1c\xb3\xa7\x9a\x8emJg\xa8\x9a\x068\
&2\x0eIZu\xfc\xf1\xb34_\x7f\x1d\xef\xe4)\
\x92fs\xa5\x98\xefAA\x98&V\xa5\x82;4\x8c\
=2\xa2r\xac\xc5b:\xf2\xee6\xbe\x96\xcc\xeb\xcc\
6\x19qD\xd2\xac\x11L^\xa4}\xec\x18\xde\xc7\x1f\
\x13\xd7\xebk\x7f\xea\x8erG\xefBYo \xcf\x8e\
\x93\x9c?\x0f\x9dN\xba3\x5co\x91P\x0b\x85L\x12\
\x84\xe3`V\xab\x88|~\xfd\x05\xe5j$\x09Q\xab\
\x85??O0~\x9e\xe8\xfd\x93J\x107\xab\x9c\x12\
B}\xa0\xbe\x8fY)\x93;\xf8\x18\xf9CO\x92\xdb\
\xbc\x09'\x0d\xc7<\xc8\xb8\x83\x83T\x9fx\x82\xc2\xae\
]\x98\xfd\xfd\x90\xcf\xaf\x8a\x12\xc8tZ\xb7\xed \x13\
I01A\xfb\xe8Q\xc2\x99\xe9\xb5\xa7\xd1\xdc\x02q\
\xab\x95\x1a\xc5\x05%\xf5\xb6V\xd2\xad\x0b\x19&\x10H\
\xacR\x15w\xf3f\xac\x9e\x9e\xeb\xde\x00>\x08$A\
@k|\x9c\xc5\xd7_\xa7}\xec\x18\xc9\x85\xf3\xc8f\
Cy\xcekr\xac2\x8c\x91\x0d\x0f\xe1\xe4q\x9ex\
\x9c\xe2\x17_\xa1\xfa\xca\xcbT\x0f\x1d\xc2\x1d\x1a\xba\xe2\
\xbc\xf7\x02\xbb\xa7\x87\xca\x81'\xe8\xfb\xe2\x17\xe8\xf9\xb5\
_\xa6\xfc\xd5/co\x1cM\xf3\x9e\xd1\xca\xfa\x05\xaa\
\xa5DT\xf3\x84\x97/\xd1\xf8\xcew\xf0\xde}\x87\xb8\
VKG[\xddFcr\xb70\x0c\xacr\x19g`\
\x003\x97Sz\xa7w\xf0\xb5\x08\xc7\xc4(\xb9\xc4^\
\x03\xef\xa3cx\xc7\x8f\xab\x9c\xee]d\xfd;\xf6V\
I+\x1e\xa5\xe7\x91\xcc/ \x17TU\xa4Z \xd6\
\xbb\xf1\xa5z\x8f\xa5TF\xccuU\xe8\xef\x06\x16\x09\
\x19Ej>\xe2\xb9\x09\x82\xe9i\x92\xda\x92*'\xce\
v\xa4\xd9\x85\x9bH\xac\xde\x1e\x0a\x07\x1e\xa7x\xe01\
\xec\xa1\x81\xbb\xb6\x03\xbd\x93\x98\x85\x02\xce\xc0\x00\xee\xa6\
M8;wa\x8d\x8c\xaaE9\x8aTu\x9cP\x12\
V\xaa\xafj\x9ep|\x82hv\x9e\xa8\xddV\xd5u\
\x9a[&i\xd4\x09/L\x10MO+\xa5\x9a\xabE\
:$*\xdcf[\x98\x95\x8aj\xc3(\x97\xafj@\
\x1f$d\x1c\xafh\x99z'\xd2\xaa\xf3\x09\xb5)V\
\xd5\xa4\xeb\xe4\x10M\x1bsh\x18w\xd7.\x8a\x87\x9f\
\xa2t\xf8i\x0a\xbbv\xe2\x0e\xdd\xc5Y\x86\xd7\xc0p\
]\x9c\x81\x01\xf2\xdb\xb6Q<x\x80\xe2\x91g(>\
\xfd4\xb9\xbd\xfb\xb0*=H/P\x9e?\xa8\x0ao\
\xd7&n5\x08&&\xf0\xc7\xcf\xd1\xb9x\x91`a\
\x9e$\x08\xd6\x9e\xfa\xfeGJd\x10 \xdb\xed\xd5:\
\x85u.\xe9\xdbF\xda\xee\x22\xa3\x80p~\x9eh~\
^\xf5L\xdeE\xee\xc8](S\xf5v\x19\xa43\xb8\
:\xe9d\xe8;\xf8\x86&a\x8879I\xfd\xa3c\
\x04\xcb\xf3\x88\x82\x0dNZ\xe2\x9d\x1a\xe9L\xae\xc9\x1e\
\xe8\xa7\xf4\xd8c\x14\xf7\xee\xc3\xaa<\x5c\x13\xcd\xad\xc1\
!\xf2O=\x8d\xbbk7\x86m#}_\xe5\x13E\
\x9a\xd8N$\xb2\xdeFN/\x12\xce-\xe2/-\x11\
{\xde\xda\xd3hn\x02Y\xab\x11\x9f=K2y\x09\
\x82@m\xb4\xd6\x1aE\xa9&\x14\x08\xd7\xc2\xa8\xe6\xb1\
{+\xb8\xfdJ\x11\xe5\x0e\xdd\x1aw\x15\x19\x86\x04\xf3\
sxg\xcf\xd29z\x8c\xe0\x8dw\x88g\xe6!-\
\x9a\xb8\xc2C\xf4#d\xdd\xc3(\x94q\x9f>H\xf1\
\xf3/Qy\xee\x08\xe5}\xfb\xee\xcb\x5c\xb7\xe1\xba\xb8\
\x03\x83\x94\xf6\xec\xa5\xfa\xa5/\xd3\xfb\xab\xbf\x8e\xbby\
\x1b\xb2\xe6)\x81m\xb25.}\x8d2!XX\xa0\
y\xf2\x04\xde\xf89\xe2v\xfb\x8a\xf3=\x08\xc8(\x22\
\x9c\x9d\xc3\x1b\x1f'\xaa\xd5\xd4\x08*c\x9d\xeb\xfav\
\x91\x85S\xef\xd4\xf9\xaf\x83;b\x14I\x0dc&\xac\
M\x98\xba\xdbw\xf0u\xca0$\xb8x\x09\xef\x83c\
\x84\x0b\xf3\x90\xb7U.\x91t!\x8ac\x84\xebb\x0e\
\x0c`o\x18S=NCC\x98\xb9\xab\x8f\xafz\x10\
\xb1\xfa\xfa\x94T\xd8\xb6\xad\x18\xae\xa3\x06\x84&\x89\xf2\
\x94\xb3\x0b-\x0c\x91\xed6\xd1\xd2\x22\xc1\xcc\x0cq\xab\
\xb5\xf64\x9a\x1b@\xc61\xb1\xef\x13\xd7\xea\xc43s\
$K5\xe5\x15\xad\x8d\x8c\xa4\x91\x0a\x00Q.\xaa\xc1\
\xd4=UU\xf1|\x1f\xf6\xc4\xde0R\x12{\x1e\x9d\
\xf1qZ\xef\xbe\xa7\xe6\x94^\x9eF\xb6=e\x10\xb3\
hL*\xa7(,\x0b\xa3R\xc5\xde\xb2\x85\xc2\xe1\xa7\
(v{\x88w\xb1\xb0\xe2z\x11\xa6\xa9\x04\xfb\x87\x87\
)\x1e8@\xe9\xb9\xe7pw\xef\xc1\x1c\x1cB\xe4T\
\xcf\xb0\xda\x80\xa6\x1e\x8fa\x12-,\xd0~\xffC\xbc\
Sin\xec\x0e\x86\x1eo'2\x8a\x08\x17\x17\xf1/\
]\x22\xb8t\x91hrR\x09Q\x5c-\x05v\xbb\x90\
im\x89mc\xf6\xf4`T\xab\xb7\xde\x06r\x83\xdc\
1\xa3x\xb7\x91AH2q\x89\xe8\x9d\x0f\x913\xf3\
\x08W\x95\xf2\x22D\xaa\xc6\xaf$\xa2\xdc\xc7\x1e\xc3\xd9\
\xb9S\x0d\xc8\x5co'\xff\x80cW*j\x86\xd9\x86\
\x0d\xca\xe0\xa7^\xb2z\xa85Z\xd8\x06X\x92\xb8\xbe\
Lp\xf1\x22\xd1]Nd?l\xc4\x9d\x0e\xc1\xd2\x12\
a\xbd\x85\xf4b\x88\x04\x92t\xb7\xbb\xf6\xf2Jb\x00\
Do/\xc6\xd6\xad\x88\x9e\x87$R\x91\xd6\x04\xc4\xb5\
\x1a\xedw\xde\xa5\xfe\xdd\xef\x10^\xbe\x84\xa8\xe6\xd5\xa4\
\xf6\xeeC\xa3\x08\xe9y\x18\xd52\xf6S\x8fSx\xe1\
\x19*\xcf\x1c\xa6\xb4{\xf7}?V\x08\xd2B\x9cJ\
\x05gl\x8c\xdcSO\x90{\xf5E\xac\xb1Q\x15b\
L\x0b\x89\x84eB\xce!\x9e_\xa4\xfd\xc6\xbbt\xde\
?F\xb4\xb0H\x12E\xcaa\xb8\xcf\x89\xdb-Z\xa7\
N\xb2\xfc\xdaO\xe9|\xfc\x09riI\x85\xc0\xb3j\
\xf6;\x84\x8c\x13d\x10`\xe4\x0b\xb8\xdb\xb6\xe3n\xdb\
\x8eY*\xad=\xec\x8e\xf2\xe0\x1bE\xa9\x86]&\x9e\
G<=Kr\xf6<\xb2\xd6XmG \xcd]\xf8\
\x11f\xb1\x8c\xbbc'\xce\x96\xcd\x18\xc5\xe2\x1d\xfdp\
\xef\x15f\xa1@nx\x18wx\x18\xb3\xb7\x0fQ,\
\xaap\x87LP\xc9,\x01\xb6\x814!\xaa-\xe1_\
\xbcp\xd7\x13\xd9\x0f\x1bq\xa7C\xb0\xbc\xac\x94\xff\xc3\
\xd4+g\x9d\xf4y\x9aV\x000\xfb\xfa\xb0\xb7n\xc5\
\xbc\x0f\xc3\x847C\x12\x86\x84\xb5\x1a\x9d\xc9I\xbc\x93\
'\xf1>\xfc\x90hyA\x8de\xcbZ\x17\xb2\xbc~\
\xfa\xfe\x98\xc3C\xe4\x9f>H\xf1\xd0S\x14\xf7\xee!\
7:z_z\x88k\x11\x86\xa1\xaaS\x07\xfa\xc9\xed\
\xdfK\xf1\xa5#\xd8\x1b7\xa8\x88L\x16\x951\x0c\x84\
m\x137\x9b\x04g\xc7\xf1\xcf\x8c\x13L\xcf\x10\xd5\xeb\
\xaa\x1d\xe7>E\x86!Q\xadF\xe7\xe2%Z\x1f|\
H\xe3\xcd\x9f\x11\x9c?\x0f\x9e\x97F?\xeeph3\
[\xab\xf3\x05r\xdbw\xe0n\xdb\x86\xa1\x8d\xe2\x8d!\
\xe3\x98\xb0\xd9$XZ\x22\xe9t\xd6~[\x11&\xe0\
E\x08\xcb\xc5\x1a\x1a\xc2\xea\xeb\xc7p\xee\xaeK~\xb7\
\xc8\x1a\xf6\x8d\x9e^\xac\xdd\xbb1\xb7mG\x14\xf2\xab\
\xa5\xd4B\x85\x81\x10BI\xf0ML\x10-/\xaf=\
\x8d\xe6\x06H:\x1d\xc2\xe5%b\xaf\x894cH'\
D}\x8a4\x8c\x8fL\xb0\xfa\xfa\xc8m\xdf\xaef\xcb\
=\x04D\x8d\x06\xf5\x13\x1f\xb1\xf4\xce\xdbtff\xd4\
\x17WrC\xe9\x9b!\xd5\xf0e\x91\xcf!\x86\x86\xc8\
\xed\xdaE\xcf\x91g)\xed\xdb\x87u\x97\x17\xbe\xdb\x81\
\xe18\x146o\xa6\xe7\xa9\xa7\xc9m\xdd\x0a\xe52\xb8\
n:q'\x0d\x93\x9b\x02\xe1\x9a\xc4\x9d\xa6\xd2a\x1e\
\x1f'j6\xd7\x9e\xea\xbe!\xaa\xd7\xa9\x7f\xf8!K\
?\xf8!\xcd\x9f\xbe\x89\x7f\xf48\xc9\xc22\x22\xa7\xa4\
$\xef\x18Yj!J\x90~\x8c\x95/S\xdc\xb1\x83\
\xe2\xf6\xedw\xfd\xda\xb8O\x8cb:\xd5\x81\xd5\x98\xf2\
\xf5\xc6\xdde\x1c\x13\xb5Z\x84\xb5\x1a\x89\xef\xab<\xed\
\xda\x83b\x89\xf4c\x0c\xcb\xc5\x19\x1c\xc2\xea\xebC\xd8\
\x0f\xe9h\x9eT\xd7\xd0\xec\xe9\xc1\xde\xb1\x03{\xebV\
D.\x9f*\xa8dU\xa8\xaa\x00)Z^\xc6?\x7f\
^%\xd057M\x12\xaa\xa1\xceq\xe0\x81\x11#\xae\
V8-\x81(F$`\xf7\xf4\xe2n\xde\x8c\xf90\
\x14zII\xd4h\xd0<q\x92\xda\xbbG\x09\xe6\xe6\
V=\x8a\xee\x10r\x9c \x83\x18\xa3X\xc6\xda\xbc\x85\
\xdc\x9e=\x94\x1f?@a\xeb\xd6\xfb\xa2\xca\xf4F\x11\
\x96\x85;<Li\xcf\x1e\xdc\xad[1\xc7\xc60\x8a\
%\x88\xd2z\x0a\xa9\xfa\x17\x85k\x12\xb5\x1b\xb4?\xf9\
\x98\xf6\x993\xc4\x8d\xc6\xdaS\xdd[\xa4T\x1eb\xa3\
Agj\x92\xe6\xfbG\xa9\xbd\xf6\x1a\xed\xf7?$:\
;A\xd2h^\x99\x13\xbe\x13\xa4\xc2\xef\x08\x0b\x91/\
a\xf7\x0fQ\xd8\xb2\x95\xfc\xd8\xd8]\x8f\x1e\xdc\x1fF\
Q\xac.\xe62\x8eI<O\x0d\xbe\xbc\x0e\xc3(\x93\
\x04\xd9\xe9\x107\x9b*\x9e\xbf\x0e2}\x98\xf9<\xee\
\xc0\x00NO\xcf\x03\xdf\x97\xf8Y\x98\xc5\x22\xb9\xb1\x8d\
\xb8##\xea\xb5v\xe72\xd2\xfeEY\xaf#\xa7\xa7\
\x91\xf7\xf1\xce\xf5\xa1B\x82\x8c\x80\xc8\xc0\xc8\x15\xb0{\
{\xef\xfa\x0d\x7f\xdbI\xd4P\xf0d\xb9F|\xfa,\
\xc9\xb1\x93*}\x91\x8a\xd4w#\x83\x98\xa4\xe1c\x0f\
\x8dRy\xf9s\x14\x0e\x1cPi\x8c\x07\x1d\xcb\x22\xb7\
k7\xd5\x9f\xfb9U\x8d\xdaV\xfa\xcdH\x99J\xa5\
\xd9$\xf5\x1a\xfe\x87\x1f\x12\xdc\x83\xbe\xbbk\x92\xe6\x82\
\xfd\xd9Y\x96\xdfx\x83\xc5\xef|\x97\xd6\x9bo\x12\x9d\
\xf9\x18\xe9\xb7\x10\xd5\x02\xac\xc9\x09\xdf\x09d\x10\x91\xd4\
;X\x83C\x94\xbe\xf4*\xf9\x17\x9f\xc5\x1a\x1aT\x0a\
cw\xb9U\xe9\xee>\xdb\xb5H\xc3~2\x8cHZ\
m\xd5Jp\x1dF1\xd3\xf4L\x9aM\x15\xab_o\
\x87\x8e:\xbf\x91\xcf\xe3\xf4\xf5\xab\xa1\x96\x0f\xbbQ,\
\x14p7\x8c\xe2\x0e\x0da\xd8\x96\xea\x9b\xcbZ3\x84\
\x9a#)\x1b\x0d\x92\x99Yh6\x95\xc1\xbc\x9e\xf7[\
\xf3iVrei%\xd3\xd5\x90@\x04\xc4\x02\xd3-\
`\xf7\xf4b<\xe0\xd5\xcf2IH|\x9fxq\x99\
\xf8\xcc9\x92Sg\xa0\xd1D\xb8k<\x0b)\x91\xb1\
D\x86\x12gd\x8c\xca\x0b/P\xd8\xb7\xff\x81\xf4\x10\
\xd7\x22L\x13w\xc7v*\x9f\xff\x02\xee\xe6m\x10H\
d\x10C\x92\xf5\xdd\xd9$\x8d&\xc1\xc9\x93\x04'O\
\x12/-\xaat\xc6\xbd\xbc\xdfRc\x98\x04\x01q\xbb\
\x85\x7f\xe9\x12\xb57\xdfd\xf9\x07?\xc0{\xef=\xa2\
\x89s\xc8\xd0CTr\xd7\x1e\xe0p\xab\xac\x84M%\
\x22\x94\xd8\xa3\x1b(~\xfee\x0aG\x0ea\x0d\xa6s\
E\xd7\x0d\xbb\xdc9\xee?\xa3\xd8l\x90\x5c\xbaD\x92\
i\xed}\x06RJ\x12? \xe9xHB\x84\x03d\
\xf7\xa2Tn\xb9p-\x8c\x9e\x02F9\x8f\x91KG\
\xcc\xdc\xe57\xfa\xaec\x18\xa9h\xb2\x8d\x88\x0c\x08Q\
7)]\xeb\xb6\x1f#\x9b\x01q\xd3#j6\x893\
\x09.\xcd\x0d!\xc3\x80\xa4\xd5Rz\x8d\xa4\x9e\xf85\
\xaf/5*)\x13\xb5~\x90\x89=\x0foj\x0ao\
\xea\x22\xb1\xdf\x02\xe7\xd3\xab\x8a\x8c\x94X\xb69:\x8c\
\xfb\xfc!\xdc\xc7\xf6\xe2\x0e\x0fa\x17ol$\xdc}\
\x8b!pzz(l\xde\x8c\xb3y\x0cc\xcb(\xa2\
\xb7\xbc\xb2\xf9T\x89|\x092!n5\xf1.]\xa2\
}\xf1\xe2=\xcd-\xc6^\x9b`v\x96\xc6\xfbG\x99\
\xff\xf3?g\xe1/\xff\x82\xce{\xef\x92L_\x868\
R\x8abwR\xaf55\x86\xd2\x0bI\x96\xdb\xd8\xc3\
\xa3\x14\xbf\xf4*\xe5\xcf\xbdD\xf9\xb1\xc7\xc8\x8fn\xc0\
p\xef\xcd\x86\xf1\xfe3\x8a\x8d\x06\xc9\xe4%\xe4\xf2\x12\
\xc4\xd1\xda\xa3>M\xa2Jxc\xcfC\xcaH\xdd\x94\
+\x9fe\xda\xb4\xef\xa8Fi\xa3\x9c\xbb)\xb5\x9c\x07\
\x11a\x18j,\x8fiA\xbc\xd6(\xaa\xcc\xab\x0cb\
d+ ny\x84\xad\x16I\x10\xac\x14Njn\x80\
0D\xb6ZJA\x09\xb5!\xb9\x96\xc7(\x84\xc00\
M\xcc\x87@I)j\xb7\xf1\xa6\xa6hON\x12\xf9\
-\xb0\xbb6\xa5\xa4\x8b_\x1c#\xfd\x00st\x08\xf7\
\xf9\xc3\xb8\xfb\xf7\xe0\x0e\x0fc\x95J\x0f\xfc\xeb\x07\x10\
\xc2\xc0\xae\xf6P\xd8\xb4\x19g\xf3F\x8c-\xa3\x18\xbd\
\x15\x95W\x95]\xfd\xd92!n\xb5\xf0&/\xd1\xbe\
x\x81\xa8u\x0f\x8db\xdb\xc3\x9f\x9d\xa5\xf9\xfeQ\xe6\
\xff\xf2/X\xfc\xab\xaf\xa9\xc9.\xd3\xd3\xc88F\xe4\
\xf3J\x11\xebN\x91EW\xbc\x10\xb9\xdc\xc6\x1a\x1e\xa1\
\xf8\xa5\xcfQ\xfe\xdc\x8b\x94\x1e\xdb\xaf*\x91\xefQ\x14\
\xe5\x8e\x18E5\xd6(\x15x\xcd[\x90K\xfb\x01\xaf\
\xe5\x85\xa4yE\x19\xc4\xc8z\x87h\xa9\x81?\xbf@\
\xd4h\xac\x94\xb1\xaf\x87L\x12b\xafM\xdcl\xa8\x10\
\xa1e\xa9\x9dz7\xa6\x89t\x1c\xb0\x1e\x82\x06\xe9\xeb\
DX\x16f\xb1\x80Q(\xac\x8a\x18\xac\x87\x84$T\
--I\x14]\xfb3\xd2\xacK\x12\x84D\xad\x16q\
\xc7O\x1d\x83u\xfa\x13\x1fR\x12\xaf\x8d?y\x89\xe0\
\xd2%U\xe8\xe6\xac35=H\xa0\x1d\xe1\xf4\x0cP\
~\xfcqrcc\x0fm\xfa\xc2\x1e\x1d\xa1\xf8\xd4S\
\xd8c\x1b\xd2\x01\x04Yn\xd1D8\x0e\xb1\xd7\xc6;\
qRM\x0cYXX\xfb\xe3w\x8c\xd8\xf3\xf0\x17\x17\
i\x9c<\xc9\xc2\xf7\xbf\xc7\xc2\xd7\xfe\x9a\xc5?\xf93\
\x9a\xdf\xff\x09\xf1\xf4\x0c\x22N\xd2\xd9\x90\xf6\x9d\xcb\xe1\
\xa5\xeds\xd2\x0f\xd4\xfb\x12E\xe4\x1e\xdfG\xdfo\xff\
Cz~\xf1+\x94\x0f>\x89\xbba\xc3=\x1fgw\
g^}:\x9b\x0b\xdbD\xe4-pM\xf5L\xd9\xee\
`=D*C\x96&\x5c\xa3\xa5:\xc1\xc2\x02a\xf3\
\xdaF\x91D\x15\xe6\xc4\xcd&I:\xa9{\xad\x86\xa4\
4M\xa4\xe3\x22\x1f\x01\x0f1CX\x16F\xa1\x88Y\
(*o\xf1\xaaHd\x14\x12wTq\x93\xe6\xc6I\
\xc2\xd4(\xfa\x1d$i/\xe8#B\xd2\xf6\x08.]\
\xc2\x9f\xcc\x8c\xa2s\xe5\xfd'\x95\xf8\xb9l\x85\xb8\xbd\
\x03\x94\x0f\x1c \xb7q\xe3C[\xe8f\x8f\x8eR8\
t\x08gl\x0c\x91\xc4J\xe5F\xaa\xa9 \xc2qI\
\xda\x1e\xde\x89\x13\xb4\xef\xb2Q\x8c<\x0f\x7fi\x89\xc6\
\xc9\x13\xcc\x7f\xef{\xcc\x7f\xed\xafX\xfc\xaf\x7fF\xf3\
{?\x22\xbe<\x8bHb\x84i)\xb1\xf6;e\x14\
Q\xd5\xd72\x08Tt%\x8a\xc8\x1f\xd8O\xdf\xef\xfc\
Cz\xbf\xfa\x15\xca\x07\x0f\x92\x1b\x1b\xc3p\xeemg\
\xc0\x1d|\xf5 \x0a\x05\x8c\x91\x11\xcc\xa1!\x84\xeb\xaa\
B\x8f\xcf\xc22\x10y\x8b\xa8\xbeL\xeb\xf4i\xfct\
\x07\xfa)\xb2D\xb1\xe7\x11^\xbcHp\xfa4\xf1\xf2\
\xb2\xda\x81f\xf3\x1a\xd7\x1a\xe1Gh\xb1\x12\xe9\xc0P\
\xe3zv~+E\x22W\xd9\xb0h>\x03\xa9\xf4~\
\xd7~\xf9a&\xbb\xff\x1aM\xe2\xf3\x93\xc4\x13\x97\x90\
mOE%\xb2\xebM\xaa?\x84m\x22\x8a.f\xa5\
\x88\xd3\xd3\x83\x95\xcf?\xb4\xf7\xa2\xdd\xd3Cq\xcb\x16\
\x9c\x9e~HLd\x98)I\xa9V(\x19F\xc8\xf9\
e\x92\xe9\x05\xe2\xe5\x06Q\x16\xa1\xb9\x8d\xc8D\x85i\
\x83\xd9Y\x9a\x1f}\xc4\xc2\x0f\x7f\xc0\xd2\xd7\xbf\xc9\xf2\
\x7f\xfd3\x9a\xdf\xf9\x1e\xc1\xb1cD\xd3\x97\x91I\x00\
\x96PV \x8bn\xdc\xee\xcfE\xaaV\x0b\xd9\x0e\x90\
\xed\x10\xa3\xda\x87\xb3w/\xe5/~\x91\xc1\x7f\xfaO\
\xa9|\xees\xe4\xb6m\xc3\xee\xefW\xb32\xef\x03\x95\
\xb1\xcfX-o\x0d\xa3X\xc4\xdc\xb0\x01cdD\x19\
\xc5\x95\xc5\xf7\x1a8&\xa2h\x136\x97h\x9d:I\
\xe7\xc2E\x12\xff*M\xf9IB\xd2\xf6\x08\xcf\x9f\xc7\
\xff\xe8#\x92\xa5\xa5\xd4\xfd\xef\xaa\xb4\xb9\x9e\xe7|\x08\
\x11\x86\x81i\xdb\xd7g\x145\x9a\x1bD\xcatbz\
\xa3Er~\x8adb\x12\xd9\xf2\xae\x94\x01\x93\xca \
\x08\xc7\xc4\xa8\xb8\x98\xe5\x02V\xa9tW\x06\x05\xdf+\
\xecJ\x95\xc2\xa6\xcd\xb8\xd5>Dl\xaaj\xe3\xcc(\
\x1a\x86\xea\xc5[j\x92\xcc-\x11\xd5\xeaD\x9e\xa7\xd2\
>\xb7\x93$!j4\xf0/_\xa6~\xf4(\xf3\x7f\
\xf37\xcc\xff\xd9\x9f\xb3\xf0\x07\x7fD\xf3[\xdf!\xfc\
\xe8\x04ry\x01\x913\x11%\x17\xb2\x01\xec\xb7\xdb\x18\
\xc9\xb4\xb24\x8c\x91\xcd\x0e\xb2\x15a\xf4\x0d\xe0<\xf1\
\x04\x95\xaf\xfe\x12\xc3\xff\xfa_\xd3\xf3\x85/\xe0\x8e\x8d\
a\x96\xcb\xf7\xcd5qG\x7f\x0b\xb3R\xc6\xdd\xb1\x1d\
w\xf3f\x0c\xd3Ez!D\xd7\xf6\x16\x85i\x80c\
\x93,/\x11\x9c<I\xfb\xfd\xa3\xd4\xdf}\x97\xc6\xf1\
c\xb4\xce\x8d\xd3\xbex\x81\xf6\xf9\xf34N\x9db\xf9\
\xf5\xd7Y\xfe\xf1\x8f\xe9\x8c\x8f\x93\xa4\xa3M\xd4\x87\x9b\
\x9e,\xbdq\x85\xebb\xf6\xf6\xaa\xc6\xda\xb5\xf9\x8e\x87\
\x18a\x18\x0f\x7f\x95\xad\xe6\x9e \x93\x848\x08T\x1e\
\xd5\xeb\x80\x1f\xac\xb6\xfc\xac\x1c\xa46\xa3\xa2Z\xc1\xd8\
\xb4\x11\xa3\xb7\x07\xe3\x1e\xf4\x9d\xddM\x0c\xdb\xc6,\x16\
1*eDO\x05\x0a9\xb5\x1e\xadl\xcc%\x10#\
C\x9f\xb0\xb6L\xb8\xb0@|5%\xae\xcf\x22\x95\x0d\
\x8c\xdbm\xfc\xe9iZ\xa7N\xb1\xfc\x93\x9f\xb0\xf0\xd7\
\x7f\xcd\xd2_}\x9d\xe5\xbf\xfa\x16\xcd\x9f\xbcF\xe7\xf8\
q\xc2\xc9\x8b\xc4\xad\x1a\xd2o\xa7y\xce\x04\xccL\xc8\
\xe36\xad\x11Yd.L=C/D\x22\x10==\
\xe4\x9ex\x9c\xca\x97?O\xf5\xf3\x9f\xa3\xfa\xe2K\x14\
\x1f{\x0cgt\x83\x12\xfd\xce\x0a\xcen\xd7\xefq\x8b\
\xdc\xd1\xab\xd3\xacT\xc9\xef\xdaEn\xcb6\x0c\xc3A\
\xb6\x02\xe4g\x18ER\xcd\xc0di\x89\xe8\xe4\x09Z\
?{\x8b\xa5\x1f\xfe\x90\xc5\xd7_\xa7\xfe\xd1G4>\
\xfe\x98\xfa\xa9S\xd4\xdey\x87\xf9o~\x93\x85o|\
\x1do||54\xdb\xad\xcd\x97\xa8\x8b\xc6\xc8\xe50\
\x07\x071z\xaaw\xb6\xccX\xa3yD\xc8&\x83$\
\x81\xaf4?\xd7\xd2\x15\xa11z{1w\xec@\xf4\
\xf5\xdd\xd9|\xd5}\x800M\x15\x9d)\x17`\xa8\x07\
Q)\xaa\xc2\xbf$}?\x0c\xc0\x06I@X[\xc4\
\x9f\x9b%\xf6nn\xa4\x94\x1at\x10\x11\xd5\xebx\xe7\
\xcfS\x7f\xf7]\xe6\xff\xeakL\xff\xc1\x1f0\xfb\x1f\
\xfe\x13\x8b\xff\xf9Oh\xff\xe0G\xc4g\xce [5\
\x8cj\x0eQ\xca!\x5c\xfb\xea\xb3>o\x894z\x10\
\xa8\x91`\xb2\x19 \x85\x891<H\xf1\xd5\x97\xe8\xfb\
\xed\xdf\xa4\xffW~\x99\xfeW_\xa5\xb0m\x9b*>\
\xba\x0f\xaf\x87;\xfa\x1b\x99\xa5\x22\xf9\x8d\x1b\xc9m\xda\
\x84\xd9\xdf\xa7vM\xa6\xb9\x12VY\x17\xa1\x0and\
\x92 }\x9fhz\x86\xceG\xc7i\xff\xecg\xb4~\
\xf2\x13\x9a?\xfa\x11\xcd\x1f\xff\x88\xd6\x1bo\xe0\x1d\xfb\
\x10\x7fb\x82\xa4QO\x8d\xe1\x95\xa7\x922\x818A\
\xe4rX\xfd\x03\x98\x95\xca\xa7+\xe3\x1eV\xc4:2\
[W|?-\x9d7%I\x1c\x12\xa7-\x19\x8fb\
\xa8Ys\x13\xa49E\x99$WW\x9eJ\x0d\xa3p\
]\x8cJE\x8dWz\xd8I\xc3\xa4F\xa5\x82\xb5q\
\x03F\x7fo:\xc74V\xa1\xe4t\x88n\x12\x85\x04\
\x17/\xe0\x9d>M\xb4\xb8\xa86\x16W{\x1f\x93d\
E\xce\xd2\x9f\x9b\xa3}\xee\x1c\x8dc\xc7\xa8\xbf\xfe\x06\
\xcb\x7f\xfb]j\xdf\xfa\x1b\x1a\xdf\xff\x01\xcd7^\xc7\
;v\x0c\x7f\xfc,\xc1\xa5\x8b\x84\xf33\xc4\xb5e\xa4\
\xe7\xa9\xe7\xb7\xcd\xd5\x9c\xef\xad\x1a\xc4,|\x1eEH\
?D\xb6}\xd59 L\x8c\xde\x1e\x9c=\xbb\xc8?\
{\x98\xca+\xafP}\xf5U\xcaG\x9e\xa5p\xe0q\
r\xdb\xb6\xe2\x0c\x0eb\xde\xc7\x03\x19\xee\xa8Q\xb4\xf2\
\x05\xdc\xe1\x11\xdcMc\x98\x1b\x87\x11\x83=j\x97\x92\
\xa4\x13\x1b\xae\x81\xb0,D>\x8f\xecxD\xe3\xe7\xf0\
\xdfy\x87\xd6w\xbfK\xf3\x9b\xdf\xa0\xf5\xedo\xe1\xbd\
\xf6S\xe2\xf3\x13\x88v[\xe9\x0c\xae\xb7\xf3\xc9<E\
\xd7\xc5\xea\xeb\xc3,W\xeel\xef\xcd\xfdDzsb\
\x98\xa9\x05\xfc4\xc2\x02\x1cH\x02O\x09\xaa{\x9d\xab\
\xdf\x98\x1a\xcdZV\xbc\xc1\xab\x5c3\xe9\xc2\xa9*/\
\x9d;;\x9c\xf6>\xc3\xa8Vq\xb6n\xc5\x1a\x18\x80\
T\xbeRy\x8a\xea\xbd\x90aH\xe7\xccY\xda\xef\xbf\
O83\xab\x0c\xccU\xee=\x99\xb6v\x84K\x8b\xb4\
&&\xa8\x1d=\xca\xc2\xdf\xfd\x1d\xb3\x7f\xf6?\x99\xf9\
w\x7f\xc0\xdc\xbf\xfb\x03\x96\xff\xc7\xff\xa4\xfd\x93\x1f\x13\
]\xbc\x88\x88cD\xceB\xf4\x16\x10\xc5\x1c\xc2I=\
\xc3\xdbE\xea\xd4\xc8(\x86 D\xb6;\xc8e\x0f\xe9\
EH\xcb\xc6\xdc8F\xfe\xd5\x97\xe8\xf9\xcd_c\xe0\
\xb7\xff1C\xbf\xf1\x9bT\x0e\x1d\xc6\x1d\x1e\xc1z\x00\
d\xfd\xee\xa8Q\x14\x96\x85U(\xe0\x0c\x0d\x91\xdb\xbb\
\x1bw\xd7N\x8c|\x11\xd9\x89>3\xb7\x88a(\x03\
\x16\xc7$\xcd&\xf1\xfc<\xd1\xd4\x14\xd1\xa5KD\x93\
\x93\xc4\xb3\xb3\xc8f+U\xbdI\xcb\xe0\xd7\xdep\xb1\
\x84 \xc6t\xf3\xb8C\xc3\xd8=*\xa7\xf1(\xb0\xda\
+j!\xf2.\xe4\x1c\x95?\xc8\xee;\x81\xda5\xda\
&\xe1\xe2\x02\xde\xa9S\x04\xb33*\xdf\xb0^8L\
s\xdb\x90\xd9\xb83\xdf\x87\xdb]dq\x97HR\x01\
\xe9\xa8\xd5D&QZ\xc1x\xe512+tK\xaf\
\xc5;:\x9c\xf6>\xc3,\x95\xb07l\xc0\xec\xedU\
y\xfd\xb8kt\x9bi)\xcfon\x8e\xe0\xcc\x19\xda\
G\x8f\xd2x\xfdu\x1ao\xbfM\xe3\xe8\xd1\xd5\xc7\xdb\
o\xd3x\xf3\x0d\x1a?y\x8d\xfa\x0f~L\xe3G?\
\xa1\xf9\xdaOi\xbe\xf9\x06\xadw\xde\xa6\xf5\xfeQ\xda\
\x1f\x1d\xc7\xfb\xf8\xb4\x12\xf6\x9f\x9d%i\xab\x81\xe1\xc2\
2\x94\x03b\xdf\x84g\x98\xe5\x06\xb3MM\xaaH$\
;\x01\xd2\x0b T\x06\xde(\x16\xb1\x86\x87q\xb6o\
'w\xe0q\x0aO?M\xf9\xc8\x11\xca\xcf?O\xf9\
\xf9#\x94\x9e}\x86\xd2\x93OR\xd8\xbd\x1bgx\x18\
\xb3Px \xfaS\xcd\xdf\xff\xfd\xdf\xff\xfd\xb5_\xbc\
\xdd\xc88\x06\xcbD\xc4\x09\xd1\x85)\xa2\x8b\x97U\x0f\
c6g\xedZd\x8b\xbb\xa9\x16xl\x1bl[\xbd\
\xb9\x9f\x15\x0a\xf0\x02d+\xa4\xb0\x7f?\xe5\xe7\x9e%\
\xb7e3vo\xefC\xdb#u\x05B \x84 \xb8\
<E\xf3\xf8\x07\x04\xf33\xea=\xbc\xe2\xfb\x06\xc24\
I\x80hi\x09wp\x88\xc2\x8e\x1d\xab\x0d\xbcW{\
_5W\xd0\x99\x9c\xc4\xbbp\x81\xe8\xf2e\xe2\xe9i\
\x08\x02%\x86\xbd6_\x12Kd'\xc4\xb0lr\x07\
\xf6\xe3\xee\xd9\x89\x99\xcb?\x10\xbb\xe7\xb5\x84\xb5\x1a\xde\
\xa5Kx\xa7N\xd29q\x9cxy\x01\xe1\xdaW\xe6\
\xec\x93\x04\x01\x18\x83\x83\x98\x83\x83\x14\xb6o\xa7\xb0}\
\xfb#\x91\xd7\x8f\x1au\xa2v\x9bh\xfa2\xd1\xf8Y\
d\xdbS\xeb\x97i\xa6\x9b\x07\x89\x88ch\xb7\x89f\
f\xf0N\x9d\xa4u\xf2$\xad\xd3\xa7h\x1d;F\xeb\
\xd81\x9ao\xbfM\xf3\xcd7h\xfe\xe4u\x1a?|\
\x8d\xd6\xdb\xef\xd09\xfe!\xe1\xb9s\xa9S\xd0X\x09\
\x8b\x8a\x9c\x8dpR\x05\xab[\xbdwW\x0c\xe2\xaa\x1a\
\x91\xec\xf8\xe0\x85\xd0\x0a\xc1\x14\x08\xd7\xc6\xde8\x86\xbb\
w\x1f\x85\x83OQz\xf1y*/\xbf@\xe5\xa5\x17\
)?\xf5\x14\xf9\xed;p\x07\x07\xb1\x1e@)\xbf\xbb\
b\x14\x85\x10J\xf88J\x08.L\x12\xce\xce#,\
\x91\xea\x8e\xad\xe3\xe1u\x93y\x80\x86\x01\xa6\xa9\x92\xb3\
\xa6\xa9.\xae\xab}\xf8Y\x18\x22\x060(>\xfd\x14\
\xe5\x97_T\xd3\xe8\x1f\xc0\x0f\xe9\xa6\x11\x82`~\x8e\
\xf6\xd9O\x08\x96\x16\x10Q\xa4\x9a\x89WB\xab\x02\x84\
A\x12\x04D\xcb\xcb\xd8\xbd}+\xf3\xfdDZ6/\
\xd6\xf3\xc05\x8a\xf4:k\x9f=C\xfb\xa3\x8f\x88.\
]\x22\x99\x9fW3\x03\xaduB\x85\x89D\xfa!\x86\
m\xe3\xee\xdb\x83\xb3c+V\xb1\x84]}\x00\xc6G\
I\xd5\x8b\x99\xf8>q\xb3I\xe7\xc2\x05Z'N\xd0\
9y\x82\xf0\xfc\x04\xb2\xddT\x9b\xd5\xee{\xebQ6\
\x8a\xad6\xb1\xdf!\xbap\x11\xff\xe4)\x92V{5\
\x8c\x99]\x17q\x8c\xect\x88\x16\x16\x08\xa6\xa6\x08\xe6\
f\x09fg\x09.)\x85 \x7f|\x9c\xe0\xdc8\xfe\
\xf89\x82\xf1\x09\xc2\xe9\xcbDK\xf3$\x8d\x86\x92\x14\
LT\x05\xa9\xb0-u\xbd\x99\xe6\xba\xb5\x15\x9fB\xa6\
\x7fd\x9e`\xa2\xe6\x5c\xca(Q\x11\xbc(\xcd\x7f\xe6\
r\xaa\xd7\xbcX\xc4\xacT\xb0{\x07\xb0\x07\x86q6\
\x8d\xe1l\xd9D~\xff~\x0aO<A\xfe\xf1\xc7)\
<q\x80\xc2\xde\xbd\x14v\xee\xc4\xdd\xb0\x01\xbbZ\xc5\
\xcc\xe5\x1e\xc8\xb5\xf6\xee\x18EC l\x07\x99$D\
\x8d\x1aQ\xe0!\x83\x0eI]\x15\xc8\xdc\xf67.Q\
\xf3\xccD>\x8f\xe8\xeb\xa5x\xe4\x19*/<\x87=\
0\xa0\xca\x7f\xd7.V\x0f1Q\xadFgfVM\
\xfcn4\x90\xf5\xba\xcak\x98i\xbcK\xa89w\x22\
\x08\x90Q\x84?;\x8bD`e\xef\xd5}Z!v\
?\x90\xf5\xea\xb5\xdf?J\xe3G?\x22\xbat\x09\xe9\
yj\xcd[o\xc3&%D!\xc2\xb1\xb0w\xed\xc0\
\xdc\xbc\x19\xbbZ\xc5\xe9\xeb\xbb\xf2\xb8\xfb\x90\xac\xd21\
XX\xa0}\xf1\x22\xad\xf7\xdf\xa7\xfd\xfak\xf8'N\
\xaab\x0e\x99(c\xd7}\xad<\xc2F1\xf1<\xa4\
\xef\x13\x8e\x9f\xa7\xf3\xfe\x09\x92f\x0b\x5c{u\x9c\x96\
\x10\xab\x0eA\xf6\x90\x12\x82\x00:\x1d\xf5\x08\x02\xb5\xc1\
\x12\x02\x1cKy\xe2\xae\xf2\x08\xaf\x88\x92\xdd\xc8r\x96\
\xe6\x03U\x91L\x0ca\x04A\x1a\x16\xf5Bh\x87*\
\xbd%,\x8c\x91a\xac\xed[qw\xef&\xf7\xe4\x93\
\x14\x8f<K\xf9\x95\x97)\xbf\xf4\x02\x95\x17\x9f\xa7\xf8\
\xd4\xd3\x14v\xef!\xb7q#v\x7f?V\xb1\xf8P\
\xf4E\xdf%\xa3h*=;!\x88\xc3\x80$\x0eI\
\x96\x16\x89f\xe7VB\xa3+\x0b\xf4\xad\x223)\xa1\
\x10kd\x18{\xe7v\xca\x87\x0fQz\xea V\xb9\
\xf2H\x19D\x80\xd8\xeb\x10\xb5\xdb$\xad\x16\xf1\xd44\
\xf1\xec\xbc\xd28\xb4\xd20\x8e\x10\x88H\xc9Qe\xfd\
N\xc2\xb20\x0b%\x84\x94\xea^\xed:\x9f\xf6\x1cW\
\xc3Kq\xa3A\xb8\xb0@\xf3go\xd1|\xed5\xe2\
\xc5\x05u\x01fS2\xd6\xbeMR*\x91{\xc7\xc2\
\xdc\xbc\x09sx\x04\xa7\xbf\x9f\xdc\xf0\xf0\x9a\x03\xef=\
2\x0aI\x82\x80\xa4\xd5V\xa1\xc0\xd9y\x82\xa9\xcbx\
g\xcf\xd2:}\x8a\xf6\x87\x1f\xd09\xfa>\xd1\xe5\xa9\
\xd43\xb6\xael\x87Bm\xb6\x00\xccG\xd1(v:\
\xc80\xc4\xff\xf8,\xde{\x1f\x924[*\xc4\xd9\xad\
C,Ri\xcb\xecB\x89SY\xb8\xec\x91\xa4\xf2\x96\
\x96\xaaXU\x1ea\x1a\x825\xb2$n\xd7\xdd\x99\x85\
=W<@\xa9\xea*\xba\x1f\xd9\xf1\xa6\xa9\xa4 \x1d\
\x07\xc3\xcda\xe4\x8b\x98\xf9\x0af\xb9\x8aY\xed\xc1\x1e\
\x19\xc6\xd9\xbb\x07\xf7\xf1}\xe4\xf6\xee#\xff\xf8\x01\x8a\
O>I\xe9\xe9\x83\x14\xf6\xed\xa5\xb0w\x1f\xee\xa6M\
8\x83\x83X\xd5*f>\xffP\x18D\xee\x96Q\xcc\
\x10B`\xe6s\x18\x8eC8=\x8d\x7fyJy\x91\
I\xb2\xb2@\xdf:\x92\xc4\x0b\x90M\x9f\xfc\xc1'\xa9\
|\xe9\x0b\x14\x0f<Nn\xc3\xd8\xa3\x91K\x5c\x83\x10\
\x02\xd3u\x11a\x84\x7f\xfa,\xc1\xf9\x8b\xab\xe1\x16u\
\x80\xda\x8f\x18B}\x04Q\x84\x5c\xaa\xe3\x9f\x1e'\x9c\
\x9d#\x8e\x02\x92$^)|\x12\x86\xf1P\x5c\xf8\xb7\
\x82\x8ccd\x18\xd2<y\x92\xe5\xd7_\xa7\xf5\xde{\
\x04\xe3g\xd5\xe8\xa8\xee\x89\xf3\xeb\x91H\x84ma\x0c\
\x0c \xaa\x15r\xc3\xc3\xe47mZ{\xd4=E&\
\x09Q\xadN07G\xeb\xec\x19\x1a\xc7\x8e\xd1\xf8\xc9\
\xeb\xd4\xbf\xfdw4\xdf|\x93\xce\xf1\x0f\x09&&\x88\
k\xcbj!7R\xc1\x8c\xb5\xaf9Va\xb8G\xd1\
(\xc6\x1d\x8f\xc8k\xe3\x9f\xfa\x18\xef\xe8\x87$\xad&\
\x22\xbf\xc6(\xae\x90n\xa0\xb2\xeb&{\xacl2\xd6\
l\xb0\xba\xc3\x9f2\x8b\x8c\xc5\xaav#\x8eU\xf1V\
\x10\xa4\x1e`\xb82\xf4XvB@ \x1c\x13Q\xad\
b\x8e\x8ebo\xddFn\xdf>\xf2\x07\x9f\xa4\xf0\xcc\
3\x94^z\x9e\xca\xe7^\xa6\xf2\xea\xcb\x94\x8f\x1c\xa6\
\xf8\xd8~\x0a\xdb\xb6\x93\xdf\xb0\x01'\xf3\x06\x1f\x82\xe9\
.\xd7B\xc8\xab\xd5\x01\xdf\x09R\x05\x86\xce\x85\xf3\xcc\
\xfe\xb7?e\xe9o\xfe\x06\xb9\x5cS!=\xd3\xe8\x0a\
\x07\x5ceA\xb9\x16ibXJ\xc0O\x90\x81\xa4\xef\
w\xfe\x11\xfd\xbf\xf3\x8fp7l\xc0\xed\xeb{$n\
\xc6\xb5d\x0bx\xeb\xe8\x07\xcc\xfc\xbb?\xa0\xf6\xdd\xef\
\x81\x05\xc2\x92\xea\xa6\xcbtbIw\xf6IL\xd2\x0c\
H\x9a>\xb9'\x1e\xa3\xf8\xb9\x17\xc8?\xb6\x8f\xdc\xd6\
\xedjWX*a\xe6\xdc\x95\xdd\xaa\x0a\xaf\xaes\xe3\
\x0a\xf5y\x0a\xd6Y,\xef\x16\xea\xc9W\xff\x7f\x9d\x97\
\xfaJ\xcfXW\xef\x98d\xb5_,i{H\xcfc\
\xf1G?b\xf1G?$:\x7f^\x8d;\x8bcU\
Lq\xb5\xd7+%2\x0c\x11\x96\x8d\xb5k\x17\xce\xbe\
}\x0c|\xe5\xe7\x19\xf8\xcaW\xd6\x1ey\xe7Hs\x83\
d}\x86q\x9c\x86\xd2\x22\xf5\xef(D\xfa\x01\xfe\xcc\
\x0c\xfe\xf44\xed3gh\x9d\xf9\x84\xe0\xc3\x93\x04\x1f\
\x9c\x84\xd0C8\xa80^.\x1d/\xb4^Ui\x22\
\x91\xbe\x9a\x1a\xe2>\xf5\x14\xee\xc1'\xe9{\xe5s\xf4\
\xbd\xf2\xca=\x9f\x82p7\x08\x96\x97\x09\x16\x17Y\xfe\
\xabo\xb0\xf8\x1f\xff\x0b\xc1\xe5ID\xc1F8\xd9f\
t\xedO\x5c\x83.\x07o\xf5\x0b)\xd9z\xd9um\
KP\x8e\x86L\xd4,\xd5\xc8@\xa4\xf7\xa3Q\xcd#\
\xaa\x05\x8c\xd1\x11\xcc\x8d\x1bq\xc6\xc6p7\x8c\xe1\x8c\
\x8c`\x0f\x0eb\xf7\xf7\xe3\xf6\xf6>\x90\xc5_\xb7\x8b\
\xbbo\x14\xa5$Z^\xa6\xf1\xfe\xfb4\x8f\xbe\xa7\x9a\
\xf0\xdf}W-DI\x02\xb6\x85\xb0\xec\xeb\xbfhR\
cH\x9c\x90tBH\x04\xee\xbe\xbd\xb8\xfb\xf6R\xfd\
\xdc\xcbT?\xf7\xb2r\xefs\xb9G\xd3\xc3I7\x22\
\xfe\xc5K\xd4~\xf4\x13\x1a\xaf\xbf\x89\xf7\xfe\x07t\xce\
\x9cA\xb8\xa6\xbaI3\xef/[,\xc3\x18\xe9G\x98\
\xfd\xbd\xd8\x1b\x86\xb1z\xfa\xb0J=\x98\x95\x0af\xa5\
\x80\xa8\x96\x11\x95\x8ajP.\x951\x8b\x85\xd5\xe2\xa7\
\x14\x91\xcba\xe4\xf3J\xe1\xc3\x5c\xa7WR\xa4\x86s\
\xc5\x80\xa4\x9fc\xf7\xe5\x98\x16\x02\xdd4\x02\x8c\xf4\xb5\
%\xb1j4\xff,T3r\x87\xa4\xe3\xab\xc1\xd5\x81\
\x9a\x1c\x22\xe3\x98\xa8\xd9 \xae7\x88'\xa7I\xa6f\
\xe9L]\xa03u\x81\xa4\xd5\x82v\xaaJ\xb2^.\
1CJd\x1c!\x84\x8110\x8056\xc6\xd0o\
\xfd\x16C\xff\xe8\xb7\xd6\x1eyg\xc8D\xbc\xc3\x90\xa8\
\xdd&n\xb7\x89\xeau\xf5X\x5c$Z\x98'\x99\x9e\
&\x99\x99!\xaa\xb7\x88k-\xc2\xfa\x12ac\x89d\
q\x99x\xb1\x06I\x840W\xc3o+^\xe2\xca\xe7\
\x9bnN\xe3D\xe5\xa9\xa4I\xf9\x97\x7f\x9e\xf2W\x7f\
\x9e\xd2\xde\xbd\x94\xf7\xee{$6\xa7\xb1\xdf!\xf6:\
,\x7f\xf7{\xcc\xff\xd9\xff\xc4?y\x9adq\x11\x19\
tT\x7f\xb0\x99^\xdbW\xbbV@I\xb1%\x09\xc4\
 3\x0dU\xd2p\xaam\xa86\xab|~\xa5\x18F\
\xe4\xf3JW\xd6u1\xf3y\xcc|\x1e+W\xc4\xca\
\x151\x0b\x05\xcc|\x1eQ\xcca\x14r\x88r\x09Q\
.c\x96\xca\x98\xe5\xb2\x92\xa6K\x8f1s\xb9G2\
\xaa\x96qw\x8db\x8a\x8c\x22\xc2v\x9b\xce\xc5\x8b,\
\xfe\xe9\x9f\xb2\xfc\xb5\xbf$\xf1:Jy\xc1\xb6\x11\x8e\
\xf5\xe9E\xf4\xaat\x19\xc5v\x04\xd2\xa2\xf2k_\xa5\
\xfck_\xa5\xb4}\x07\xa5\x1d;\x1e\x89\x9b\xf0\xb3\x88\
[-\xfc\xe9\xcb\xb4><\xce\xe2\x7f\xfd\x1f\xd4\xff\xee\
\x07\x08W \xdc\xd4\xa3\xeb\xf6\xd2W\x8cc\x80\xf4\xfd\
\xd4\xf3F\x95|\xf7\x160\xfa{\x10##\x98C\xc3\
8\x83\x83\xd8\xbd\xbd\xaa\x8d\xa3\xebF2*\x15\xccJ\
EiA\xda\xf6\xa7r\xb9R\xa4\x15\xb0\xdd_\x8fc\
D\xf7\x8e\xd7H\xa3\x077\x8b\x10\x18\x96\x85a\x98$\
qt]\xd3\x08\x92 P\x93\x1f\x9aM\xe2F\x9d\xc4\
\xf3\x00\x90aH07G0;K|\xea\x1c\xf1\xe9\
q\x84\xa3\xc4\x0f\x84\xeb \xdc\xdc\xb5\x17\xb8\x8c\xb4I\
[\x98&f\xa5\xc2\xf0\xbf\xfcW\x0c\xff\x8b\x7fqg\
s\xb5\xe9fTF\x91\xaa4n\xb5\x08k5\x82\xc5\
E\xfc\xb99\x82\xe9i\xfc\x8b\x17\x08&&\x88N\x9f\
&>{\x06\x02\x81\xf4A\xb87\xf9\x1a\xa3\x04\xd9\x89\
\x11\x86K\xdf?\xfb'\xf4\xff\xee?\xc6\xe9\xef\xc7\xed\
\x1fx\xa46\xa7\xcbo\xbe\xc9\xfc\xb7\xbf\x8d\xf7\xce\xfb\
D'>!Y^\x02;\xd5\x1d5\x8c\xd5M_\xf7\
2\x9c\xbd\xc7REn\x88\x04\x84Y\x8f\xb1@\xb8&\
\x14,%%\xd7\xd3\x83\xd1\xd7\x8790\xb0\xa2\xefl\
\x96\xcbX}}\xd8\xbd\xbd\xb8}}\xe4\xfa\xfa\xb0z\
z\xb0{z\x10\x8e\xa3F3]\xcf\xe7\xf8\x88ro\
\x8cb\xb6[\xad\xd5h\x7f\xf0\x01\xde\x87\x1f\xd2\x9e8\
\x8771A49M<9\x9d6\xe5\x7f6\xc2\xb1\
1z+\x98}\xbd\xd8\xc3\xa3\xd8\x1b6R:\xf2\x0c\
\xa5#\x87qz\xd5\x85\xf1(\xdd\x84W#\x09C\xe2\
f\x03\x7f\xea2\xcd\xb7\xde\xa1\xf5\xc11\x82\xf9\x19\xc2\
\x85YdZ\xed\x96\xc9vA\xe6\xd5\xa8\x1c\x85\x8c\xd5\
n\x153\xed\x87*\x16\x10\xd5\xaa2|\x85\x82\xf2\x08\
3\x03\x96U\xab\xda\xaag\xcdX\xa9^]\xcfS\xec\
2\x042]\x04\xba\xaf\xc6\xec\xfb\xb7p\xff\xaa\xb6\x12\
c\xf5\xb5}\xc6\xb9d\xac\xe6\xbd\xc9 $\x89\xc2\x95\
\xebP\xa6\xc2\xcbq\xab\x85\x5c\xa8!\x17\x97\xc1d\xd5\
k2\xaf\x116]!\x0d\xefK\x15\x96\x15\xae\xcb\xc0\
?\xf8\x07\xf4\xff\xfa\xdf\xc7*\x14\xb0\x0a\x85\xeb8\xc7\
\x8d\x13\xa7\xf3F\xfd\xa9)\xbcs\xe7\x08\xe7\xe7I:\
\x1db\xcfS\xbdt\xad\x16Q\xad\xa6\xaaH\x17\xe6I\
\x16\x97@\x1a M\x84-T\xfb\xd4u\xbeFI\x1a\
v6M\x9c\x81a\x9c\x911\xaa\xaf\xbeL\xe5\x95\x97\
0\x0by\xac\xfc\x9dy\x8d\xf7+\x9dK\x97h\x9f9\
\x83?q\x9e\xf0\xfc$\xe1\xe2\x02\xb1\xd7$\x09:\xea\
\xda\x8a\x13\x92,\xa4\xbdr[\x88\xb4b_U\x9a\x9a\
\xf92V\xa1\x84a9JP\xdd\xb1\xd4}\x98s!\
\x97C\xe4\xd3\xd6\x89\x5c^)\x079\x0eF\xea)\x9a\
\xf9<V>\x8f\x91\xcb)/2\x13d\x7f\x84>\x83\
\x1b\xe5\x9e\x18\xc5\x15\xa4$\x09\x02\xe2V\x8b\xa57\xdf\
d\xe9\xad7\xe9\xbc\xf6\x0e\xfeko\xab\x06\xe8\xb5\xc7\
\xaf\x83(\x15\xb0wl\xc2\xde\xbb\x83\xe2\x91#\x14\x0f\
\x1f\xa6\xb0y3\x85M\x9b\xd7\x1e\xaaI=!\x7fa\
\x01\xef\xf2e\x9a\xef\x1f\xa5u\xec\x98\x0a\xeb,-)\
\xc3\x19EW\xeeZ\xd7\xc34\xd5(\xb0u<p%\
\xaa`)\x15\x8c\xb5C\x8b\xb3\xd3^\xed\x83\xbd\xd6\xd3\
^\xedg\xae\xc6\xad\x9e\xcb0V+\xfd\xd6 \x8c[\
lSI\xfb\xfd\x84!\xa8\xbe\xfayz^}\x15\xb7\
\xaf\x0f\xb7\xbf\xff\xd6\xce{\x15\xc2\xa5%\x82\x99\x19\x1a\
\xef\xbf\xcf\xd2O\x7fJp\xe9\x12\x86T\x9b\x9fD\x18\
\xcak_\xbbgI?GUX\xf5\xe9\xf7\xe0\xaa\xa4\
!Z\xa3\x90\xa7\xf4\xd4S\x94\x9exB\xdf\x8f@\xd8\
l\xe2/,(\xcf|v\x96hyImD\x83\x80\
$IH\x92\xd5\x0b\xd64\x0d\x15\xf6/\x950\xcae\
\xdc\xe1a\xdc\x91Q\xecB\x01\xd3uU\xa1\xcb\xda\x9e\
P\xcdm\xe3\x9e\x1bE\x19\xc7$a\x88w\xe1\x02\xde\
\xc5\x0bD\x13\x17\x89\xce]DF\x11\x22\x91W_\xdd\
R/B\xb8.\xe6`/\xe6P?\xce\xc6M\xd8\x1b\
\xc7pzz\xb0\xab=k\x7fB\x93z<Q\xbb\xad\
\xe6\xadMM\x11\xccLCZ8\x22\x93\x98$\x93\xa3\
\xba\x16\xc2H\x15[\xd6\xb9)\xb3\x82\xa9D\x89\xb1?\
\xb0\x88.\x81\x83+\xbfq\xeb\xa1\xce\xf4\xba\x17\x02r\
\xdbw\x90\xdb\xb6\xed\xeex\x8a\x97/\xd3\x99\x98 \xaa\
\xd5\x10\xa4\xfa\x95W{-\xe9\xe7(>+\xef\xb5\x1e\
2A\xd86\xce\xe8\x06\x9c\xd1\x11}?\x02\xb1\xef+\
\xcf\xbc\xd5\x22n6UX>-n\x92]\x9e\x22\xa9\
\xa7h\x18\x02\x1c\x17\xe1:X\xa5\x12V\xa9\xac\xda'\
,kU\xc0\xe4F?\x17\xcduqo\x8dbF\xba\
Hd\x95\x92I\x90\x86\xad\xe2X\x85c\xd6A\x08\x03\
\xcc\xb4\xfa\xd1\xb2U\xd5_Z\x0d\x89\xa1$\xcc4W\
!\xab<\xcc\x8a\x9b\xd2\x1cb\xf6\xbd\xcf\xe4\xb3nF\
qe5\xdc\x03\xcdg\xbd\xd6\x9bEJ\xe5\x9d\x99\xe9\
\x22w5\xe3t;\xc8\x16\xdd\xb4\xca\xf4\xba?\x9b[\
\xfd}\xb2\xd0\xb9\xbe\x1fW?\x83\xee\xc75\xb6\x9f+\
\xef|v]\xa4\xb2\x8d+_\xd3\xdc1\xee\x0f\xa3\xd8\
Ew9\xfc5\xab\x05\xb3\x8b\xa4\xbbHD\xa3\xd1h\
4\x9a[\xe0\xbe3\x8ap\x9d\xdeJ7\xda j4\
\x1a\x8d\xe66p\x7f\x1aE\x8dF\xa3\xd1h\xee\x01\x8f\
x\xa0_\xa3\xd1h4\x9aU\xb4Q\xd4h4\x1a\x8d\
&E\x1bE\x8dF\xa3\xd1hRtNQ\xf3p\x92\
\xc9\xa9\xddLer\xb7\xc2\xc8m*\x83_\xdb\x8b\xb6\
\x16\xd1]r\x7f\x87X\xdb\x0bw\xb7\xb8\xdak\xbf\x1b\
\xafY\xa3\xb9Q\xb4Q\xd4<|H5\x8dB&j\
\xf0\xed\x0di\xdf\xa6=\x9cWT@\xdf\xe2\xb8,)\
%q\xda\xa4}5\x0c\xc3\xc0\xbc\xc3\x0a%J9%\
\x9dq\x98\xf5F\xde\x05\xe28^y\xden\x0c#U\
n\xb9K\xbf\x87Fs=\xdcQ\xa3\x98\x04\x01q\xa7\
\xa3\xd4;\xb2\x8b\xdf0V7\xdd2\xdd\xbdv5\xb6\
\xaa\xa1\x97\xee\xcd\xed\xf0o\x10\x99$\xe9\xe2\x19+Q\
q\xb2\xae\xd9\xab4Rg\x9e\xc7\xca\xc8\xa4;\xff;\
\xde6\xb2\xf79I\x94\xe8u\x18\xa8\xd7\x1e\x84j2\
D6:(\x89\x91\x89T\xfa\x9cY\x0bqf\x14L\
S)j\xa4\x93L2\x11pa\xdb+J\x1b7\x8b\
\x8c\x22\xa2z]i\x8b\xc61R&X\x95*V\xa5\
\xa2\xae\x9du\xce-\xe3xE\xe4:\x09\x02d\xc7#\
n\xb7\x91m\x8f\xc4\xeb\x00\x02w\xe3\x18\xf6\x86\xd1O\
7\xc7\xa7\xd7\x9c\x0c\x02\xe2  \xe9t\xd4`\xd8v\
\x9b\xa4\xa9&^\x18\xe5\x12f\xa5\x8cU\xa9`\xde\xc4\
(\x9d0\x0ci\xb7\xdb\x04A\x00k<\xb5\xb5\x14\x0a\
\x05\x0a\x85\xc2m\xf1\x9e\xb2\xe7\xe9t:t:\x1d\xe5\
1\x0b\x81\x94\x92$\xf3\xa0\x85\xc00\x0c,\xcb\xc2\xb2\
,\x1c\xc7\xc1\xba\x91\xcd\xc3g\x90$\x09\xedv{\xe5\
\xf9\xd7{\xed\xd9F\xc0\xb6m\x5c\xd7\xc5\xb2\xac[~\
\xed\x19a\x18\xe2y\x1ea*5h\x9a&\xf9|\x1e\
w\x9d\xb1UI\x92\x10\xc71\xbe\xef\xe3y\x1e\x96e\
\xe1\xba.\xb6mc\x9a&\xc6-l\x882\xa2(\x22\
\x0cC\xa4\x94+\xaf{\xbdsK)\x09\xc3\x900\x0c\
W6\x0c\x96e\xdd\xb6ML\xa7\xd3Yy\x8d\xf9|\
\xfe\xb6\x9d\xf7z\xc96f\xd9\xb5\x99m\x8c\x5c\xd7\xc5\
u\xddO\xbd\x1f\xf7\x82;j\x14\x83\x85\x05\xda\x97.\
\x91x\x1e\xa6\xeb\xa8\xc9\xcc\x96\x8d\xc8f\xf8II\x92\
.\xc8I\x1c\x93D1\xb9\xc1A\xdc\xa1\xa1\xf4\xd8\xcf\
\x16 \xbe\x15\xe2N\x870\x9d\x84 \xa3\x08\x92dE\
\xd7R\xae\x1d[$\x13D\x22\x95\xe0\xae\xebb\xe6r\
j\x1c\xd5:\x8b\xf5}I\xaaf\x12w:\x84\x8b\x8b\
\x04\x8b\x8bD\xcbKDK\xcbj\xb2z\xbd\xa1\xa4\xde\
<OM\xc7\x08#e\x13\x0dSM\xc7p]\x8cB\
\x01\xab\x5c\xc6,W\xd48\xaej\x15\xab\xb7\x17\xabZ\
\xc5.\x97oi\x06[T\xaf\xd1<~\x9c\xf6\x993\
\xc4\xed6I\x14Q:\xf0\x04\xa5\x03\x07\xd2\x118\x9f\
\x9e\xd0\x10{\x1ea\xbdN\xb8\xb8H87K09\
\x85\x7fn\x9cpr\x0a\xb9\xdc\xc2pr\xf4\xfd\xea/\
Q\xfd\xca\x97>\xe51f\x065\x9b\x14\xe1_\xbeL\
09Itq\x92\xf8\xfc$\xc20q\x1e\xdfCn\
\xff\x1e\x8a{\xf6\x92\xdf\xb2\xe5\x8a\xe7\xbe\x1e\x96\x96\x96\
8\x7f\xfe<\xb5Z\x0d\xdb\xb6\xafit\x86\x87\x87\x19\
\x19\x19\xc1\xb2\xac[\xf6\x9e\xb2E~zz\x9a\xc9\xc9\
I\x92$Y18\x99a\x8c\xa2\x08\xd34)\x95J\
\x94\xcbe\xfa\xfa\xfa\xa8T*kOu\xd3\xf8\xbe\xcf\
\xf9\xf3\xe7\x99\x9c\x9c\xc4\xb6m\x1c\xc7Y{\xc8\x0a=\
==\x0c\x0f\x0fS,\x16o\xdb\x22\xbd\xbc\xbc\xcc\x85\
\x0b\x17X^^\x86t\xd3\xb1i\xd3&\x86\x87\x87\xd7\
\x1e\xba\xb2@g\xefW\xa9Tbxx\x98\x9e\x9e\x1e\
\x8a\xc5\x22\xf6m\x18\xa3\xd4l6Y\x5c\x5c$\x8a\x22\
r\xb9\x1c\xb9\x5c\x8eb\xb1\xf8)#\x9d$\x09\xcb\xcb\
\xcb,//c\xdb6\xb6mS(\x14V\xde\x9b[\
ejj\x8a\x0b\x17.P\xadV\x19\x1b\x1b\xa3X,\
\xde\xf2\xf5v\xbdd\x06\xbf\xd3\xe9055\xc5\xd4\xd4\
\x14\xae\xeb\xe28\x0e\xc3\xc3\xc3\x8c\x8e\x8e\xde\x96\xf7\xfa\
V1\x7f\xff\xf7\x7f\xff\xf7\xd7~\xf1\xb6 %\xfe\xf4\
4\x8d\x93'\x95\xde\xe2\xdc<\xd1\xdc\x1c\xe1\xdc\x1c\xe1\
\xcc\x1c\xe1\xf4\x0c\xe1\xf4\x0c\xc1\xe4\x94Z\xcc.M\xe1\
_\x9aT\xe3\x83Rol\xc5c\xbc\xdd\xa4\xfb\x80h\
y\x19\xef\xec9:\xe3\xe7\x08\xa6.\x13]\x9e&\x9a\
\x9d#\x9a\x9d#\x9cU\xc2\xbd\xe1\x8czD\xe9\xef\x1b\
w:$\x80\xb0,5\xd1\xfe6\x5c\xa8w\x84\xf45\
&A@\xdcl*\xc31=Kp\xf1\x12\xde\xf88\
\xde\xd9\xb3x\xe3\xe3t\xce\x8d\xd3\xb9x\x09\x7f\xf2\x12\
\xc1\xd4\x14\xfe\xe5)\x82\xe9i\xf5\x98\x9b#\x5c\x98'\
XX \xec~\xcc\xcf\x13\xcd/\x12-.\xab\xf9\x82\
\xcd\x96\xdaX\x04\xbe\x12\x01\x17\x80T\x13*\xd6\x1a\xb2\
\xb5\xc88&\xf1}\x82\x99\x19\xeao\xfd\x8c\xc6\xebo\
\xe0}\xf2\x09\x9d\x89s\x189\x17\xb3Z\xc50M\xcc\
RqE*,\x93\x03\x0c\xe7\xe6\xf0\xce\x8e\xd3>\xfd\
1\xde\xa9\xd3\xb4\x8f\x1d\xa3\xf5\xee;\xb4\xde{\x0f\xef\
\xc3\x13D\x17/\x93\xdb\xbb\x9b\xe2\xd3\x07?\xe5m\xc6\
\xcb\xcb\xf8\x97\xa7\xf0\xc6\xcf\xd1>\xfd1\xed\x8fN\xd0\
:v\x8c\xf6{G\xf1\xdez\x97\xe0\xe2%\xc8\xd9\x18\
=\x15\xdc\xa1a\x9c\xa1\xa1\xae\xdf\xfa\xfaX^^f\
||\x9c\xd9\xd9\xd9\x95\xafe^\xc0\xdaG\xb1X\xa4\
\x5c.\xaf\x18\x85[Y\xa4<\xcf\xa3\xd5j177\
\xc7\xec\xec,\x9dNg\xc5\x10\x86a\xb8\xe2\x11u:\
\x1d\xc20$I\x12\x5c\xd7%\x97\xcb\xdd\xf2sg\x04\
A\xc0\xc4\xc4\x04\xe7\xce\x9d#I\x12L\xd3\xfc\xd4k\
\xeet:\xb4\xdbm\x84\x10+\x9e\xe2z\xde\xd3\xcd\xb0\
\xbc\xbc\xcc\xc4\xc4\x04\x97/_\xa6\xd9l\x12E\x11\xd5\
ju\xc5\xf0w\xbf\xc6V\xabE\xadV[1\x8aq\
\x1c\xe38\x0e\x8e\xe3\x90\xcb\xe5\xae\xb9\x99\xb9^Z\xad\
\x16\x0b\x0b\x0b\xb4\xdbm\xa4\x94\x98\xa6\xb9\xf2\x1c\xdd$\
IB\xadVc~~~%\xecl\xdb6\xb9\x5c\xee\
\xb6\xbc/\x97/_f||\x1c!\x04\xbd\xbd\xbd+\
\xde\xd9\xed\xf8\xcc?\x8b,z\xd0h4\xfe\xff\xed\xbd\
g\x90$g\x9a\xdf\xf7K_\xbe\xaa\xab\xbd\xef\xb10\
\x8b]`\x06X\xd85\xc0\xad\xb9\xdb\xdd;\x1ey\x9e\
R\x1c\x97\xa2t\xa4\xc48\xf1\x18dP\xa1\x8f\xf7Q\
\x11\x0c)x!\x91\xc7[Q!\xf2(\x9d\x18\xa2=\
\xee\x89\xbbg\xd7\x01\x18\x0c\x06f0\x83\xb1\xdd=\xed\
muwu\xb9\xacJ\xfb\xeaCf\x16\xba\x1b\xdd3\
=\xdd53\xd8e\xfe\x22^\x98\x992\xf9ff\xe5\
\xff}\x9e\xf71\xac\xad\xad\xb1\xb6\xb6\x86i\x9a4\x1a\
\x0d\x92\xc9$]]]\x1d\xf5\x16\x1c\x95\x07c)\x86\
n\xba\xda\xfb\xef\xb3\xf1\xdd\xef\xd2\x9a\x9aD\xb2,$\
\xdb\x05\x17$/\xf8JA\xd0\xed]\x84.;!|\
\xf4\xb3\xa70\x1e?M\xf6\xdc9r\xe7\xcf\x1f\xc9m\
u/Dh5\x99W>\xa4\xfc\x1f\xfe\x08\xf3\xc3k\
A\xf1j\x11v\xa3\x97\x82!v\xb5\x0e\x08\xdc\x8f\x89\
\xa7?M\xe2\xf9s\xa4N\x9d\x22=>\x8e\x92J\xed\
x\xcd'\x87h\x8e\xf6\xfa:\xe6\xe4mZ\x93\xd38\
\x9338\x0b\xcbxM\x13\xcf\xb6\xf0u\x19a\xa8\xa8\
\xc5\x22j\xb1\x08\xa1KTV\xc3\xc6\xc0\xe1\x8f\xc5w\
]|\xcb\xc2\xab\xd5p77\xf1\xb6\xabH\x0d\x0b\x1c\
\x1f%\x99\x08\x1a\x94\xf6\x15Q\x07zH=\xf1\x04\xc9\
'\x9e@\xef\xe9A\xef\xe9\xbd\xe7\xa2\xc6\xad\xd7i.\
/c\xde\xb8I\xf5?\xfd\x09\xe6\x85\xb7\xf0\x85\x03*\
\x18O}\x9a\xc4\xa7\x9e\xa2\xf0\xd2K\x14^z)\xe8\
\x03\x07\xb8\xb5\x1a\xce\xf66\x8d\xf7.S\xfd\xf3\x1f\xd0\
\x9a\x9a\xc6o4\xf0\xcd:^\xab\x1e\xfc\xf7V\x03-\
\x93g\xe0\xef\xfd&\xbd\x7f\xebo\x04\x9e\x87\x1d\x0f\xa0\
\xea\x9bo\xb2\xfd\xbd\xbf\xa053\x8f\xb3\xba\x11\xf4N\
\xb4\x1a\xf8\xb5*bs\x1b\xa5X$\xf5\xf9WH\xbf\
\xfc\x12\xf9\xe7?K\xe6\x89'w\x1c\xf5\xe1XYY\
\xe1\xca\x95+4\x1a\x0dN\x9c8Aoo\xef\xde\x97\
\xb4\xc9d2d2\x99\x8eXJ\x8b\x8b\x8b,,,\
\xa0\xaa*\x89D\xa2-x\xd1CU\x84{\x9c\xcdf\
\x93\xed\xedm\x5c\xd7\xa5\xbf\xbf\x9f\xee\xeenR\xa9\x14\
\xc9dr\xefG\xde7\xa6ir\xe5\xca\x15&''\
9q\xe2\x04\x13\x13\x13{_\xd2\x16\xc5H4\xb3\xd9\
,\xbd\xbd\xbd\xa4;\xf0\x9b_]]\xe5\xda\xb5k\x94\
J%\x12\x89\x04\xf9|\x9e\x91\x91\x11\xfa\xfb\xfbI$\
\x12\xbb\xc4hqq\x91\xa5\xa5%\x9a\xcd&\xb6m\xb7\
\xad\xb8b\xb1H\x7f\x7f?\xa9\x0e\xfc\xc6\xcb\xe52\xcb\
\xcb\xcbX\x96E*\x95\x22\x9b\xcd\xb6-\xd1\x9dx\x9e\
\xc7\xda\xda\x1a\xab\xab\xabm\x97b\xa1P\xa0P(t\
D\x9co\xdf\xbe\xcd\xb5k\xd7\xe8\xed\xed\xe5\xf1\xc7\x1f\
'\x9f\xcf?4!\xb2m\x9b\x95\x95\x15\xd6\xd6\xd6\xda\
n\xd3r\xb9L\xb9\x5c\xe6\xc4\x89\x13\x9c={\x96T\
*\xf5\xd0D\xfa \x1e\x88\xa5(BQl\xcd\xcf\xd3\
\xf8\xe02\xd6\x9d\x19\xfc\xf55\xdc\x955\xbc\xe5u\x9c\
\xc5U\x9c\x85E\xec\xd9y\xec;3\xd8S38s\
\x0b8\xf3\x0b\xb8\xf5\x1av\xb5\x82V,\x92<}\x0a\
9\x5c\xbdv\x12\xe18x\xa6I\xf3\x83\xab\x94\xff\xcd\
\xbf\xa7\xf6\xe7\xdf\xc3\x9a\x9e\x09\xc6\xe44\xd6\xf4\x1d\xec\
\xa5\x15\x9c\xb5\x12\xee\xca\x0a\xceJp\xec\xee\xeaZ\xd0\
m~x\x10\xadXD/\x16\xdb\x0f\xeaO\x0a\xed\xa2\
\xea\xf5:\xee\xe6\x16\xad\xa9)\xaa\x97\xde\xa1\xf6\xe6[\
4~\xf0\x06\x8dK\xef\xe1,\xaf\xe2U*\x08\xe1!\
%u\xf4\xfe~\x12\x13\x13AW\x83\xb11\x8c\xb11\
\x92\x13\x13$FG1FF\xd0{zP\xb3Y\x00\
\xfcZ\x0d\xaf\xb4\x89\xbb\xb8\x823=\x873y\x87\xd6\
\xcd\xdbX\x8b\xf3\xb4V\x97\x10\x10\xf6rK\xa1\x1f\xa2\
\x15\x92\xdbh\xd0\x5c\x5c\xa4q\xe3&\xcd7.b\xbd\
\xf3\x01\xa2\xba\x8d0\xeb\x81uc\xdb$\x86\x87I?\
\xf6\x18\x92\x1a\xb8V\xbcF\x03\xa7\xbcE\xf3\xeau\xea\
\xdf\x7f\x9d\xd6\xd5\xeb\xb8+\xab\xf8\xdb\x15\xf0\x9c`?\
\xb4\xe5 \x1bI2/=O\xfa\xb9s\x1fu\x16\x08\
\xa9\xbd\xf7.\xe5?\xff3Z\xd7o\xe1\xce,\xe2\xad\
\xaf#j\xdb\xd04\x11\xbe\x8b\x5c\xc8\xa3\x9d\x18\xc7\x18\
\x1f#14\x8c\xde\xd3\xb3\xe3\xa8\x0fG\xbd^gm\
m\x0dI\x92\x18\x1f\x1fgdd\x84l6\xbbk\xe4\
r9r\xb9\x1c\xc9d\xb2c\x0f\x83\x85\x85\x05&'\
'I\xa7\xd3\x8c\x8d\x8d\xd1\xdb\xdbK\xb1Xl[J\
\xf9|\x9eB\xa1\x80\xae\xebT\xabU\x1a\x8dF\xdbJ\
\x8b\xac\x92\xe3\xe28\x0ekkkloo366\
\xc6\xe9\xd3\xa7\xdbs\x8d\x86\xa6i\x08!p]\x97F\
\xa3\x81\xef\xfbd\xb3\xd9\x8e|\x7f\xbd^\xa7T*a\
\xdbv\xdbE\xaci\x1ar\xb8\x8f\x1a\x89\xa2\x10\x82\xb5\
\xb55\x16\x17\x17QU\xb5m=E\xd6b&\x93\xf9\
\x985w\x14Z\xad\x16\xb5Z\x0d\xcf\xf3\xda\xee\xe4d\
2\xf9\xb1\xcf\x16B\xd0h4\xa8\xd7\xeb\xa8\xe1~o\
\xe4n\xed\x84\xa5\xb8\xb9\xb9I\xa9T\x22\x9dN\xd3\xd3\
\xd3\xd3\xfe\xdcN\xdcw\xf7\xc2q\x1cVVVXY\
Y\xa1P(022B\xab\xd5\xa2R\xa9\x90\xc9d\
\xc8\xe5r\x1d\xdd?=*\x0fD\x14%\x82\x10vY\
Q\xd0\x8aERg\xcf\x929w\x8e\xec\xf3\x9f%\xfb\
\xe2\x8b\xa4\xce?\x83:>\x8cT\xcc\x01\x1e~\xa3\x8a\
\x94\xd4\x90\xd3\x09\xf0\x05~\xa5Nbd\x84\xe4cg\
\x83\x06\xb6\x1d>IN\xa5Bki\x89\xc6\xf5k4\
?\xb8\x8c\xbbYBJ\x19\xc8I\x1d\x14\x81\x92I\x92\
~\xf1\xb3\x14\xbe\xf6U2/\xbfH\xee\x0b\xaf\x90\xfd\
\xfc\xcb\xe4>\xff\x0a\x99W^$\xfd\xc4c\x18\x03\x03\
\xa8\x99\xcc'\xce}\xeaT+4\x97\x97i\xbc\xf7>\
\xd5\xff\xf4\xa7T\xff\xfc\xfb\xb4._\xc5^\x5c\xc4\xb7\
L\x94\x9e.\xd2/=O\xfe+_\x22\xfb\xb9\x97\xc9\
\xbd\xfc2\x99\xcf<M\xea\xcci\x12##$\x06\x07\
1z{\xd1\xbb\x8b\xe8]]h\x85\x02j\xa1+\xe8\
\x9a\xde?@r|\x9c\xc4\x89\x13\xe8c\xa3\xa8=\xdd\
\xf8\xcd&\xde\xe6&\x92.\x83,\xc0\xb2\xf0J%\xb4\
b\x17\xc9S\xa7\xef\x19\xf9)\x22+\xb4R\xc1\xbeq\
\x1b{z&p\xbd*\x0a\xfa\xc9\x93$\x9e|\x9c\xf4\
\xe3O\x90<q\xb2\xfdY\x92\x04\x92\xae\xa3\xa4\xd2\x18\
C\x83\xe8\xe3\xa3\xc8\xddyHh\xe0\xbb\x08\xd3\x84\x96\
\x8b\x9c8X\x14%EF\x1f\x18 q\xea\x14\xc6\xe9\
\x93\xc8\xb9\x0c^\xbd\x8a\xdfh\x80/\x90\xb3Y\xb4\xb1\
1\xf4\xd1Q\x12CC\xc7\x12E\xd7u)\x16\x8b\xa4\
\xd3i<\xcf\xdb5\xfc\x1dQ\x99\x9d\xba\xc7\xd7\xd7\xd7\
Y[[\xa3\xab\xab\x8b\x81\x81\x81\x03\x05\xd7\x09\x03\x81\
\xa2\x07\xb5,\xcb$\x93\xc9\x8eX\x8a\x91(\x96\xcbe\
z{{\xe9\xed\xedm\x07\xdcD#\xdag\xb3m\x1b\
M\xd3\xda\x0f\xc6\xbdBq\x14\x22Qt]\x97\xde\xde\
^\x0a\x85\x02\xadV\x8bF\xa3\x81a\x18d2\x99v\
\xd0\xc7\xfa\xfa:\xeb\xeb\xeb\xa4R)\x8a\xc5\x22\x8a\xa2\
\xe0\xba.\x86a\x90\xcdf;r<\xb1(\x06\xf7\xc4\
\xea\xea*\xa5R\x89\xee\xeen\x06\x06\x06\xb0m\x1b\xd7\
u\xd1u\x1d\x11\x06\x80\x19\x86\xd1\x91\xfd\xd3\xa3\xf2@\
D\x91p_B\xcd\xe5H\x9e8A\xfa\xa9\xa7H?\
\xfd4\xe9\xf3\xe7I?w\x9e\xc4\x93\x8f#\xe5\xb3\x08\
U\xc2+o\xe1\xac\xae \xa5\x0c\xa4L\x12Q7\xf1\
\x9770\xc6\xc71\x9ez\x02%\x93\x09\x9ajv\xf0\
$\xd9\x1b\x1b4\xa6\xa7i\xdc\xb8\x86=y\x0b\xaf\xb6\
\x8d\x94N %t\xc0E\xc9\xa5\xc9\x7f\xed\xa7)\xfe\
\xea/\x93}\xf1y\xb2\x9f{\x89\xcc\x0b\xcf\x91}\xf1\
\xb3\xa4\x1e;\x8b\xd1\xd7\xf7\x89\x13D\xe1\xfb\xe0\xbaX\
\xab\xab4\xa6&\xa9\xfd\xf0\x0d\xb6\xff\xed\x1f\xd2x\xfd\
\x02\xce\xc2\x12\xc2l\x22\xe5S\xe8\x8f\x9d\xa4\xf0\xd3_\
\xa1\xeb\x1b_#\xf7\xfcg\xc9=\xf7\x1c\xc9\x93'1\
\x06\x870\xfa\xfa\xd0\xbb\xbb\x031\xcc\xe7\xc3\xe8\xcf<\
ZW\x17zO/\xc6\xf00\xc9S\xa7H\x9c:\x81\
:2\x84\x94I\x07\x16\xf4\xc2R\x10\x93\xe4\xdax[\
e\xec\xf9y\x92\xa7N\x91~\xf6\xb9{Z\xd2B\x04\
\xddP\xfcz\x03\xfb\xe6m\xec\xd9\x05$UC6\x92\
$>\xf5$\xa9\xf3\xcf\x90<y\x02ch\xa8}\xbe\
%UCI\xa5\xd0\xfbzI>\xf1\x18\xea\xc8 B\
S\xf0\x9c\x16\xfev\x19\x7f\xb3\x0c\xb6\x8b\x9cH\x1d(\
\x8aZw7\xa9\xc7\x1f\xc78u\x12}b\x14\xe19\
\xd833\xb8\x9b\x9b \x04r6\xd31Qt\x1c\x87\
B\xa1@\x22\x91\xc0u\xdd]\x83P\x0c\xa50\x1a\xb4\
\x13D\xee\xb7b\xb1\xc8\xd0\xd0\x10\x86a\xec\xfb\xd0s\
]\x17\xcb\xb2\xda\xc7!\x84 \x9dN\x7f\xcc\xa5w\x14\
\x22Q\xdc\xda\xda\xa2\xa7\xa7\x87b\xb1\xd8^\x08Ds\
\xafV\xab\x94\xcbe\x84\x10m\xf7q*\x95\xeaH\xb0\
E$\x8aB\x08\x86\x86\x86\xc8\xe5r\x94\xcbe\xb6\xb6\
\xb6\xc8\xe5r\x14\x0a\x85\xf6q\x94J%666\xc8\
f\xb3\xf4\xf4\xf4 \xcb2\xb6m\xa3\xebz,\x8a\x1d\
B\x08\x81eY\xac\xad\xad\xb1\xb9\xb9\xc9\xc0\xc0\x00\xc3\
\xc3\xc3\xed\x85\xa1\xef\xfb4\x1a\x8dv\xf0W'\xee\x81\
\xa3r\xfc\xb3|\x04$I\x0a\xa2\x015\x1d|\x19Z\
\x1e\xb8\xe1\xd6\xa6*#\xa5T\xec\xea\x16\xf5\xeb\xd7i\
\xce\xcf\xe3[\xd6\xde\x8f8\x16^\xb5\x8a==\x8d3\
?\x8f\xb0\xed \xa2T\x92\x83}CIFR5\xd4\
\x5c\x0e\xbd\xaf\x0f%\x97\x0b\xf6\xa3\x94OvSO{\
}\x9d\xea\x95+T\x7f\xf0C\xaa\x7f\xf8\x1d\x9ao\xbf\
\x83\xdf\xac!w\xa5QG\xfbI\x9e\x7f\x8a\xe2_\xfe\
y\xfa~\xed\xaf\x92=\xff,ZO\x0f\xf2\x11\xf7J\
d\xdd\xc0\xe8\xe9%\xf3\xc4\xe3\x14\xbe\xf6\x15\xba~\xe5\
\x170N\x9dB4l\xb0\xc2\x14\x8f}\xf2\xd2\xf6C\
R5\xb4l\xb0x\xca\x7f\xe3k\xf4\xfe\xe6o\xd0\xf3\
7\xff+\xba\xbf\xf9_\xd2\xf5\xf5\x9f&\xf7\xdc\xb3$\
\x86G\xf6u\xc3J\xb2\x8c\xa4i\xa8\xf9\x1c\xc6\xd8\x18\
\x89\x911d5\x890\x1d\x84s\xb8\xefWRI\x8c\
\xde>\xb4\xbe>\xa4B\x01\x92\xc9`_yo\xae\xe2\
1\xf0<\x8fz\xbd\xce\xe6\xe6f{D\xd6\xdc\xd6\xd6\
\x16\xb5Z\x0d\xcb\xb2\x10\x1d\xfa\xbe\x08\x11\xee\x1d\xfaa\
\x1a\xc6\xa3 \xb2\x08#\x17\xe5\xcc\xcc\x0c\xb7n\xdd\xe2\
\xca\x95+\xac\xad\xad\x91L&\xe9\xee\xee\xa6\xab\xab\xab\
\xed\xe2\xec\x04\x22\x8c\xb2\x05PU\x15M\xd3p]w\
Wp\xd1N\xf7\xf6\xc0\xc0\x00\xf9|\xfe\x91Z(?\
\xa9x\x9e\xb7K\xe8\x8b\xc5b\xdb\x1b\x91N\xa7\xe9\xef\
\xefG\xd7u*\x95\x0a\xf5z\x1d\xcf\xf3\xf6~\xc4C\
\xe5\xe3O\x9a\x87\x81$\x85\xf9m:\xf8\x12b\xa7(\
j2\xa4T\xecj\x99\xfa\x8dP\x14[\xad\xbd\x9fp\
,\xfcZ\x15{\xe6\xceG\xa2\xa8\xe9A\x97u\x11\xfa\
\xe6T\x0d%\x97C\xef\xedE\xcdf\x03\xd1\xfc\x84\xff\
X\xec\xf5ujW>\xa0\xfa\x83\xd7\xa9\xfd\xc7\xef\xd0\
|\xfb]|\xb3\x86\xd4\x95F\x19\xed'q\xee\xd3\x14\
\x7f\xfe\xe7\xe8\xfb\xd5_#\xfb\xec\xb3\xe8==(G\
t\x93\xc9\xba\x8e\xd1\xd3C\xfa\xf1\xc7)\xfcL \x8a\
\x89\x93\xa7\x11u\x07\xd1r Lo9\x8c\xa8\xc8\xaa\
\x8a\x96\xcb\x91<y\x82\xc2\xcf\xfe\x0c=\x7f\xfb7\xe8\
\xfe\x9b\x7f\x9d\xeeo\xfeU\xba\xbe\xf6\xd3\xe4\x9f}\x8e\
\xc4\xf0\xf0\xfe\xe7_\x96\x91T\x155\x97'16\x8a\
12\x8a\xa2&\x10\xa6\x03\xee!E1\x99B\xef\xeb\
C\xef\xebC.\x14 \x95\x0c\xef\x05?X$u\x00\
\xd7u\xa9\xd5jlmm\xb1\xb5\xb5\xd5^\xad\xaf\xaf\
\xafS.\x97\xa9\xd7\xeb\xd8\xb6\xddq\xe1\xda)\x8a\x8f\
\x8a\x9d\xa2\xb8\xb4\xb4\xc4\xec\xec\xec\x81\xa2\x98\xc9d:\
\x12L\x12\x11-\x06\xa2\xd4\x06/\x0c.r]w\xd7\
q\x01\x0c\x0c\x0cP(\x14bQ|\x00\xec\x8c:U\
U\x95\xee\xee\xee]\xa2\xd8\xd7\xd7\x87\xa6iT*\x95\
\xb65\xfd(y4\xa2(D\x90p\xed:H=]\
(\x8f\x9dD*\xe6\xc1\xf3\x02\xc1TU\xfc\xf5\x0d\xec\
K\x97qoN\xe1Wk\xf7\xd71\xfc\x00|\xc7\xc1\
5M\x9c\x8d2\xee\xdc2\xdeJ\x09\xdf\xb2\x83\x87`\
d\x05\xcar\x90G\xf9\x09\xb6\x0awbonR\xbb\
u\x8b\xfa;\xefa~\xefu\xec\xdb\x93 yH\xd9\
$\xa4\x93\xe8\xa3\xa3\xe4_{\x8d\xae\x9f\xfa\x12\xc6\xd0\
\xf0\xde\xb7\x1f\x0bIQ\x02\x8bzx\x88\xc4\xb9\xcf\x90\
|\xed\x15\xd4\xa1aD\xddF\xb4\x82b\x00\x87\xb6\x18\
e\x19\xc50\xd0\xb2Y\xf4b\x11\xad\xb7\xf7\xd0\x91\xbd\
Q\xa4mT\xc5\xe6H\x08\x11\xdc\x7f^\xe7\xc40B\
\xd3\xb4\xb6+3\x1a\xa3\xa3\xa3\x8c\x8d\x8d\xb5\xf3\xe1\x12\
\x0f \xa0L\x92\xa4\x8e\xa58\x1c\x15I\x92\xc8f\xb3\
\x0c\x0d\x0d1>>\xce\xa9S\xa7\x18\x1a\x1a\xa2P(\
\xb4\xf7:\x1f\x06Qtk\xa1P\x800e#Z\xa0\
\xf8\xbeO>\x9f\xc70\x0c\xfc0\xc7\xb3\xd3\x0b\x94\xbd\
t\xfaZ\x7f\x92q\x1c\x87r\xb9\xcc\xca\xca\x0a\xe5r\
\x99Z\xad\xc6\xca\xca\x0a\x93\x93\x93LNN255\
\xc5\xc6\xc6F\xdb\x9d\x1d\x15}xT\x8b\xb9\x87sG\
\xeeA\xf8>\xc2\xb6\x11\xae\x83\xd4[@y\xfcD \
\x8a\xae\x17\xb8V5\x0d\x7fm\x03\xfb\xed\xf7qnN\
\xe2\x85\xa2x\xdc\x1bU\xb8.n\xa3\x11\xe4\xd8\xcd-\
\xe3-\x97\x10\x96\x03\x91\x08JA\xc5\x1d\x14%p\xa1\
\xfd\x18`mlP\xbbu\x8b\xda\xa5wi\xfc\xc5\xeb\
\xd8\xb7\xa6@\x8eD1\x8566J\xe1\xb5\x9f\xa2\xf0\
\xa5/\xa1\x0fwX\x14U\x155\x97\xc3\x18\x19&q\
\xee3$^\xfb\x1c\xea\xf0p`1Zn 2\x22\
He\xb9\x17\x92,\xa3$\x12\xa8\xb9\x5c\x10\xd9\xdb\xd7\
w\xf8t\x1c\xe1\xe3;\x0e\xbe\xe3\x04\x16\xeaQ\x10\x02\
\xfc\xa0\xa2\xcfa\x8e\xf7~\xd0u}\x97(\x0e\x0f\x0f\
\xef\x12\xc5|>\xff\xc0E\xb1\xd3\x9f}XdY&\
\x97\xcb\xb5E\xf1\xf4\xe9\xd3\x0c\x0f\x0f\xb7\x17\x02\x0fS\
\x143\x99\x0c\x85B\x01!\x04\xdb\xdb\xdb\x94\xcbe6\
66\xda\xa2\x98H$\xda\xa2\xf8\xa0\x88\xf6\x8f\xa3\xf1\
\x9f\x03\xae\xeb\xb6E1\xda.XYY\xe1\xf6\xed\xdb\
mQ,\x95J\xed\xfd\xe6(\x87\xf6A^\x87\xbb\xf1\
p\xee\xc8\xbd\x08\x81g[x\x8e\x83\x92\xcdb\x8c\x8f\
\x938{\x16\xe3\xa9\xa7Pz{\x09\xf2\x1c\x1d\x10\x0e\
ne\x8b\xe6\xcc4\xad\xe5%\xfcfs\xef'\xdd\x17\
n\xa5B\xf3\xce\x1d\xecJ\x19\xfa\x8a(\x13#\xc8=\
EH\xa5\x02!\xec\xf0\xc3\xf0A\x12\xa5^\xd8\xb7\xa7\
h\xfc\xf1\x9fc\xdf\xbc\x85\x10\x0eB\x12\x88\xa6\x83\x9a\
/\x92y\xe1\x052/\xbc\x8864\x18\x14Bx\x10\
\xae\xa1\xb0\xc8Brb\x9c\xfc\xf9s\x18\x03\x03\xa1\xc0\
\xf8\x08\xcf\xbf?\x91\x8a\x1e\x16rXV\xee\xb0\x0f\x8d\
\x1d\x97\xed\xc8WP\x08$\xcfC\x8a\x84\xbc\xc3\xc8;\
J{\xed\x1c\xf2\x03\xa8\xff\x19\xa5\x12\xf8\xbe\xcf\xc6\xc6\
\x06\x95J\xa5\x1dLC\xe8\xd2\xf4}\x1f\xdb\xb6\xa9V\
\xabT\xabUdY\xeeXP\xc9^v\xce]U\xd5\
v\xce`2\x99dcc\xa3\x9d:\xf1 QU\xb5\
\x1d`c\x9a&\xf3\xf3\xf3\x98\xa6I:\x9dF\xd7\xf5\
\xf65\x88\x16\xde\xc7]\x80\xefEQ\x94vT\xa5e\
Y4\x1a\x0d\x9c\xb0\x04\xdd^,\xcbj\xef\xadEE\
\x0d:y\x7f<,DX\xc1&\x8a0\x95\xc2\x82\x01\
\x13\x13\x13\x8c\x8d\x8d1::\xca\xe8\xe8(###\
\xedEb:\x9d\xa6R\xa9P\xa9T\x0e<?\x0f\x9a\
G\x22\x8a\xed\xfa\x9b\xb6\x8d\x92\xcd\x92\x1c\x1b#\xf1\xf8\
\xe3$\xce\x9fG\x1d\x18\x08jp\xe2\x81.p\x1a\xdb\
\x98\xd3S\xb4\xe6\x17\xf0\x8e+\x8a\xdb\xdb4'oc\
W\xb6\x90F\x07P\x1e;\x85\xd4\xd7\x87\x94J\x83\xaa\
\x1e\xda\xaay\xe4\x84\xae>\xdf\xb6\xb1oN\xd2\xf8\xff\
\xfe4p\x9b\x1a\x12\x92\xae \x9a\x0eZ\xbe\x9b\xdc+\
_ \xfb\xca+h=\x07'\x8dw\x02Y\xd7I\x8e\
\x8e\x92\x7f\xe6\x1c\xc6\xc0`\xf0\x87~p\x8cGvg\
>l\x84\x08\x5c\xa7\x87\xdc\x0b\xfd$c\x18\x06\xb9\x5c\
\x0e\xdf\xf7)\x95J\xed\x04\xfd\x88h\xaf\xd1\xb2\xacv\
I\xb1\xc8\xa23\xf6\xa9\x0d\xdai\xf2\xf9<\xe3\xe3\xe3\
$\x93IVWWY[[\xa3\xd5\xe1\xb8\x81\xbd(\
\x8aB.\x97\xa3\xab\xab\x0b\xd34\x99\x99\x99\xa1\xd9l\
>0+}/\x8a\xa2\x90\x08\xab\xe34\x9bM\xea\xf5\
\xfa\xbe\x0f}\x11FiV\xabU<\xcf#\x11\x16\x1a\
x\xd0\xc7\xf7 \xf0}\xbf-\x8a\x9e\xe7\xa1\xaa*}\
}}\x9c={\xb6=\xce\x9c9\xc3\xe9\xd3\xa79u\
\xea\x14'O\x9e$\x93\xc9P\xa9T(\x97\xcb\xfb\x9e\
\x9f\x87\xc1#\x11E\x84\x08\xf2\xd3\x1c\x07$\x099\x99\
$1:J\xf6\xfc\xb3\x18}\x03`\x0b\xf0\x83\x5c4\
o{\x9b\xe6\x95+X\xb7o\xe37\xea{?\xe9\xbe\
p\xd77h\xbdw\x05o\xa5Dbh\x88\xe4\xe9\xd3\
(\xd9\x0c\xe2\xc7\xec\x86\x13\xbeOk}\x9d\xda\xb5k\
\xb4\x16\x17\xf0j\x15|\xbb\x05\x08\xa4L\x0ay\xa8\x1f\
mb\x8c\xc4\x89\x09\x8c\x81\xc1#\x07\xd4\x1c\x1aIB\
6\x0c\xd4B\x9e\xcc\x0b\xcf\xd1\xfd\xeb\xbfF\xea\xd9g\
\x90\x92G\xa8\x0d+D\xb0\xf7\xdbl\x06\xc34\x83\xfb\
\xe4A#@\x0a\xab\x16u\xeanP\xc2\x22\xd4\xc9\xb0\
\xf0\xf2\xc3\x22\xda\xc3\xcb\xe5r\x08!\xa8\xd5j\xac\xae\
\xae\xb2\xb0\xb0\xc0\xc2\xc2\x02\x8b\x8b\x8b,//\xb3\xbd\
\xbdM\x22\x91\xa0\xaf\xaf\x8f|>O2\x99\xecX\xa0\
\x8b\x14\xe6\x9b\xa5\xf7\xa9\x1d\xaa\x86\xc5\xa8w\xe6%F\
\xa5\xe7:\xe52\xdb{\xee%IB\x0b\x0b\x8f\x1b\x86\
A2\x99$\x9f\xcf\xb7+\xe8D\xaef]\xd7\xdb\x15\
\x80\xa2\xdc\xcdN\xa0\xaa\xea\xae\xb4\x13\xc2*7\xd15\
\x89FT\xf5&\x9b\xcd\x92N\xa7\xdbB\xda)Q\xd4\
4\x8dt:\xdd\xf6\x22,--}\xec\x18\x16\x16\x16\
X]]\xa5\xd1h\xec}\xfb}\x11\x89\xa2\xeb\xba\xed\
\x14\x90\x5c.\xd7N1\xd992\x99\x0c\xf9|\xbe]\
\x14\xbf\xd3\x96\xfa\xfd\xd0\x99+~\xbf\x84\xa2H\xb8\x07\
$)\x0a\xc6\xf0\x08\xb9g\x9f\xc5\xe8\x1b\x02\xcb\x0fR\
5\x8cD \x8a\xef\xbfO\xeb\xc6\x0d\xfc\xda\xf1D\xd1\
[[\xa7\xf5\xf6e\xfc\xc5U\x92C#\xa4O\x9fF\
I\xa7\x03\xcb\xf4\x11^\x84\xfbE\xf8>\xcd\x85\x05\xca\
o\xbfMsu\x11t\x90\x94\xa0\xe8\xb7\x94\xcb\xa2\x9c\
\x9e@;=\x81>8\x80\x96\xcf#u(\xcc\xfd^\
\xc8\xbaN\xee\x8b\x9fc\xe8\x7f\xfc\xfb\xe4~\xea\x8b(\
\xe9\xf4}\xa7\xb2\x08!\xf0,+\xd8\xfb\xad\xd7q\xeb\
\xf5 %\xe7\xc7\xe8\xfaD\xa8\xaaJ*\x95z\xe8y\
W\xb9\x5c\x8e\xd1\xd1Q\xba\xbb\xbb\xd1u\x9dz\xbd\xce\
\xdc\xdc\xdc\xae\xc0\x86\xe9\xe9i\xca\xe52\x85B\x81\x93\
'O\xd2\xdd\xdd\xdd\xd1\xa4i9,\x04\xb0\x9f\xf5\x19\
\xb9S\xb3\xd9,\x83\x83\x83\xe4r9,\xcb\xa2V\xab\
u\xcc:\xd8{\xee\xa50\x0fT\xd3\xb4v>b_\
_\x1f\xfd\xfd\xfdd\xb3\xd9\xb6(F\x82\x98\x0c;j\
tJ\x14\xb5\xb08A\xa1PhWn)\x95J\xdc\
\xbe}\xbb=&''\x99\x9e\x9e\xc6\xb6mz{{\
\xdbVlt\xfc\x9d\xc0\x08\xcb\xc6\x09!XZZb\
zz\x9a\xc9\xc9\xc9]\xc7099\xc9\xec\xec,\xb5\
Zm\xef\xdb\xef\x0b!\x04\xb6m\xe3\xfb>\xb9\x5c\x8e\
\x81\x81\x81\x03s`UU%\x9dN\x93\x0cs7\xa3\
\x85\xcc\xa3\xa03W\xfc>\x11a\xbf\xbb\xe8a'i\
\x1aj6\x8b\xde\xdb\x8b64\x88:>\x86\x5c\xec\x0a\
\xa2P\x9b-\xbc\xb5M\x9c\xe5\xd5\xa0\x93\xc1\xd6\x16\xfe\
}\xee?x\xcdfP\xd4zk\x13\xafZF\x92\x08\
\x12\xd5\xfb\xfa\x905\xfd\xa3\x80\x10B7\x9a\xef\x1fc\
s\xea`\xfc\xb0K\x85k\x9a8\xf5z{\xb8\x8dF\
Ph\xfc0\xd1\x93\xe1\xb9s\x16\xe61\xdf~\x1bg\
e\x19\xd4`\xffM4\x1d\x94d\x9a\xc4\xe9\x93\x18\x13\
\xe3\xa8Q\x8ee\x87~\xd8\xf7D\x96Q{{H<\
~\x16\xad\xaf\xf7\xfe\xba\x9cDm\xad\x1a\x0d\x9a7\xae\
S\xf9\xb3?\xa3\xfe\xfe\xfb4\xe7\xe7q*\xdb\xf7>\
/\xc7E\x02!\x07\x85\xe8;u\xe9u]\xa7\xbb\xbb\
\xbb\x9d$\xfd\xb0\xd0\xc2\xce\x0a\xd9l\x96|>O>\
\x9f'\x9b\xcd\xb6-\x95\xec\x8e\xf2r\x85B\xa1\xfd\xf0\
\xed\xe4\xdef\xe4\x8e\x1d\x18\x18 \x93\xc9\xec\xfdk$\
I\x22\x91HP,\x16\xdb\x91\xa8j\xd8!\xa4\x13\xec\
w\xee\xa5\xb0\x0dS\xa1P`hh\x88\xee\xee\xee]\
\xfb\xa8\x91(F\xe7.\x95Jut\x91\xa0\x86\x89\xf8\
\xd1u\xc9\xe5rdw\x94\xfc\x8b\xaeM>\x9f\xa7X\
,\x92J\xa5:j%\x12v\x0b\xe9\xe9\xe9\xa1\xbb\xbb\
\x9bB\xa1\xb0\xeb\xfbw\xde#\xe9t\xfa\xd8^\x03I\
\x92\xdaE\x0a\xa29\x1d\xf4;\x88\x16J\x91EY(\
\x14\x1e\xeaBr'\x9d\xb9\x03\xef\x17\xe1\x07}\xfcZ\
AR\xbel\x18A.\xa0\xa6\xa1\x8c\x0c\xa2?\xfb\x14\
\xca\xe8P\x10\x01j\xb9\x08\xd3\xc6\xdd\xa8`\xce\xcd\xd3\
\x5cZ\xc23\x83~w\x87\xc5\xadUi-.`o\
o!4P\xf2i\xb4\x9e\x22j\xa1\x80\xa4*\x1f\xed\
}E\x82x\xbf\x01\x22\x87!LCq\x1a\x0d\xecJ\
\x05kk\x0bks\x13ks\x13\xbbR\xc1\xae\xd5\x82\
\xde\x93w\xfb\xdeP8\x84c\xe3\xce\xcfc_\xba\x88\
\xb7\xb2\x12\xcc\xc1\x07\xd1\xb0Q\x13i\x92\xa7N\x93\x18\
\x1f;tJ\xc3'\x05\xe1\xba\xb8\x95\x0a\xf57\xde`\
\xf3\xf7\xff\x05\xd5\xbf\xf8s\xcc[\xb7pJ\x1b\x9d\xbf\
\x1e{\x91$\x84\xac\x04\xc2\xd8\xa1\x87P\x22\x91h\xb7\
\x84\xeaDQ\xe9\xfb%\x95J\xd1\xd7\xd7\xc7\xc8\xc8\x08\
'O\x9e\xe4\xcc\x993\xed=\x9c\xd3\xa7O366\
FWWW{e\xdeI\xd40I{tt\x94|\
>\xbf\xf7\xaf!\x14\xaeh\x9f/J\xde?\xee\x838\
\xe2\xa0s\x1f\x1d\xd7\xd8\xd8\x18\xdd\xdd\xdd\xbb\xdc\x93j\
\xd8G1\x9dN\x93\xcf\xe7Iw\xa8]\xd3NTU\
%\x1b\x16>\x1f\x1b\x1bk_\x93\x9d\xd7fhh\x88\
\xae\xae.\x92\xc9dG\x05\x910/p``\xa0\x9d\
\x1e\xb3\xf7\xfb\xa31>>N\xee\x98\xad\xc4\x22k\xbd\
\x10\x164\xdf\xcfk\xb0\x97t:\xcd\xe0\xe0 \xbd\xbd\
\xbd\x0f$\xe8\xeb0<\x1aQ\xf4\x05\xd86\x22\xaaT\
\xa3\xe9A\x85\x1bEA\x1b\x1c \xf9\xf4g\xd0\x86\x86\
\x82\xc4~7\xc8]tk\x15\xcc\xdb\xb7iNM\xe2\
\xde\xa7Y\xef\x946h\x5c\xbb\x86S\xd9F\x1d\x19B\
\x9f\x18C\xed*\x04\xe5\xe3 h2\x1cY\x8a~\xd0\
\xb5\xe3X\xee\xbaP\x00\xed\x8d\x0d\x9aw\xa6\xa9\xbf\xff\
>\xd5\x1f\xfe(\xa86\xf3\xbd\x1fR\xfd\xfe\x8f\xa8\xed\
\x18\xd5\xef\xfd\x90\xda\xf7~H\xf5\x87\xafS\xbbp\x81\
\xc6\xd5+XK\x8b\xb8\xd5\xea.\xabX\x08\x81\xdfj\
\xe1V\xaax\xa5M\xbc\xc5UD\xad\x11\xa4\x94 !\
\x1c\x0f\xd9Ha\x0c\x0e\xa1\xf5\xf6\xee\xea\x0a\xf1\x89#\
\xb2\x0c-+\xa8E\xbb\xbc\x84\xf9\xe1\x87\xd4/\x5c\xa0\
q\xe9]\x9a\x97\xafb\xcd\xce\xe1m\x97\xf1[\xcd\x8e\
Yo\x07\x22}\xd4\x1d\xa5S\xa2\x18=\x14:\xb1\xea\
>\x0aj\xb8w\x97\x0d\xf3\xf3\x22\xf1\xe9\xea\xeaj[\
\x09\x91\xcb\xb4\xd3\x0f\xdf\xc8\x12\xdci\x89\xede\xe7\x1e\
\x9e\x116\xf5\xed\x94\xa5x\xd0\xb9\xdfy\x5c\x89D\x02\
eG\x1eg\xe4B\x8d\xf6\x1e;y<\x11\x91\x0b7\
r-\xef\xbc&\xd1u\xc9d2\x18a\xd4i\xa7\xd9\
\xe9E\xd8{O\xec\x1c\xd1^\xefq\x90\xf6\xec\xe3\x1e\
f\xf1\x15\xb9\x99\x1f\xf6>\xfcN:{\xc5\x0f\x8b\x10\
\xe08H\x96\x15\xb8)u-H\x89\x00\xf4\xfe~\xd2\
O\x7f\x06\xa3\x7f\x08\xc9!\x08\xb8I\x19x\xcd\x1a\xcd\
\xabWh^\xfd\x10/l\x1czX\xec\x95ej\x17\
/\xe2T\xaa$>\xf3\x19\x12\x9f\xfe4r.\x07D\
\x09\xdb\x91\x08\x86\xd1\xa7\xfe1\x12\xb8\xc3\x87\xbd\xd7\xa8\
cN\xde\xa6\xfc\x83\x1f\xb0\xf1\xaf\xfe\x1fV~\xe7\x1f\
\xb1\xf6;\xff\x98\xd2\xff\xfa{l\xfc\x93\x7f\xc6\xe6\xef\
\xfd\x9fl~\xeb\x9f\xb3\xf5\xad\x7f\xce\xe6\xef\xfe\x1fl\
\xfco\xdfb\xfd\x9f|\x8b\xd5o\xfd\xef\x94\xfe\xdd\xbf\
\xa5\xfa\xde{\xb4V\x96w[\xc5\xbe\x8f[\xaba\xaf\
\xaf\xe3V\x1b\x08;8?;\x1f\xe2r\xc2@-v\
\xa1\xe4\x1e\xde^\xe2Q\x88\x5c\xe8n\xbdNsi\x89\
\xea\x07\x1f\xb0\xf9\xedo\xb3\xf1\x07\x7f@\xf3\xf2U\x84\
\xe9\x22\xb9\x04\xf7E\x87\x1f\xd81111\x07\xf1h\
D\xd1\xf7\x83\x86\xb4\xad&\x08\x1fY\xd3Bk\x07\xd4\
B\x81\xd4\x89\x93\xe8\x83\x83H\xb9<R*\x89\x94\xd4\
\xf0\x9b&\xf6\xec\x1c\xf6tP\xb4\xd9k6\x83`\x9d\
\xbb <\x0f\xdfqp\xd6J4\xaf\xdfB4[$\
\xce>F\xe2\xcc\x19\x94t&\xd0=\xe1\x07\x96+\x22\
\xfc\x7f\x11\xfc\xd9}Z\x8aB\x08\xfc\xd0\xfd\xd7\x9a\x9a\
\xa2\xf1\xce\xbb\xd4\xdfz\x9b\xda\x9b\x17\xa9\xbd\xf3.\xf5\
+Wi\xcd\xcd\xe2nm\xe1W*\xf8\xb5:\xee\xea\
*\xad\xc9I\x9aW\xae\xd2\xb8t\x89\xc6\x85\x0b\xd4.\
\xbcI\xed\xcd\x0b\xd4.\x5c\xc4\xbcz\x0dws\xb3\xed\
\xda\x15\xbe\x87\xd7\xa8con\xe2\x9b\xcd\x1d\xba-\x81\
,!\xc9 \x1b:j6\x8b\x92J\xdd\x7f\xe4\xe7C\
\xc47M\xac\xe5e\xcc\x9b7\xa9\xbf\xf7>\xb5\x0b\x17\
\xa9_\xbcH\xe3\xbd\xf7\xb0WV\xc3k\x12\xac6%\
I\xeaXD\xe8\x81\x88pA\x14\x8dc\x10\xa5<\xc4\
#\x1e\xf18\xfe\x88\xca\xf5=,\x1eL\x97\x8c{\xe0\
V\xb6\xa9\xbf\xf7\x1e\xe6\x9d;\x18\xa3\xa3$\xc6\xc60\
\x8aE\xb4\xae.$YF\xd6u\xec\xb5UZk+\
\x08\xdf\x05\xc7\x86\x96\x0d\xf5\x16j6\x8fq\xfa$j\
O7\xb2\xa6\xdd\xb5\x0b\x83o\xdbx\xa6I\xfd\xe2;\
\xd4\xbf\xff\x06\xc6\xc0 \x85/~\x81\xc4\xa9\x93\xa8\x99\
\x0c\xf6\xea*\xf5\xf7\xde\xc5ZXD\xf2\xc3\xc4m\xd7\
EN%\xc9\xbe\xf4\x12\xe9g\x9f\xdd\xfb\x91\x07\x22\xc2\
 \x9a\xd6\xcc\x0c\xdb\xdf\xf9\x0e\xdb\xdf\xfe#\xccw?\
\xc0\xbe3\x8f/K\xc8\x83\xfd\xa4\xcf\x9f#\xff\xea\x17\
H\x9d{\x9a\xf4\xb3O#w\xe5\xf1\xf1@\xf2\x83>\
\x80\x8a\x84\xa4*\x88\x96\x8d\xbb\xb4\x86\xa8\x99\x18#\xc3\
\xe8#\xc3\x81\xb5\xe4yXkkX\x8b\x0b\xb4n\x5c\
\xc7\x9e\xbe\x8d\x94\xd0\x90\x0c\x1d<\x17<\x87\xe4g>\
E\xf6\x95\x97\xd1\xfb\xfb\x91;\xbcI\xdfI\xac\x95\x15\
*o_d\xfbGo\xd0x\xe3\x22\xd6\xfbW\xf0J\
\xeb\x08\xc7\x0e\xa2hU\x19\xfd\xd4\x04\xfa\x89\x09\x8c\xc1\
A\x8c\xc1\xc1\x03E\xdeo6q*\xdb\xd8\x8bK\xb4\
>\xbc\x81\xb3\xb0\x04\x80\x92\xcd\x1c\xd8%c/\xad;\
\xd34\xde}\x07gi\x09l\x1b9\x9dF\x1b\x1fG\
\x1f\x1d\xbb\xef.\x19Qb|\x14\x8e\x1e\x8fx\xc4\xe3\
hco\xa9\xb7\x87\xf1<{4\xa2X\xde\xa6v\xe9\
\x12\xad\xe9)\x12'N\x908q\x02-\xec\xdd')\
\x0a\x8a\xaecombU\xb7\x11M\x13\xb1\xb5\x8d\xa8\
\x99\xd0\x0c\x92\xfd\xd5\xe1A\xe4\xae\x02J&\x83\xbaO\
d[\x84[\xa9`m\x940/_\xa5\xf5\xc15\x92\
g\xcf\x90\xff\xa9\xd7H\x8c\x8e \xab*\xd6\xd2R \
\x8a\x8b\x8bH\x9e\x1f\x88\xa2\x13\xf4\xe1\xbb/Q\x14\x02\
\xafV\xc3ZZ\xa2\xf1\xfe\xfbT\xbe\xfb]\xea?z\
\x1dw\xa5\x04\x96\x83:1J\xf2\xdc\xd3d\x9e{\x96\
\xec\xcb/\x91<{\x9a\xc4\xd9\xd3HI=\xb0P%\
\x1f\xdf\xb6\x02\xb7\xad/\xf0\xabu\xdc\xa55@\x22\xfd\
\xf4\xa7I\x9e=\x83$\xcb\x08\xd7\xa5\xb5\xbcLkn\
\x1ek\xf26\xf6\xdc\x1d$C\x0f\x9a\xef\xfa.\x08\x8f\
\xf4\xa7\x9f\x22\xfb\xca+\xe8}}\xf7W\x15\xe6!\xe3\
l\x94\xa8_\xbfAsr\x12w~\x19o\xbd\x84p\
\xed\xa0h\x83\xef\x83\x22\xa1\x9f\x98@\x9f\x18\x7f8\xa2\
8}\x87\xc6\xa5K\xd8\xcbKH\x8es,Qt\x1c\
\xa7]\xaa\xcaq\x9cx\xc4#\x1eG\x1c\x9e\x17\x96\xfe\
\x0cSj:\xbd\xc7\xbb\x1f\x92x\x98viH\xeb\xce\
\x1dV\x7f\xef\x9f\xb2\xfd\x83\x1f\x90\xff\x99\x9f!\xfb\xa5\
/\x91\x1a\x1f'56\xde~M\xfd\xe6M\xeaW\xaf\
P\xff\xfe\x8f\xa8\xff\xc9_\xe0\x96JH\xaa\x8c::\
\x8cq\xfe\x19\xd2\xcf?O\xf1\x0b_ \xfd\xc4\x13\xbb\
>{'\xf5\x9b7i\xdc\xb8\x81y\xed:\xcd\x0f\xaf\
\x93{\xfeyz\x7f\xe9\x17\xd0G\x86\x91d\x99\xea\xc5\
\x8b\xac\xfe\xb3oQ\xbdp\x01\xc9q\x90Z6~\xad\
\x89V(2\xf8\x0f\xfe\x1e}\xff\xdd\xdf\xdc\xfb\x91\x1f\
'\xdcCl\xde\xba\xc5\xf6\x9f\xfc\x09\xb5\x8bo\xd1\xba\
u\x0bw\xbd\x84\x9c\xcd\xa3\x0d\x0e\x91\xfb\xf2\x97\xc8~\
\xf1\xf3\xe8==h\xdd\xdd\xc1jG\x96qJ%\x9c\
\xf55j\xef\xbdG\xe5\x8d7\xb1\xa7\xee\xe0\xaf\xac#\
\xea&\x02A\xfa\xfc\xd3\x0c\xfc\x9d\xdf\xa4\xf0\x8d\xaf\x07\
\xe9)\xad\x16\x95w\xdf\xa1\xfa\xce;\x98\xaf\xbf\x8e\xf9\
\xfa\xebH\x86\x81d\x18\x08\xd7\x01\xcb\xa6\xf8\x8b\xbf\xc8\
\xc0\xdf\xf9-\x12\xa7O?\xbcT\x8c#\xe0lo\xd3\
ZX\xc0Z\x5c\xc2^Z\xc1\xba3\x83\xf9\xde%\xac\
\x9b\xd7\xdb\x01X\xe9W_%\xfd\xea\xab\xe4\xce\x9d#\
w\xee\xfc\x81{\xa4\xce\xd6\x16\xe6\xdc,\xf5\x0bo\xb3\
\xfd\xaf\xfe\x1d\xe6\x1b\x17\x01\xd0\x06\x07\x18\xf8{\xbfI\
\xef\xdf\xfa\x1bAj\xca]\xbc\x0a\xdb\x7f\xfa'\xac\xfd\
\xd3\x7fJ\xfd\xddw\xc04Q\xfa\xfbI}\xe1\x0bd\
^~\x85\xfc\xb3\xcf\x91~\xfc\xf1\xbdo9\x90Z\xad\
\xc6\xe6\xe6&\xcdcV`\x8a\x89\xf9\xcf\x9d((*\
\x95J\xa1\xeb\xfa\x03\x09>\xda\xcb\xa3\xb1\x14\xb7\xb6\xa8\
\xbf\xf9\x16\xd6\xedI\x8c\xb3gH\x9c=\x8b\x96/\xa0\
\xed\x0a\xdd\x16\xc8\xa9\x14\xde\xf2:\xcd+\xd7\xf1\x1bu\
\xa4\xa4\x8e\xd0d\xdc\x96\x05\x8aJr\xe2\x04\xc6HP\
\xe4z?\xb3\xbaq\xed\x1a\xb5\xb7\xdf\xc6w\x1c\xd4\xfe\
^RO<F\xea\xd4\xa9v\xa1iki\x91\xfa\xbb\
\xefa/,\x82/\x90\x5c?\xc8\xf5\xd3\x93d_y\
\x89\xf4g\xcf\xdf\xd3\xd2\xf2]\x17\xbf\xd9\xc4\xbcv\x8d\
\xed\xff\xf8\x1f\xa9_x\x13\xafZC6\x0c\xb4\xb1\x11\
\x12O=I\xd7k\xaf\xd1\xf5\xea\xabA\xbb\xa6T*\
\x18\xc9$Zw7\x89\xb1q\x84\xac\xe04\x1aAq\
\xf2\x86\x15\xe44\x15\xb3$N\x9f$\xf3\xfc\xf3\x18'\
O\x06\x96\xa2m\xd3\x9a\x9b\xa35s\x07gq\x11w\
e\xa5m\x01I\xe1\x1e\x5c\xeaSO\x91}\xf1E\xb4\
\xee\xee\xbd\x87z\xdf\x08\xd7\xc5o\xb5\x10\x96\x85\xdfj\
\xe1[\xd6\xbd\x87m\x07\xc5\xde\x0f\x18\xf8>\xc82J\
*\x85\xd1\xdf\x8f16\x8a>6\x82\x9c\xcfb/.\
b\xcf\xcc\x04E\x1d\x84\x1fZ\x8a'\x0eg)n\x97\
\xb1\x17\x96h]\x0f-E\x09\x94L\x86\xcc\xcb/\x90\
~\xf6\x5c;\xba\xf9 Z\xd3\xd34\xde\xb9\x84\xbd\xbc\
\x1c\xb8\xd03\x19\xb4\xf1\x89\xa0\xc9\xf0\xf0\xfdY\x8a\xcd\
f\x93J\xa5\xd2nS\x14\x8fx\xc4\xe3hC\x0a+\
#E\x91\xab\x0f#\x22\xf5\xd1X\x8a\xb7'Y\xf9_\
~\x87\xca\x9f\xfe\x19\x85_\xf9E\xf2\x7f\xe5/\x91\x18\
\x1e&9<\xd2~\x8dg\x9axf\x83\xado\xff'\
J\xff\xfc\xf7\xb1\xe6f\x91$\x1fI\x92\x11\x92F\xf2\
S\x9f\xa2\xe7\xd7\xff\x0b\xf2?\xf5*j:\x8d\xb2O\
Rh\xe9_\xfe\x01\xa5\x7f\xf9\x07\xe8\x8f\x9d&\xf5\xc2\
s\xa4\x9f|\x82\xf4\xd9\xc7\xda.\xd7\xda[\x17X\xf9\
\xd6\xefQ\xbbp\x01\xc9\xf3\xc1r\xf0\xb7M\xd4\x5c\x91\
\xc1\xff\xe1\xef\xd2\xf7\xb7\x7f\x03\xc2\x02\xd5\x07a\x97J\
4\xe7\xe7\xa8\xbfy\x81\xed?\xfc\x0f\xb4\xae\x5cE\xd8\
>Jw\x0f\x99\xaf\xbcF\xf6\x8b\x9f'\xfb\xf43\xa4\
\x9f|r\xef[\xdbX++4gg\xb1\xe6\x17p\
\x16\x96\x11\x96\x85\x92N`\x8c\x0c\x93>w\x0e\xe3\xc4\
\x09$I\xc2\xab\xd7\xd9~\xeb-*o]\xa0y\xe9\
\x12\xcdK\x97\x82\xfcN]G8\xa1\xa5\xf8K\xbf\xc4\
\xe0o\x05\x96\xe2q\xb1\xd6\xd6h\xcd\xcf\xe3V+\xf8\
-+\xd8\xb7\xdc\x07\x11\x06\xfa \xcbH\xb2\x82|\x97\
\x1bW\xef\xed!1>\x81\x9a\xcb\x05B\xef\xfbx\xad\
\x16\xcd\xe9iJ\xff\xf7\xffE\xf9;\xdf\x81\xca6X\
\x16\xe9\xd7^#\xfd\xeak\xf7\xb4\x14\xed\xcdM\x1a\xd3\
\xd3\xd4.^\xa4\xf6\xef\xff\x10\xf3\xadK\xe0\x82\xd6?\
\xc8\xc0\xdf\xff\xef\xe9\xfbo\xff\xeb@\x14\xef\xb2\xca\xdc\
\xfe\x93?f\xedw\x7f\x97\xfa;\xef@\xab\x85:\xd0\
O\xea\xd5W\xc9\xbc\xfc\x0a\xb9\xf3\xcf\x92~\xec\xb1\xbd\
o9\x90{\x15|\x8e\x89\x899\x1cjX\xf0 \x12\
\xc5\x9f\x5c\xf7\xe9\xcd\xdb,\xffO\xff3\x95\xef\xfe\x19\
]\x7f\xed\xd7\xe8\xfa\xd5\xbfBbh\x08cph\xef\
K\xd9\xfc\xeewX\xfd\xfd\xdf\xc7\xbau\x0b\xeauD\
\xcdDT[\x18\xa7\xcf\xd0\xf57~\x9d\xdc\xd7\xbeB\
\xa2\xb7\x17=\xec\x93\x06A\x194|\x9f\x95\x7f\xf8;\
\xac\xfe\xc3\x7fD\xf6/}\x8d\xee\xff\xe6\xaf\x93<s\
\x0a\xa3\xab\xab\x1d\x9cS\xbbp\x81\xd5\xdf\xfb]jo\
\xbe\x19Dr\xdan[\x14\x07\xfe\xc1o\x05\x0f\xd3{\
\xecE\x99SST\xde~\x9b\xfa[ob\xbe\xfe\x06\
\xce\xf4\x0c\xc2\x06}d\x9c\xee\xdf\xf8&\xf9_\xf89\
\x8c\xee\x1e\xf4\xae\xae\xbdo\xfd\x18N\xbd\x8e].\x83\
\x10h\x99\x0cj2\x194c\x0e\x1f\xe6mQ\xbc\xf8\
\x16\xcd\x8b\x17?\x12ECGX6\xa2\xd9\xa2\xfb\x97\
~\x99\x81\xbf\xfb[$\xcf\x9c\xb9\xa7\x95{/\x1a7\
oRy\xf7\x1d\xac\x95\x15\xbcZ-\xb0\xf4\xc2\xe8\xcc\
v\xb1\x03\xa2\xc4\xf7\xa0\xe5\x96\xaci(Q%\x9b\x9d\
{\x9aa\x04i\xea\xf4ir\xcf\xbf@bh(\x14\
\xd1\xe0&o\xcd\xcd\xb1\xfa/\x7f\x9f\xcdo\x7f\x1b\xb1\
\xb1\x81\xd4\xa8\x1fZ\x14\xad\x8d\x0d\xea\x93\xb7\xa9\xbf\xfd\
6\xb5o\x7f\x9b\xd6\xa5w\x10\x16h\xbd\x83\x87\xbe\x8e\
\xdb\x7f\xfc\xc7\xac\xfd\x93\x7fL\xfd\xddw\xc1j\xa1\x0e\
\x0e\x92~\xf552\xaf\xbcB\xf6\xdcy\xd2g\xcf\xee\
}KLL\xccO \x0f^v\xef\x81$\xcbH\x8a\
\x0a\xd2\xfe\x87\xa2\xf5\xf5\x91~\xf6Y\x12\x8f\x9d\x0d\xc4\
\xccs@\x97\xf1\x85Mka\x16\xf3\xc6u\x9c\xad\xad\
\xf6\xeb\x85\xefc\xad\xafS\xbd~\x1d\xabY\x87\x81\x22\
j\x7f\x0fzO7ZT\x8b\xb3\xfd\xe2\xb03\x82w\
\xff)\x18\x11^\xb9\x8cu\xfd\x1a\xd6\xedID\xab\x15\
\x14\xc1N\xe9\xc8\xb9\x04jW\x1e\xa3\xd8\x8d\x92\xfc\xb8\
\x15\xbb\x1f\x8a\xae\xa3\xe5rh\xf9<J$\x88;W\
F\x92\x84\x9cH\xa0f\x83\xf2m\xb8;\xfa\x07\xba\x02\
Z>~\xd3\xc6m\x98\xb8\xadV\xd8m\xe4\x18DV\
\xb2\xa2\x80\xaa\xe2K2\x9e\xeb\xe2loc\xcf\xcc`\
]\xb9\x82\xf5\xc1\x07X\x97/c_\xbe\x8c\xf5\xfe\xfb\
Xo\xbfM\xf3\xc2\x9bX\xd7\xae\xe1\xcc\xcf\xe3\xac\xad\
\xe1\x94\xcb\xb8\xd5*n\xbd\x8eg\x85\x01E111\
1\x9f@\xf6W\xa2\x87\x85\x14\x88\xa2\xac(\x07\xba(\
\xd5\xbe>R\xe7\xcf\x938{\x16I\xd7\x10\x9e\x83d\
\x84\xa28?K\xe3\xc6\x0d\xdc\x1d\xa2H$\x8a7n\
`G\xa28\xd0\x83\xd1]D\xcdd>.\x8a\xa1U\
y<Q\xbc\x81=9\x89oY\x81(\xa6\x0d\xe4l\
\x02\xad+\x8f^,\xa2$\x0e\xd7\xa5B\xd6u\xf4|\
\x1e=\x12EU\x0d\xac\xad\xf6\x0bd\xe4d\x12%\x9b\
\x0d\xac&\xd7\x0d\x9a\xe2\x02x\x02ay\xf8f \x8a\
\x9ee\xdd\xbdd\xdca\x88z\x1b*\x0aB\xd5\x10\x92\
\x84\xe78\xb8\xdb\xdb8w\xee`]\xb9\x8a\xf5\xc1\x15\
\xac\xcb\x1f`]\xfe\x00\xfb\xf2eZ\xef\x5c\xa2y\xe1\
\x02\xd6\xb5\x0fq\x16\x16\xda\xa2\xe8T\xabA\x8dW\xcb\
\x0a*\x06\xc5\xc4\xc4\xc4|\x02\xd9_\x89\x1e\x14Q\xed\
\xce\xfb\x10!-\x9b#5>Nbp(\xd87\x94\
$P\x14D\xcb\xc2\x9d\x9e\xc7\xb9r\x03gy\xa5\xdd\
bH\xb8.\xf6\xcc\x0c\xe6\x0f~\x00\xb6E\xfa\xfcy\
\xf4\x89\x13\xfbG\x1e\x86\xdd:\x84\xeb\xee\xb1^\xee-\
\x96\xbe\xeb\xe2\x9a&n\xbd\x81W5\x11\x0d\x0b\x1c\x0f\
4\x0d\xa5P@\xe9\xe9A\xeap\xcb&I\x96Q\xd3\
i\xb4\xeen\x14=\x09V\x90\xc1\xb0\x13\xdfj\xe1\x96\
\xcbx\xd5\xca=\x8b\x1b\xdc\x0b\xadX$\xfd\xc4\x93\xe4\
\x9f{\x8e\xe2K/\xd1\xfd\xc5/\xd2\xf3\xe5\xaf\xd0\xf7\
\xf3?O\xdf\xaf\xff5\xba\x7f\xe5WI\x9c8\x0d\xb6\
\x0f\x92\x8c\xa4k \x14\xb0 y\xe2,\xc5\xaf\x7f\x83\
\x9e\x9f\xfdYz\xbf\xf65z\xbe\xfaU\xba\xbf\xfce\
r\x9fy\x1a\xad\xd0\x15\xb8N\x8f\xe9\xde\xfdqA\x84\
M}\xf7&%\xefMP\xfeq\xe6Q\xcf\xf1n\x05\
\x13\x8e\xbbCt\x98\xb9\xed\x1d\x9d\x9c\xebAs{\xd8\
I\xed\x0f\x82\x83\xce\xeb\xa3\x9c\xdb\xc3\x15E\xa2\xda\xa2\
\x07\x8b\xcd^\xb4\x5c\x8e\xf4\xf8\x04\xc9\xc1A\x94\xa8\x19\
\xa8\x22\x07\x09\xee\xd3s\xd8\x1f\x5c\xc7YZ\xfd\xa8\xef\
\x9e\xe7\xe1\xcc\xdc\xc1\xfc\xc1\xf7\x83`\x8d\xf3\xe71N\
L\xec+\x8aB\x08p\xbd@\x18\xc3\xe8\xcd\xe0/\x00\
_\x04\xee\xc7\x03nn\xe1\xba\xb8\xcd&^\xad\x81_\
1\x11u\x0b\xe1\xfaH\x9a\x86\x1c\x8a\xa2|H\xb7\xe9\
a\x91d\x19%\x93A\xef\xeeF\xd1S\x08\x1b\x84\x1b\
\x1eo\x88\xdfj\xe1\x96\xb7\xf0\xaa\xd5 \xf8\xe6\x18h\
\xc5\x22\x99'\x9f$\xff\xdcg\xe9z\xf9e\xba\xbf\xf8\
Ez\xbf\xfaUz\x7f\xfe/\xd3\xff\xcdo\xd2\xf3\xab\
\xbfF\xe2\xc4\x19\x84%\x90\x90\xc3s\xac lH\x9e\
<C\xf1\x1b\xdf\xa0\xe7g\x7f\x8e\x9e\xaf}\x9d\xde\xaf\
\xfe4=_\xfe\x0a\xb9\xa7\x9f\x0e\x0a\xb1\x7f\x82s(\
\x1f\x04\x9e\xe7},\xb2n\xe7\xe8\xe4C\xf4Q\xf1(\
\xe7\x18\x09\xc7~\xdfy\xdc\x87\xebA\x9f}\xb7\xd1\x89\
\xef\x8d\x88\x84c\xefwx\x1d\x10\xfcG\xcdA\xe7\xd6\
;\xee\xd6\xcf1x\xa8\xa2(\xa2\x00\x8d\xf0b\x1e\xea\
rJR\x90\xd0_\xecF\x7f\xfc\x09\xb4\xd3g\x90S\
\xe90\x12\xd2C\xb8-\xec\xb5U\xcc\xa9)Z\x8b\x0b\
Xkk\xb8\xeb\x9b\xf8\xa5\x0a\xaa\x9e$u\xe2$F\
o\xd8\xc6h?\xa4\xf0\x1f;\x9f\xcf\x12a\xd9\xb4\xa0\
\x95\xd0~\x88\xd0\xf5*|\x11\x94$\x13\x04\xea$I\
\x08E\xc1W\x14\xc4\x01\xfb\xa4GF\x96Q3\x19\xf4\
\xde^\x94\x5c\x1a\x0c\x05I\x91\x82\x05\x86*#\xa5u\
<\xb3\x86y\xfb\x16\xcd\x99\xd9\xfb\xee&\xb2\x17I\x96\
\x91T\x15Y\xd7\x83a\x18\xc8\x86\x11\xa4\x94d\xb3(\
\xf9\x1cr:\x81d(A\x99>\x11\x0a\xb4\x08\xdb0\
)j\xb0H0\x0c\xe4D\x22\xe8\x86\xb2w\x9f\xf4'\
\x98F\xa3\xc1\xfc\xfc<\xb7o\xdfn7n=hT\
\xab\xd5\xf6\xc3\xf4\xa8D\x0f\xcfr\xb9\xcc\xec\xec,\x9b\
\x9b\x9b\xb8\xc7\xf4\x16\xdc\x8b\x87=\xc7\x88Z\xad\xc6\xf2\
\xf22\xf3\xf3\xf3\xcc\xcc\xcc077\xc7\xf2\xf2r\xfb\
\xbb\xd6\xd6\xd6(\x95J\x94\xcbe\xac\xa8\xf1\xc0}\x12\
Y\x88\xadV\x8b\xcd\xcd\xcd\xf6g///377\
\xc7\xf4\xf44333\xcc\xcf\xcf\xb3\xb4\xb4\xf4\xb1\xb9\
\x1ew\x9e\xa6i\xb2\xb1\xb1\xc1\xca\xca\x0a\xf3\xf3\xf3,\
..\xb2\xb2\xb2\xd2\xfe\x8e\xa5\xa5%\xe6\xe6\xe6XX\
X\xa0T*Q\xaf\xd7\x8f\x1d\xf1,\x84\xc0q\x1c\x1a\
\x8d\x06\xab\xab\xab\xcc\xcf\xcfS\xadV\xf7\xbe\xecHx\
\x9e\xc7\xf6\xf66\x8b\x8b\x8b\xcc\xcd\xcd133\xd3n\
\xac\xbc\xf7\xbaU\xab\xd5c\xcf\xe5\xa8<\xfc\xa7Sh\
)F+\x9cC\x09#\xa0\x14\x8b\x18\x9f\xfe4\xc6\x13\
O \xa7\xd3A\xf97\x15\x84\xe4a\xaf\xaf\xd0\xbc}\
\x8b\xd6\xec,\xd6\xca\x0a\xceF\x19\x7f\xdbDKdH\
OL\xa0w\xf7 \x1f(\x8aa:\xc1\xee?l\xbb\
i\xefj\xcd\x88\xa8N\xe6\xeeY\x08Y\xeeh\x0b\xa2\
\x08I\x96Q\xc2\xbe\x93J>\x83\x94\x90A\x0dDQ\
\xd2\x14\xe4\x8c\x81\xdb\xac\xd2\xb8q\x9d\xe6\x9di<\xf3\
x\x9d\xb3\x0fD\x92\xdab)%5H*\xed\xe3\x88\
\x10\x9e\x87\xe7\xd8\xf8\x8fp\xc5\xf7\xa8i4\x1a\xcc\xcc\
\xccp\xe3\xc6\x0dfffX\x5c\x5c<ploo\
\xe38\xce\xb1,\x8ch\xd5\xbd\xb1\xb1\xc1\xf4\xf44\xeb\
\xeb\xeb\x0f|\xc5\xfd\xb0\xe7\x18Q\xadVYXX`\
ff\x86\xa9\xa9\xa9\xf6\x036\xfa\xaeH\xa4\x8e+\x8a\
\x9e\xe7a\x9a&\xa5R\xa9\xfd\xd9\xf3\xf3\xf3LMM\
q\xeb\xd6-\xa6\xa6\xa6\xb8s\xe7\x0esss\x1f\x9b\
\xebq\xcf}\xa3\xd1`}}\x9d\xc5\xc5Efff\
\x98\x9d\x9d\xdd5\xc7\xf9\xf9\xf9\xb60\xaf\xad\xadQ\xad\
V\x8f<\xd7\x08\xdf\xf7q\x1c\x87z\xbd\xce\xf2\xf22\
333l\xdfg\x03\x86\x83\xf0<\x8f\xad\xad-\xe6\
\xe6\xe6\xb8s\xe7\x0e\xb7o\xdffff\x86\xa5\xa5\xa5\
\xf6\x9c\x96\x97\x97Y[[\xa3R\xa9\xfcg\x22\x8aB\
\xe0{\x1e\xbe\x1b4\xd3\xbd\x9f\x9f\x85\x92\xcf\x93<s\
\x16c\xe2\x04\xb2\x96\x0c\xf6\xb1d\x19\xe1{\xd8\x8b\x0b\
\x98\xef\xbfG\xfd\x9dw\xa8\xbd\xff\x1e\xbe\xefb|\xe6\
I\xb4\xd1a\x94t:\x88Z\xddO\xa0$)\xd8\x0b\
\x93\xf6i\x17\xb4\xf7\xff\xf7 I\x12\xb2\xaa\x22\xab\xca\
\x8e\xbd1\x09\xe1y\x88F\x03\x11\xa50t\x92\xd0j\
\x96\x0d\x03uh\x10\xe3\xd3\x9fB\xe9\xed\x09\xa3g}\
P\x15\xfc\xba\x89;\xb3\x80sg\x0egu\x0d\xb7R\
\x09\xdc\xca\x9dF\x92\x82Z\xad\x9a\x8ad\x84\x05\xdd#\
k9Z/\xf8\x22x\xf8\x1d\xf3\x01x/\xa4\xf0\xbc\
H\xb2\x82\xe4K\x10vW\xb9o\xa4\x1d\x1e\x83hQ\
\xa4\x1e\xdd\xb2\xf5<\x8fV\xab\x85\xeb\xba$\x93I\x8a\
\xc5\xe2\x81#jh\x1b\x95\xb4:\x0aB\x04\xe7\xdbu\
\xddv\x89\xb9\xe3\x8a\xcf\xbdx\x98s\x14a'\xf7z\
\xbd\x8ei\x9aX\x96\x85\xaa\xaatuu\xd1\xdd\xdd\xfd\
\xb1\xef\x8b\xda0\x1d\xb5Ymt\x9c\xba\xae\x93\xcdf\
w}n*\x95j\xb7EJ\xa5R\xe4r\xb9\x8f\xcd\
\xf5\xb89u\xae\xeb\xb6E.\xaa\xec\xd2\xd5\xd5\xd5\xfe\
\x8e\xa8\x89r*\x95j\x0bh'\xaa(E\x8b\x01\xc7\
q\xb0,\xeb\xd8\xe2\x1eY\xdb\xf5z\x9df\xb3\x89\xe3\
8$\x12\x09z{{\xe9\xee\xee\xde5\xa7\xae\xae.\
\xf2\xf9|\xbb\xc1\xf2\xa3\xe0xW\xed>\x11\xbe\x1ft\
\x9fw\xdc\xfb\x8e\x8cTs9\x12\xa7N\x91\x18\x9b@\
V\x13`\xf9H\xb2\x8a\xf0=\x9c\xf99\xccK\x97\xa8\
\xbd\xf1\x06\xd57\xdf\xc4S \xf5\xea\xcb\xe8\xa7\xc6\x03\
k\xe6\x80\x1f`\xe09\x0d\x04q\xffW\x1c\x8c\x14\xd6\
h\x95U-H'\x91\xc2\xcf\xf2<D\xad\x8a(o\
\x81\xd5\xda\xfb\xb6\xce\xa0(h\xa3\xa3$_x\x01m\
h(\xd8\x13\xf5\xc2EB\xc3\xc4\x9f[\xc6\xbd\xb3\x80\
\xb5\xb0\x14t\xd48\xe6\xea\xf1@$\x09T5\xc8\x95\
\x94\x0f\xce\x01|\xd0H\x92\x84\xa2\xa8\xc8\xb2\x02\x9e\x84\
8\x8a(F\xd7/\xf8\x8f`\xb1\x14\x15\x9c\x0f;\xb8\
\x1c\x15]\xd7\xe9\xed\xede||\xfc\xc0Q,\x16Q\
;\xd8y\xfea\xf3\xb0\xe6\xd8l6\xd9\xde\xde\xa6\xd5\
j!\x84\xa0P(p\xf2\xe4IN\x9d:\xc5\xc4\xc4\
D\xfb\xbbFGG\x19\x1e\x1e\xa6\xa7\xa7\xe7\xc0n\xef\
\xf7\x22\xb8\xaf\x82n\xf0Qc\xde\xe8\xb3\xfb\xfa\xfa(\
\x16\x8b\xf4\xf4\xf4\xd0\xd7\xd7\xc7\xf0\xf0\xf0\xc7\xe6z\xdc\
\xea+\x91\xfb6\x91H\xd0\xdd\xdd\xcd\xe0\xe0 \xa3\xa3\
\xa3\xed\xef\x98\x98\x98\xe0\xf4\xe9\xd3\x0c\x0c\x0c\xd0j\xb5\
XYY\xa1\xd1\xe8\x8cw(Z\x10\xc8\x1d\x08\x88\xf3\
}\x1f\xd34\xa9V\xab\xd8\xb6\x8d,\xcb\xf4\xf4\xf4p\
\xf6\xec\xd9\x03\xaf[\xb1X<\xf2b\xe6\xb8\x1c\xfd\xee\
<\x22\xf7\x1b}\x1a!\x1b\x06z\xb1\x88\xde\xd7\x87\xda\
\xdb\x83\x5c\xc8\x05\xdd!|\x1f\xbf\xd1\xc0+m\xe0\xcc\
.`O\xce\xa0\x18\x09R\xe7\xcf\xa1\x0d\x0f\x05)\x18\
\x07]TIB\x0a+\xb1\x1c\xf8\x9a\x03\x90\xe4\xf0\xa1\
\x99J\x22\x152\x90M\x81\xa6\x80\xeb\x06\x05\x06\xca5\
\xbcz\x98\x1aq\xcc\x95\xd6^$E\xc1\x18\x19%\xfb\
\xfc\xf3\xe8##\xe1\xbegx>\x85\x00\xdf\xc3-\xad\
a\xbe\xff\x1e\xe6\x95+x\xe5\xad#\x9d\xf3{\xf3Q\
%\x9b\xfb=\x7f\x1dG\x96\x90$\x19\x84\x14\x08b8\
U)\xca\xb5<\xec\xf1}d\xf4\xef\xd8S>\xe4{\
\x0f z\xb8j\x9a\xf6\xb1\xa1\xeb:\x89D\xa2\xdd\xd0\
\xf6\xb8\x0f\xa0G\xc5\xc3\x98c\xb4\xdfe\x9a&\xae\xeb\
\xb6\xab\x9dd2\x192\x99\x0c\xe9t\x9aT*\xd5\x1e\
\xc9d\xb2\xddD\xf9\xa8D\xf3J$\x12\x1f\xfb\xdch\
n\x86a\xec\xfa\xfb\xa8N\xe7Q\xe7\x19\x11\xbd?\x12\
'UU\xdb\xdf\xb5\xb3\xca\x0b;\xf6\x93\x1f\xb4g\xe0\
(\xf8a\xd7\x98V\xab\x85$I$\x93I\xd2\xe9\xf4\
\xbe\xd7,:\xbf\xba\xae\x1fk\xf1t\x1c\x1e\xcd\xb7\x1e\
\xe1\xc2I\xaa\x8a\x92J\xa1\x16\xbb\xd0F\x07QF\xfa\
\x91R\x890uB\x04b\xb4UA,\x97\xd0\x92\x19\
\xd2O=\x85\xde?\xd0n^\xbc/R\x10\xbcr_\
\x0f\xcd\x90H\x14\xa5L\x0a\xa9\xaf\x88\xd4\x9d\x0f\xf2(\
\x1d\x1fQ\xb7\xf0\xb7\x1bx\xd5:n\xa3\x81\xdfa7\
\xaa$\xcb\x18##\xe4>\xfb<\x89\xd1\xd1\x8f\x82\x88\
\xc2\xbdE)\x9b\xc0\xadnQ\x7f\xe3G\xd4\xdfx\x1d\
gm-\xd8\xcb=\xc2y\xffqF\x8a\xae\xef\x03\xe8\
,\x7f?D\x0f\xf3V\xab\xb5kX\x96\x85\x13\xb6\x97\
:nP\xc6\xa3\xe6a\xcd1r\x0d\x0b!\x1eZ\x81\
\xe8{\xf1\xa0~W\x91 \xfb\xbe\x8feY\xd8\xb6\xbd\
+B\xd3\xb6mj\xb5Z\xdb:<Lg\xfbGA\
to\xd8\xb6\x8d\xa6i\xe4r9\xf4}\xb2\x01>)\
<\x5cQ\xdc\x91\x17\x18X.\xa1K\xd5\xbb\xb7;U\
\x92edUE\xcd\xe7\xd0N\x8c\xa1M\x8c!'\x92\
\x08\xcb\x05\xd7\x0b,\x03EA2\x12\xa8]]$\x86\
\x87\x83\xfa\x9aw}\x18\x86{\x89\xfb\xbd&\xda\x0b;\
\xe8\x86\x0f-\x10%\x9fC\x9f\x18C\x1b\x19FRu\
\xb0\x82\xb4\x10\xdf\xb2\xb0VV0\xa7\xa7q\xees\xa3\
Zx\x1e^\xab\x85\xdbh\xe0\xd6j\xb8\xf5\xfa\xee}\
AY\x0e\xdc\xc9CC$\xce\x9c!u\xee\x1c\xda\xd0\
p\x90\xb3\xe8\xf9H\x9a\x8co5\xb1\x17\x17i\xde\xbc\
I\xfd\xca\x15\xcc[\xb7p\xb7\xb7\xef>\xa7\xfbE\x04\
)-8ae\x1d\x89\xb6U%\xc9\xd2GE\x19\xf6\
;\xbf\x87 \x8a~=(\x028B\xb4=\x10^p\
LRxg+\x81g\xfb\xc0k\xbc\x17\xf1\x91\x85\xb9\
\xeb\x7f\x0f\xf3\xde\xbb\xe0y\x1e\xcdf\x93j\xb5J\xa5\
Ra{{\xbb=\xa2\x1a\xa9\x9f\xd4U\xfea\x89\xe6\
X\xab\xd5\xda#\x9ak\xa7\xe6\x18\xb9\x13\xa3\x88\xda\xa8\
\x16\xe6\xdd\x7f\xe3\x0f\x87\xe3\xcc\xebnH\x92\x84\xeb\xba\
4\x9bM\xea\xf5:\xb5Z\x8d\xad\xad\xadv\xb4f\xa5\
R\xc1u]\xb2\xd9,\xbd\xbd\xbd$;\x9c\x1b\xdd\x09\
\xa2=J\xdf\xf7\x91e\xf9\x13+\xde\x11w\x7f\xdat\
\x18\xe1\xfb\x08\xc7\xc1\xb7#\x97\xa2\xc0w\x1d\x5c\xcb\xc2\
?\xa0\xd8\xf4^\xe4l\x16\xfd\xf4i\x8cSg\x90\xf5\
T\x90\x1fh\xbb\x81\xfb\xac\xb7\x0b\xf9\xcc\x18\xca@\x1f\
j&\x83rP\x80\xcd=\x09\xd3-\xbc\xf0!{\x17\
\xd4B\x81\xe4\x13\x8f\x938y\x1aY1\x10M\x07\x14\
\x19_r0g\xa6\xa8^z\x1bkey\xef\xdb\xee\
\x8a\xef88\xb5\x1a\xd6\xc6\x06\xad\xb5U\xec\xf5u\xfc\
=\xe9\x15\x92\x14\xb8-\x93O=E\xd7\xaf\xfc2\xa9\
O?\x83\xe4J\x08\xd3\x06\xef\xa3\xfa\xa4\xf6\xca\x0a\xdb\
\xdf\xfb\x1e[\x7f\xfa\xa7\xb4\x16\xe6\x83@\xa0{\xcc\xe9\
\xd0\x08\x1faY\x08\xd3Dxn(>\xc1_\xc9\xb2\
\x82\xa2kw-\x0e~w\xa4 \xa5C7\x822\x80\
wC\x04{\xd5\xbe\xeb!D(\xce\x1a\x10\xa4M\x1e\
\x0e\x11\xfeC|\xa4\x8cB\x92\x10G\xba\x7fv\xe3\xba\
n\xbb\x9dT\xa9Tbmm\xad=vv\xd3\xf8q\
f\xe7\x1c777\xd9\xd8\xd8h\xcf\xf5'e\x8e\x8f\
\x0a'L\x91\xd8\xde\xdef}}\x9d\xb9\xb99\xae]\
\xbb\xc6\xe4\xe4$[[[\xc8\xb2L\x7f\x7f?\x13\x13\
\x13d\xb3\xd9\xbdo\x8f\xb9O\x1e\xaa(\x22|\x84\xeb\
|\xd4BH\x88 \xf0\xc6\xb2\x10\xee\xe1\xf6\xdd\x94t\
\x9a\xc4\xd88\xc6\xf8\x04\xb2\x91BX.\xa2\xe5\x82/\
\xa1\xf6\xf5a<q\x16m\xa0\x0f\xc50\x0e\xceM\x8c\
\x10;+\xd7\xec\xfd\xcb\xc3\xa1\xe6\xf3\xa4\xce\x9c%y\
\xf2$J:\x032H\x9a\x82\xf0]\xac\xd99\x1a\xef\
\xbcO\xf3\xd6$\xad\xe5e\xdcZm\xef\xdbw\xe1\xdb\
v\xd0\x18yq\x89\xc6\x95\x0fi|p\x15ka\x11\
\xb7V\xc5w\xf6\xb8`CKU\x1f\x19%\xf3\xe2\x8b\
\xa4\x9e9G\xe2\xccY\xd4\xee^@F8.x\x1e\
\xee\xf66\xe6\xf5\xeb\xd4.\xbdM\xe3\xfd\xcb\x98\xb7n\
a\x97J\xc7\xda\xeb\x14\x9e\x87\xdbh\xe0T*\xf8M\
3(\x12\xb0\xe7\xb3$EF\xd6tdU=\xfcJ\
\xbem\xc5\x06\xd6\xde\xa1-\xc5\xc8\xe3\x10Y\xab\x91q\
z\xc8\xaf\x0d\xf8\xa8\xc8\xf9\xae[A\x92\x8ezk\xec\
B\x0a\x03\x17\x0e\x1a?\x09H;\x1a\xc1F\x16\xdcO\
\xda\x1c\x1f6\xd1\x02v\xa7E\xecy\x1e\x96e\xd1l\
61M\x13\xcf\xf3H\xa7\xd3tuu\x1d9\xa8\xe8\
a\x10Y\xfa\xc7\xf5\x18<h\xee\xfe\xb4\xe94~\xe8\
>u\x9c0\x8d\x00\x84\xe3\x06}\xf8\x0ek)&\x13\
$\x06\x07I\x0e\x0d\xa1\xa6\xd3\x81U\xd4r\xc0\xf21\
\x06\x86\xc8>\xf3\x0c\xfa\xc0\xc0\xde\xb7\xed\x8f\xf0\xc3\xe3\
q\x83\x94\x866Q\x1b\xa4{\xbb\xfe\x94l\x96\xd4\x89\
\x13\xa4N\x9dD\x1d\xe8F\xca%!\xa1\x81\xe3\xe2/\
\xac`\xbf\xff!\xb5\x8b\x97(\xbf\xf9&\xcd\x85\x85\xbd\
o\xdf\x85[\xaba\xce\xccP\xbd\xf0\x16\xe5\xff\xf7\xdf\
\xb1\xfd\xef\xff\x88\xd6\x9dY|\xcf\xdb]qg\x07j\
*\x85^\xec&\xf3\xd9\xf3\x14\xff\xea/\x93y\xf1y\
dY\x0f,h\xc7\x03\xdbFT\xab8SS\x94\xbf\
\xfb\x1dJ\xff\xe6_S\xfb\xe02v\xb9\x8c\xd7:Z\
t\xac\xd7j\xd1ZY\xc1\x9c\x9b\xc3\xad\x86B\xdf^\
`\x04\xc7))JP\xf6\xedn\x81N\xbb\x08K\x00\
z^\xfb3\xee\x1b\x19PA\xd2\xc2\xcbi\x7f\xbc\x0c\
\xde\x81\x08\x81\xf0v\xb8`;\x88\xae\xeb\x14\x8bE\x86\
\x87\x87\x19\x1d\x1dell\xac=zzzH\xa7\xd3\
\x1d\x09\xccx\x94Ds\x1c\x1a\x1aj\x8fh\xae?)\
s|\xd8DnG\xc30(\x16\x8b\xf4\xf5\xf518\
8\xc8\xd8\xd8\x18g\xce\x9cah(\xe8*\xd4h4\
~,\xacp\x11\xa6\x0bu\x22\xcd\xe3A\xf2`D1\
|@\xfa\xb6\x8d\xd7h\xe0V*8\xe52\xf6\xe6\x06\
\xce\xda\x1a\xeeF\x09a5\x91\xf0\xf0\xeaU\xec\xf5u\
\x9c\xad\xad\xa0ht\xbd\x8e\xd7h\x84\xfd\x14\xcd\xa0i\
\xed\x8e\xfdFE7\xd0\xbb\xba0\xfa\xfaP\xbb\x8b\xc8\
\xb9\x0c\xa0 y`\xf4\xf5\x93~\xf2S\xe8\xbd\xbd\xbb\
\x0f\xc7\xf3\xf0\x1d\x07\xaf\xd9\xc4\xad\xd7q\xcae\xac\xb5\
5\xec\x8dM|\xb3\x19\xb8\x14\xfd0dQ\x96\x00\x1f\
\xb7^\xc3Z_\xc7\x0e\x8f\xcbk4\x82\x86\xbb\xd1\xfe\
Y\xf8\xe0T\x92I\xf4\xbe>\x12\x13\xe3$\xce\x9eB\
\x9f\x18E\xc9\xa4\x11\xb6\x83\xbf\xb5\x85;;O\xf3\xea\
U\xaao]\xa0q\xe5\x0a\xad\xa9)ZssX\xcb\
\xcbX\xcbKXKKA\xe3\xe0\xa9)\x9a\xd7\xaeS\
\x7f\xef}\xea\xef\xbc\x87y\xf9\x0a\xf6\xf4\x1d\x84i\x06\
\xe5\xd3\x0eH\x0b\x90u\x1d-\x9b%y\xf6\x0c\xd9/\
}\x91\xf4\x8b/\x908y\x1a\xado\x009\x97\x0bD\
\xc9l\xe1.-\xd3x\xe7\x1d*\xdf\xfb\x0b\xea\x17/\
a^\xbbAsv\x16\xbb\xb4\x8e[\xa9\xe0\xb5\x9a\xf8\
\xb6\x1d\xba!\xc3\xe18\xc15\xb4Zx\xa6\x89[\xad\
bol\xd0\x9a\x9f\xa7q\xed:\x8d\x0f\xaf\xe3ll\
\x06\xd1\x9e~`U)\x85<\xfa\xf8(J\xb1+\xe8\
v\xbf\xd7\xca\x13A\xf9<\xdf\xb6\xdb\xd6\xa6\xbd\xb9\x89\
]\xda\xc0\xaf\xd6\xa0i\xb5\xf7\x88\xfdf\x13wk+\
(@^\xab\xe15\xc3k\xe5\xba\xf8V+\xb8\xb7\xaa\
\x15\xdcr\x19\xb7\x5c\xc6\xafU\x11\xbe\x03\x8a\x14,\xb8\
l\x81\xd70ww\xe9h\xb5\x02\xefD\xab\x85[\xab\
\x05\x1d?66p\xcb\x15D\xab\x05\xee\x8e\xbdn\xb3\
\x89W\xa9\xe0U\xab\xb8\xb5Zp?\x1e\xc1\xc2V\x14\
\x85L&\xd3\xce-\xeb\xed\xed\xa5\xb7\xb7\x97\x9e\x9e\x1e\
r\xb9\x1c\x89D\xe2\x13\x110r\x1c\xa29vuu\
\xb5\xf3\xce\xa2<\xbaN\xcd1\xb2D5MC\x08\xd1\
\x0e\xe2\x89\xf6\xab~\xd2\x10a\xde\xa9\xa6i\xa4\xd3i\
\xf2\xf9<]]]\xed\x14\x90\x9e\x9e\x1e\x14Ei\x07\
\xe1D\x85\x11>iH\x92\x84\xaa\xaa\xa8\xaa\x8a\xeb\xba\
4\x1a\x8d\xb60~\x12-F\xe5\xb7\x7f\xfb\xb7\x7f{\
\xef\x1f\x1e\x97h\xc5\xef\x94\xcb\xb4\x16\x16h\xce\xcf\xd3\
\x9a\x9b\xa5y\xebv\x10\xf4\xf1\xe1U\xac;S\xf8\xd5\
2\x18\x1a\x9em\x05\x0fKE\xc1\xa9T\xf0jU\x9c\
j\x05\xa7Z\x05\xdf\x0fj\x9e\xee\xdc\x9b\x0a\x1b\xee\xb6\
\xd6V\xb0\x1bu\xb0ldI&\xfb\xc5\xcf\x93\x7f\xed\
\xf3h\xd9\x5c\xbbg\x22\xa1e\xe3T\xab\xc1\x1e\xdd\xf2\
2\x8d\xa9)\x1aW\xafR\x7f\xf7]Z7n\xe0m\
\x97\x03\xcb&<vT\x19\x91N\xe2XM\x9c\xedm\
\xbcV \x0a\xc2q@\x88\xb6KO\x0a\x8f\xa5}X\
\xe9\x14r\x22\x89[*\xe1\xae\xae\x04\x7f\xa8\xc8\xe0\xbb\
\xf8\xdbe\xdc\xc5EZ7\xae\xd3\x98\xbcMc~\x8e\
\xc6\x8d\x9b4\xae]\xa3\xfe\xf6Ej\xdf\xff\x1e\xb5\xd7\
\xdf\xc0\xbct\x19\xa7\xb4\x81\xd2\xddE\xf2\xe9O\x91}\
\xe1\xb3\xa4\xce\x9eAMg\x0e\xae\xcaC\x18\x88\xa4\xeb\
(\x99\x0c\xc6\xf8(\xca@\x1f\xbe\xa6\xe2\xdba\x8aH\
\xbd\x09\xbe\x0b\x96\x85W\xda\xc2\xbe3\x87S*a\xd7\
*xM\x13\x09\xf0\xed\xb0\xda\x88\xe3|\xb4\x880M\
\xdcJ\x15gs\x93\xe6\xc2<\xf5\x0f?\xa4\xf6\xf6%\
\x1a?\xba@\xf3\xe2\xbb\xb8s\x8b\x88\xba\x89d\xe8\xc8\
\x99\x14\xa9g\x9e!\xfb\x95/\x93y\xe1\xb3A\xcd\xd9\
={\x8a\x91 9\xe52\xad\xe5e\xcc\xd9\xd9\xe0|\
|p\x15\xf3\xedwq&g\x90\x1c\x07$\x10\xaa\x86\
\xd74\x11\x92\x8c\xd0\xb4\xc03\xaa\xeb\xf8\xad&\xce\xd6\
\x16\xd6\xda*\xad\xf9\x05\xcc[\xb7h\x5c\xbdB\xeb\xe6\
M\xdc\xc5\xc5@\x5c=\x90U\x1det\x08)\x9f\xc1\
.o\xe1Tk\xf8\xae\x03\x92\x84\xbd\xb1Asq\x91\
\xe6\xec,\xe6\xed\xdb4\xde}\x9f\xd6\xe5\x0f\xf16\xca\
\x81k\xda\xd0\x91\x8c\xc0\x15%$\x09_\x08\xbcf\x13\
\x5c78\xd7\x86\xb1k^\xfbQ\xaf\xd7Y[[\xc3\
\xf7}\xfa\xfb\xfb\xc9\xe7\xf3{_\xd2Q\xfc0\xc2\xb8\
\x5c.S.\x97\xc9\xe7\xf3tww\x1f[\x8c\xee\xc6\
\xa3\x98\xa3,\xcb\xd4\xebu\xd6\xd7\xd7\xd1u\x9dL&\
\x83\x1a\xba\xe9\x1f\x86%\x1a\xed\x9f6\x9b\xcdv\xdaI\
\x22\x91\xe8x\x90K\x14\xb0\x14\xa5\xba\x18\x86A2\x99\
D\x09;\xd0\xbb\xae\x8bi\x9a\xf8\xbe\x8fa\x18\xc8\xb2\
\x8c\xa2(\xc7\xba\xde\x915\xd7j\xb5\xa8T*X\x96\
\xd5N\xaa?\x0e\xd1\xbdY\xadV\xd9\xda\xda\x22\x95J\
\x91\xc9d\xda\x0b\x9d\x87q\xdd\x0e\xcb\x83\x11E\xc7\xc1\
3M\xac\x95\x15\x1a\x93\x934\xef\xdc\xa1\xb5\xb0@k\
f\x86\xe6\xd4\x14\xd6\xfc<~\xb5\x82$<|\x09<\
\xb3\x19\xd4\x0b\x95\x95pe^\xc1\xd9\xda\xc2\xde\xdc@\
\x92e\xb4|\xfe\xa3\xaa4\xe1\x8d\xef\xb5Z\xc1\x03\xdd\
j\xe1\xd7\x1a\xc8@\xfeK\xaf\x92\xff\xc2\xe7w\x09\x22\
ag\xf6\xe6\xe2\x22\xcd\x85\x05Zss\xc1C\xf0\xc3\
\x0fiMM\xe1\x95J\xe0:A+&M\x0dDL\
S\xf0\x10\xd8\x95m\x5c3\xb4\xa0j5D\xa3\x01~\
P\xf4[\x92\xa2**\x81%$\x19\x06J_\x1f\xb2\
\x91\xc0YZ\xc4]_GJ\x18\xa0\xcaA\x1e\xe5\xca\
\x1a\xf6\xdc\x1c\xcd\xeb7h./\xd3Z/\xd1\x9c\x9a\
\xc6\x9c\x9c\xc4\xbc|\x99\xe6\xa5KX\xb7\xa7p\xd76\
QR)\x92\xcf<E\xe6\x85g\xc9|\xeaS$\x86\
\x87\xef*\x88\x10\xa4\xac\xc8\x89\x04ZO7\x893\xa7\
\x90\x0a9<\xc7\xc1o\xd9`\xdaH\x8e\x87\xa4J\xe0\
\xd88Kk\xd8w\xe6\xb0\x1bu\x1c\xb3\x81\xb0l$\
\xdf\xc7\xad7\xf0\x1b&n\xa5\x82\xbb]\xc1\x09-8\
{e\x05{y\x89\xe6\xd4\x14\xf5\x0f?\xa4q\xe5*\
\xd6\x07\xd7pg\x17\xc1\x0f\x5c\xc8jw\x11m\xb0\x9f\
\xcc\x17>G\xe1\xeb?\x83qb\x1c5\x97\x0dr\x07\
w\xe0Y\x16n\xadFkm\x0dsv\x16sz\x9a\
\xe6\xf44\xcd\xa9)\x9c\xe9y\xd8\xdaF\xd25\xa4\x94\
\x81\x8f\xc0\xad\xd7A\xd3\x10\xe1\xb9Vt\x1d\xb7R\xc1\
^[\xa5\xb5\xb8Hkn6\xa8{;9\x89\xb3\xb4\
\x84h\x98\xc1\xc2ERA7\x90z\xba\xf05\x19\xa7\
Z\xc5\xa9UC+O\x0a\x04y\xe6\x0e\xad;34\
\xefLcMM\xe3.\xae\x22l\x17)i\x04\xd7N\
Q\x02\x8b\x11\x82JL\xcd&\xb8\x0e\xb2\x91@\xcd\xe5\
v\xcdk?\x1a\x8d\x06\x1b\x1b\x1b\xf8\xbeO\xb1X$\
\x99L\xee\x0a\xa9\xdf9\x84\x10\xc7~8D\x96E\x14\
\xd9\x9a\xc9d\xda\x81\x17;\xbfk\xe7\x0a\xfd\xb8B\xb2\
w\x8e\xa9T\x0ao\x9f\xae\x07\x9d\x9a#a7\xf6\xed\
\xedmJ\xa5\x12\x86a\x90N\xa7\x91$\xa9\xedn\x8c\
\xe6\xe8\x87\xfb\xcc\xc7\x9d\xe3^<\xcf\xa3\xd1h\xd0j\
\xb5\xda\xb9\x8a\xc9d\xb2\xe3\xfby\xf5z\x9dF\xa3\xd1\
\x16\xc5(?1\xb2\xba\xfc\xb0RL\xb4P tc\
\x1b\x87X\xb0\x1dDt\x0e\xa3t\x0f\xdb\xb6)\x86U\
|\x8eCt}\xa2\x88\xe4t:M2\x99l\x8b\xe5\
\xde\xeb&\x84\xe8\xf8u;,\x92x\x00\xf6\xab]*\
\xd1ZZ\x0a\x1e\xf8\xd7\xaf\xe1lm\x05\x91|\x9e\x17\
\xb8 \x9bMh5\xc1v\x10\xaa\x8a\xafi\xa8\x85B\
\xd0r)\x5c\x05\xf9\xa6\x89h4\xc8<\xf7\x1c\xc5\xaf\
\xfe4\xfa\xe0``\xa1\x85'\xc9\xde\xdc\xa4~\xedC\
\x1a\xd7\xae\xd1\xbaz\x1d\xbfR\xa3\xf7W\x7f\x99\xe2_\
\xfa\xd9\xbd\x87C\xe5\xcd7\xd8\xfa\xde\xf7\xdaQ\x9c\xbe\
e!l;\xf8\xefj\x15a;\xa0\xa9H\xb2\x1c\xba\
Q%H\x18H\x89\x04J2\x19\x14\xc0\x0e\x03\x19\x13\
\x8f=\x86\xf1\xd4\xa7I\x9e<Ir|\x1c%\x95\x82\
\x1d.Zgm\x15\xf3\xca\x15\x9a\xd7\xaf\xd3\xb8s\x87\
\xd6\xcc,\xee\xdc\x22\xde\xe2jp\x81e\x09)\x93\x85\
l&x\x9f\xef\x07E\xbd5\x09}`\x90\xe4\xc9\xd3\
$\xce\x9e%\xf9\xe4\xe3$NL`\x0c\x0c\xa0\xde\xcf\
\x0d\x19\x16G\xb0K%Z\xf3\xf3X\x0b\x8b\xd8\x0b\xcb\
8++8\x9b\xeb8\x1b%\xdc\xf5M\xbcJ\x15I\
\xd5\x91u\x03\xb5\xd8\x85\xda\xd5\x15T\xff\xd1\xa2\xc5\x07\
\xc1\x1e\x9b\xe7\x81\xeb\x04\xee`\xdf\xc1\x95|\x04\x02\xc5\
\x97P\xf4\x04zO\x0fZO7jO\x17Zo7\
\xfa\x89\x13\x18\x13'P\xd2\xe9`\xcfw\xcfMmo\
n\xd2\x9c\x9f\xc7\x9c\x9d\xc1\x9c\x9a\xc2)\x95\x02\xcf\x82\
e#6\xca\x81\x95\xa7\xca\xa0\x04\x01.\x02\x81\xda\xd5\
\x85V(\xa0\xf5\xf6\xa2\xf5\xf5#<7p\xb1\xd7\xea\
x\xb5\x8f\x5c\xee\xa2\xd5Bv\x1c\xb0\x83\xc5\x80\x10\x12\
\xea`?J\x7f\x0f\xb2\xa2 +\x0ajO\x0fjO\
/ny\x0bgm\x1d\xbf\xd5\x0cZ\x8e\xd5\x1a\x88\xed\
j\x10M+\x13\x1c\x83\xae#%\x93\xc8\xb9<J.\
\x8b\x92J\xa3\x15\xf2\x14^x\x81\xfc\xf3/\xec\x9a\xd7\
~lnnr\xe7\xce\x1dj\xb5\x1a\xd9l\xf6\xae\x96\
Dwww\xdb\xaa;j\xd2r\xf40\x99\x9d\x9de\
vv\x16\xc30\xc8f\xb3\x1f\x0b\x7f\x8f\xac\xab\x9d\x89\
\xe6G%\x9ac\xbd^\xa7P(\x90N\xa7\xf7\xbe\xa4\
-\x8c\x9d\x98c\xf4\xe0\x8c\xa2[\x0f\xb24\x14EA\
\xd7uR\xa9T\xbblX\xa7\xb0,\x8b\x8d\x8d\x0d*\
\x95J;\x99>\x9b\xcd\x92;\xc4B\xe9~(\x95J\
lll\xb4\x93\xf63\x99\x0c\xb9\x5c\xaem\x09Z\x96\
\xd5\xb6&\xa3\x5c\xc5\xc1\xc1A\xba\xbb\xbb\xf7|\xd2\xe1\
\xf1w\xd4>]]]\xa5^\xaf3::\xda\xde\xbf\
<\x0a\x91\xe8Y\x96\xc5\xe6\xe6&\xe5r\xb9}\xdd\xf6\
\x12Y\xde\x99L\x86|>\x7f,\x81?*\x0fD\x14\
\x9bss\xd4o\xde\xa4q\xedC\xcc\xab\x1f\xe2\xd6j\
\xc8\x99\x0cr:\x8d\x9cL\x22\x1bz\xdb]\xe9YV\
\xb0\xcfc\x9a\xf8\xa6\x89\xec\xfb\xc8\xbe\x8f\xbf\xb5\x85\xb7\
\xb9I\xe1\xcb_\xa1\xf7\x9b\xdf$q\xeaTXN,\
8\x91^\xa3\x81\xb5\xbaBkq\x11sr\x12\xafR\
\xa5\xf0\xf9\xcf\x93\x7f\xfe\xf9\xbd\x87C\xe9\xdf\xfck\xd6\
~\xff_\xe0\x94J\x00\xc8\xc9\x14j>\x07F\x02_\
\xfe\xa8\xb3|;\xca\xd1\xf7\x834\x83F\x03\xd14\x11\
\xa6\x09\xb5\x1a\xd4j$\x9e}\x96\xe4\xcb\xaf\x90}\xf6\
9r\xe7\xce\xa1\xed\x11,\xe1\xfb\x08\xdb\xc6^[c\
\xeb\xcd7\xa9\xbe\xf5\x16\xf6{\x1f\xe2^\xbd\xb9\xebu\
\x04;\x98\x08@\xee/\xa2\x8c\x0e\x90:\xff\x0c\xf9\xcf\
}\x8e\xf4\xe3\x8fc\x0c\x0e\xa2f\x8f\xff#sM\x13\
\xab\x5c\xc6Z^\xa655I\xeb\xce\x1d\xac\xb99\xec\
\xb9y\xfc\x855\xc4r\xa9}\x1cwC\x02\xe4B\x16\
it\x00ml\x08c|\x9c\xc4\xc4\x04\xc9\x89\x13$\
\xc6\xc6\xd0{{\xd1\x0e\xf1cl--\xd1\xb8y\x93\
\xc6\xad[\x98\xb7o\xe1V*(\xf9<r&\x13X\
\xe0Qi'\xdf\x0f\xf6\xf0L\x13\xea\xf5`$S\x90\
\x09\x1e\xba\xc2u\x11v\x18\xc9\xac\xc8\xc8\xa9T\xb0\x80\
I$\x90d\xb9}_\x09'x\x8d\x14\x0e\xb9\xab\x0b\
\xa9P\x08j\xd3no\x07\xc5\xdb\x13\xe1\xc2'\x93F\
\x0a\x93\xa5}\xdb\xc6o\xb6\x10\xadVP|\xc1sA\
UQ\xd2iz\xbf\xf1\xb3\xf4~\xfd\xeb\xbb'\xb6\x0f\
\xd5j\x95\x95\x95\x15\xca\xe52\xa6ib\xdf\xa5\x88C\
T\xe6*\xca\xe1\xda\xfb\x90\xbf\x1f\x16\x16\x16\x98\x9f\x9f\
o\xef\xb9\xed\xfd\x89\xa7R\xa9v\xcd\xc9|>\xbf\xaf\
\x90\x1d\x96h\x8eQ\x01go\x9f\xfdV\xc7qp\x1c\
\xa7\xa3s\xb4,\x0b\xcb\xb2(\x95J\xed\x9a\x9f;\xe7\
\xaai\x1a\xa9T\x8aB\xa1\xc0\xc0\xc0\xc0\xb1\xdd\x7f;\
q\x1c\xa7\x9d\x7f\x19=\xc4\xd3\xe9\xf4\xb1\xce\xe3~D\
\x16\x7fd)F\x8b\x98\xbd\xee\xd1Z\xad\xc6\xc2\xc2\x02\
\xa6i2::J\x7f\x7f\xff\xae\xbf\xbf\x1f\xc4\x0e\xf7\
\xe9\xe6\xe6&\xa6i\xd2\xd7\xd7GOO\xcf\xde\x97\xde\
7~X\x84\xa0\xd9l\xb2\xbe\xbe\xce\xfa\xfaz\xfb\xde\
\x88\x88j\xc9Fe\xed:}N\x0f\xc3\x03\x11E\xa7\
R\xc1\xd9\xd8\x08\x02h\xd6\xd7\x83\x8e\xf4F`\x85H\
\xaa\x8a\xa4*m\xb7\x9a\xf0\x82\xa0\x0e\xe18\x08\xc7A\
\x12\x02I\x08D\xb3\x850M\x12\xa7N\x92z\xfa\x19\
\xd4\xae\xae]%\xdb|\xc7\xc1\xab\xd7\x82\xfd\xae\xad-\
|\xabErl\x1ccxx\xcf\xd1\x80y\xfd:\xf5\
\x0f.\xb7[)\xc9\x9a\x86d\x04\xf9oB\x92\x10Q\
\x9b\xa8\xc8\xd5'\x82}5\xc2c\x12\x8e\x03\x96\x05\xb6\
\x8d68\x88::\x8614\x8810\x88\xbc\xd7e\
\x12\x06\x92x\x8d\x06\xcd\x85y\xac\xc5%\xbc\x95u\xfc\
\xb5\x8d\xdd\xaf\x0b\x11\x80\x94I\x22\xe52\xe8\x83\x03\x18\
cch==\xa8\x99\xcc\xa1\xf6\xad\xee\xc5G\x01F\
\xb5 h\xa5\x5c\xc6\xdb\xae\xe0U*\x88J=\xd8o\
\xdc\xfb\xa6}\x90 \xb0\x9e\xf3i\xe4|\x0e5\x9fG\
-\x14\x82\x91\xcf\xa3\xa4\xd3(w\xb1\x84\x22\xdcZ\x0d\
{c\x03gc\x03'\xac\xcb*\x1bF;\x98(\xaa\
\xa1*\x84\xf8\xe8\xdc\xdbv04\x0d\xf4\x8fDSx\
A\x1b2$)\x14T5\xb8\xbf$)\xc8Y\xf4\xdc\
\xc0\xd2\xf5<\xa4\xe8\xdf\x89$R\x22\x81\xb0mD\xab\
\x19\x5cs5lq\xa5\x07ulEx\x0d\x85\xeb\x06\
\x95\x92\xc2@,I\x0ezF\xa6\xce\x9c!}\xe6\xcc\
\xee\x89\xed\x83eY\xbb\x8a \xef'\x18\x11\xf9|\x9e\
B\xe8)\xd9o\x05}?T*\x95]m\x9a\xf6\xfe\
\xc45M#\x99L\xb6]~\xda1jLFs\x8c\
\xdcx\xfe>\x81\x1e~\x18\x86\xdf\xc99F\x16\xa3i\
\x9a\xed\xe2\x00;\xe7\x1a\xed\xadEV\x5c']\x9b\x91\
\xd5\x13\xd5\xf1\x8c\xac\xd2\xe3\x9c\xc7\xfdh\x85U\x81\xe4\
0\xc5%\x12\xe0\xbd\xe7\xce\xb6\xed\xf6\xa2\xe4\xb8\x8b\x1c\
\xb1\xa3\xa8\xbci\x9a8\x8e\xd3.\xc5v\x5c\x22\x8b1\
\xca\xbbl4\x1a\xed{#\x22r\x0d\xa7R)\xb2\xd9\
l\xc7\xcf\xe9ax \xa2\x18\x13\x13\x13\x13\x13\xf3\xe3\
\xc8\xf1\x96k111111?A\xc4\xa2\x18\x13\
\x13\x13\x13\x13\x13\x12\x8bbLLLLLLH,\
\x8a111111!\xb1(\xc6\xc4\xc4\xc4\xc4\xc4\
\x84\xc4\xa2\x18\x13\x13\x13\x13\x13\x13\x12\x8bbLLL\
LLLH,\x8a111111!\xb1(\xc6\
\xc4\xc4\xc4\xc4\xc4\x84\xc4\xa2\x18\x13\x13\x13\x13\x13\x13\x12\
\x8bbLLLLLLH,\x8a11111\
1!\xb1(\xc6\xc4\xc4\xc4\xc4\xc4\x84\xc4\xa2\x18\x13\x13\
\x13\x13\x13\x13\x12\x8bbLLLLLLH,\x8a\
111111!\xb1(\xc6\xc4\xc4\xc4\xc4\xc4\x84\
\xc4\xa2\x18\x13\x13\x13\x13\x13\x13\x12\x8bbLLLL\
LLH,\x8a111111!\xb1(\xc6\xc4\
\xc4\xc4\xc4\xc4\x84\xc4\xa2\x18\x13\x13\x13\x13\x13\x13\x12\x8b\
bLLLLLLH,\x8a111111\
!\xb1(\xc6\xc4\xc4\xc4\xc4\xc4\x84\xc4\xa2\x18\x13\x13\x13\
\x13\x13\x13\x12\x8bbLLLLLLH,\x8a1\
11111!\xb1(\xc6\xc4\xc4\xc4\xc4\xc4\x84\xc4\
\xa2\x18\x13\x13\x13\x13\x13\x13\x12\x8bbLLLLL\
LH,\x8a111111!\xb1(\xc6\xc4\xc4\
\xc4\xc4\xc4\x84\xc4\xa2\x18\x13\x13\x13\x13\x13\x13\x12\x8bb\
LLLLLLH,\x8a111111!\
\xb1(\xc6\xc4\xc4\xc4\xc4\xc4\x84\xc4\xa2\x18\x13\x13\x13\x13\
\x13\x13\x12\x8bbLLLLLLH,\x8a11\
1111!\xb1(\xc6\xc4\xc4\xc4\xc4\xc4\x84\xc4\xa2\
\x18\x13\x13\x13\x13\x13\x13\x12\x8bbLLLLLL\
H,\x8a111111!\xb1(\xc6\xc4\xc4\xc4\
\xc4\xc4\x84\xc4\xa2\x18\x13\x13\x13\x13\x13\x13\x12\x8bbL\
LLLLLH,\x8a111111!\xff\
?\x09\x86\xe9\xf33\xb3\xa2\xcf\x00\x00\x00\x00IEN\
D\xaeB`\x82\
\x00\x00\x95\x8a\
\x89\
PNG\x0d\x0a\x1a\x0a\x00\x00\x00\x0dIHDR\x00\
\x00\x00\xad\x00\x00\x01=\x08\x06\x00\x00\x00y\xbe\xe2\xb4\
\x00\x00\x00\x01sRGB\x00\xae\xce\x1c\xe9\x00\x00\x00\
\x04gAMA\x00\x00\xb1\x8f\x0b\xfca\x05\x00\x00\x00\
\x09pHYs\x00\x00\x12t\x00\x00\x12t\x01\xdef\
\x1fx\x00\x00\x95\x1fIDATx^\xec\xfdy\x94\
$\xd7}\xdf\x89~b\xc9}\xcf\xac}_\xba\xab\xaa\
\xf7n\xa0\xbb\x01\x02h\x00\x04\x09\x12\x1b\x09\x02$A\
\xca\xa2\xac\x85\xf6\xbc\xe7\xb1\xad3\xb2\x8f$\x8f\xe5\x99\
7>\x1ek<~c\x9f\xa3c\xeb\x8d\xed\x91(\xd1\
\x94l\x89\x1b\x08R\x00\x08\x02\xa0\x08\x10\x00\xd1\xfb^\
k\xd7\xbeWeV\xee{F\xc4\xfb\xe3FfeU\
W7\xaa\x17\x02U\x8d\xfe\xf6\xb9]U\x91\x91\xb1\xdc\
\xfb\x8d_\xfc\xee\xef\xfe\x16\x090\xb8\x8b\xbb\xd8F\x90\
\xd7o\xb8\x8b\xbb\xd8\xea\xb8K\xda\xbb\xd8v\xb8K\xda\
\xbb\xd8v\xb8K\xda\xbb\xd8v\xb8K\xda\xbb\xd8v\xb8\
K\xda\xbb\xd8v\xb8K\xda\xbb\xd8v\xb8K\xda\xbb\xd8\
v\xb8K\xda\xbb\xd8v\xb8K\xda\xbb\xd8v\xb8K\xda\
\xbb\xd8v\xb8K\xda\xbb\xd8v\xb8K\xda\xbb\xd8v\xb8\
K\xda\xbb\xd8v\xb8K\xda\xbb\xd8v\xb8KZ@Z\
\xbf\xe1.\xb64>\xf6\xa4-\x13\xf6.q\xb7\x0f>\
\xd6\xa4]O\xd4\xf5\x7f\xdf\xc5\xd6\x84t\xa7\x86\xdb\xdc\
\x0e\x02n\xe9\x8e\xf9\xa0\x1b\xdc\xd2\x17\x7fk\xf8XK\
\xda\x0f\xc2\x07\xf1\xe2#\xc3f.l3\xfblS\xdc\
\xb1\xa4\xbd\x1d\x82\xe6v\x1c\xe3.n?\xee\x0c\xf5`\
\xbdT\xd9\xe4\x1d\xad\xffZ56y\x88\x8f\x06\xd7\xbb\
\xf0jl\xe9\x9b\xb8y\xdc\x19\xa4e\xfd@np[\
Fy\xfb\x9a\x0d\x80T\xb5\xd5\xc0\xd8\xf8\xdb[\x0fW\
\x11w\xdd\x06\xa3|'\xd7\x82\xb8CI\x920\x8c-\
\x7f\xb7k\xb0-\xc6\xe7\x9a\xa8\xbezY\x02IB\x92\
@\x96\x154\xad\xb4\xc1\x9dIb\x9ba\xac%\xad,\
#Ib\xbbn\xe8\xa8\x8a\x8aa\x18\xe8\xba\x8ea\x18\
\xc8\xb2\x8c,\xcbh\x9av\xd5\x00K\x92T\x19xI\
\x12$Y\xbf\xcffqC\xdf\x93W\xcf\x8bn \x99\
\xd7L\xb9U\x1e?\x90%q\xfd\xbaa I\x98\xf7\
\xa5#I\x12\xaa\xaaR*\x95\x90e\x19\xc30*\xf7\
\xabi\xda\xfa3n\x19l\x7f\xd2\x22\xee@RdZ\
Z[9p\xf0 \xbb\xf7\xec\xa6\xbf\xbf\x1f]\xd3\xd0\
4\x8d\x92\xa6\xa1\xc8\x0a\xe8P(\x14q\xbb\xddhZ\
\x89K\x97.\x11\x89D\xb0\xd9l\xd4\xd7\xd7a\xb1\xa8\
LNLb\xb3Z)i\x1a\x12T\x06\x13\x93T\x86\
a\xa0i\x1a\xc5b\x11UU+\xa4\xbd\x1d\xd0u\x1d\
EQ\x00(\x95Jh\x9a\x86\xcdf\xab\x9c\x17s\xb0\
dE\x90\xd00\x0cJ\xa5\x12\xban\xd0\xdc\xdc\x82\xa2\
(DW\xa2\xc4\xe21\xdc.7\x9f\xb8\xff\x13\xc8\xb2\
D\xb1PD7t\x14YA\xb5\xa8\xe6\xf1\x8b\xd8l\
6\x1a\x1a\xeaI\xa7\xd3\xbc\xfd\xf3\x9f33=Mi\
\xc3\x87}ka\xdb\x93VV\x14\x9a[Zhlj\
\xa4\xa7\xa7\x97\xde]}\xf8}>\xfe\xfa\xaf\xff\x1a\xad\
T\xaa\xdc\x9c\xddfG\x96\x15\x8a\xf9\x22\x87\x8f\x1cf\
Gw7'O\x9d\xa2\xff\xf2e<\x1e\x0f{\xf6\xec\
\xc6\xe1p\xf0\xce;?\xc7\xa2Z\xd04\x0dI\x02\xab\
\xd5\x8a\xcdfG+\x95H\xa7\xd3\x14\x8bE\x1c\x0e\x07\
\xa1P\x88l6K*\x95\xa2X,V$\xad,\x8b\
\xb9\xed\x8d\x12\xb9L\xcc\xf2\xf7l6\x1b\xc1`\x90h\
4J>\x9f\x07\xa8\x10Z\x92e\x90$t]\xa7T\
*\x02\x12\x87\x0f\x1fAQTF\xaf\x5cafv\x86\
\xe6\xa6f~\xe5\xab_\xe5\xcc\xe93\x0c\x0e\x0f\x91J\
\xa5\x90\x00\xdd\x94\xc4\xb9|\x0e\xb7\xcb\xc9\xa1C\x87\xd8\
\xbd{7o\xbc\xf9\x06S\x93SDVV\xe8\xbf|\
y\xcd\xb5m5(\xc0\xff\xb6~\xe3v\x81$IX\
\xadV\xee\xbd\xf7^:\xbb\xba\xa8ol\xc0\xe5v\x91\
J\xa7\xf8\xdew\xbf\xc7\xd4\xd4\x14\x0b\x8b\x8b,-/\
\xb3\xb2\x12!\x1c\x89\xb0\xbc\xb4\xcc\xbe\xfd\xfb9r\xf4\
(\xa9d\x92\xc5\x85\x05B\xc1\x10\x87\xee\xb9\x87\xa6\xa6\
&\x06\x07\x07Q\x14\x05EUP-\x16l6\x1bn\
\xb7\x1bUU*\xaf\xcc\x86\x86\x06\xee\xbb\xef>4M\
\xa3P(\x80I(\x8b\xb9\xbf\xc5b\xb9\xa9\xa6\xaaj\
\xe58\xcd\xcd\xcd\xdc\x7f\xff\xfdD\xa3QJ\xa5\x12\xaa\
\xaab\xb7\xdb\xb1X\xad\xa8\x16\x15\xab\xd5Z\xf9\x8e\xd3\
\xe9\xe4\x81\x07\x1e\xa0\xae\xae\x8eT*E*\x99\xa2\xb9\
\xb9\x99\xe7\x9f\x7f\x9e\xd3\xa7Oq\xea\xd4)\xc6'\xc6\
YXX`ff\x86\xb9\xb9Y\xa6\xa7\xa7\x88\xc7\xe2\
\x04\x02\x01\x0e\x1d:\xc4\xd2\xd2\x12\x81`\x90@ \xc0\
\xe5\xcb\x97\xb6\xb4(\xdb\xd6\x92V\x92$\xec\x0e\x07\xcf\
>\xf7\x05\xe6\x16\xe6\xc9\xe5\xf3t\xed\xdc\xc1=\x07\x0f\
\xf1o\xfe\xf0\x0fYY\x0e\x83n\x98j\x84\x04\x92\x90\
\x82\x7f\xef\x7f\xf8\x1fx\xf4\xd1G\xf9\xe67\xff\x9c\xb7\
\xdfz\x9b\xc6\xc6F>\xff\xb9\xcf\xe1t9\xf87\xff\
\xfa\x0fA\x92\x90\x15\xf1*U\x14\x05\xd9\x94\xa0zI\
\xe8\xb4]]]<\xfe\x99\xcf\xf0\xc6\xeb\xaf3>>\
N:\x9d\xbe\xbe>\xba\x19\xa1[\xf5uI\x96\xe8\xeb\
\xeb\xe3\xb9/<\xc7K?\xfc!\xb33\xb3\x14\x8bE\
\x90\x84\xda tS\xa1\xcf\x96U\x88\xaf}\xed\xd7\xf0\
z\xbd\xbc\xf7\xde/x\xff\xfd\xf7inn\xe6\x9b\xdf\
\xfc&\x7f\xf9\x97\x7f\xc9\xab\xaf\xbe\xc2\xfc\xdc|\xe5$\
e\x1d\xbe\xb1\xa9\x89\xc7>\xf9I\xf6\xee\xdd\xcb7\xbf\
\xf9M\x9a\x9b\x9biii\xe1\xcf\xbe\xf1\xa7[\x9a\x15\
\xdb\xceN[\xfd\xda-\xbfRK%\x0d]\x87bI\
\xc3j\xb1\xd2\xd3\xd3\xcb\xa1\x83\xf7\xe0\xf5\xfa\xcc\x1d\xcd\
\x09\x18`w9\xf1\xfa\xbcH\x8a\xcc\xc2\xe2\x22%M\
\xa3\xa6\xa6\x06\x87\xd3I.'^\xc3\xbe@\x90\xb6\xf6\
vv\xed\xda\xcd\x03\x0f<\xc0\xf3_\xfc\x22\xbf\xf6k\
\xbf\xc6W\xbe\xfaU\x9e\xfb\xe2\xf3<\xfe\x99\xcf\xb0w\
\xef\x1e\xea\xeb\xebQU\x15Y\x96\xb1Z\xad\x82\xe0\xe6\
\xa4mmS\x90\x95\x0fh\xaa\x82\xa4\xc8(\x16\x15\xab\
\xd5\x86\xdb\xe3\xa1\xa5\xad\x95'\x9f|\x8a/~\xe9K\
|\xf9\x85\x17x\xe1\x85\xaf\xf0\xa5/}\x99O}\xea\
\xd3\x1c<x\x88\x8e\xf6\x0e\x02\xfe\x00 \xb1\xb0\xb0\x80\
\xd7\xeb\xc5\xef\xf7c\xe8\x1a\xe9L\x9aX\x22\x86?\xe0\
\xc7\xe7\xf7\xaf>\xb8\x08\xb2;\xddn\xbaw\xee\xe4\xfe\
\x07\x1fD\xb5Z\xd1\x0d\x83b\xa9H\xb1X4\xd5\x8f\
M>l\x1f\x01\xb6\x1di7\x82\xae\x89Y>@6\
\x97cvv\x96x<\xc1\xee\xdd{\xd8\xb5k\x0f\x1e\
\xb7G\x8c\x80a\x10\xaa\xa9\xc1\xe7\xf3\xa1k\x1a\x99L\
\x86\x9a\x9a\x1a\x0e\x1c<H{G;\x8dMM|\xfa\
\x89'\xf9\xf4\xe3\x9f\xe6\xd8\xc3\x0fs\xe4\xe8Qv\xed\
\xdeECC\x03\xfe@\x80`(D0\x18\xc2\xe5v\
!I2\x0e\xa7\x13EQ0LK\xc3F3n\xc3\
|\xb8t]\xafX#\xaen\xe6\x03\xa8\x89c\x08\xc3\
\x1bh\x9a\x8e\xd5f\xc3\xe3\xf5\x11\x08\x06\xa9\xad\xad\xa3\
\xa5\xb5\x95]\xbbvq\xf8\xf0a\x8e=\xfc\x08\x8f?\
\xfe\x19>\xf3\x99\xcf\xb2\xabo\x17{v\xefa\xd7\xee\
]\xb4\xb4\xb5as\xd8Y\x8eD\xa8\xad\xaf\xa3\xa6\xb6\
\x16I\x92\x84\xeaa\xb5\xb2sg\x0f;v\xecDR\
\x15\x86FF\xc8\xe4s\xe8\x95k\xd5\xd7\xdf\xc2\x96\xc3\
\xb6&mE\xeaJ\xe2\xf7R\xb1\x84\xaa\xa8tuu\
\xe1\xf3\xfb\xc8\x17\x0a8\x9cNv\xec\xd8\xc9\xce\x9e\x1e\
\xfc\xc1 \xdd]]\x04\x02\x01\x14U\xa5\xbb\xbb\x9bO\
<\xf0\x09\x8e\x1e9\x82\xd7\xeb\xa3T\xd2\xe8\xed\xed\xa5\
\xb9\xb9\x05\x8f\xc7\x8ba\xe8\xa4\xd3\x19\xd2\xe94\xe3\xe3\
\xe3\x9c9s\x9a\x13'\x8es\xe9\xf2e\x16\x16\x17\x88\
\xc7\xe3\x94J\xa5\x0a)7\x84a\x08\x12\x9a\x13 C\
_\xd7\x0c\x03\xc3X}\xe80@\xd342\xd9,\x91\
H\x98\xcb\x97/s\xf2\xe4\x09N\x9e8\xc9\xf9\x0b\x17\
\x18\x1d\x1dc%\xb2\x82V\xd2p9\x9d446\xd2\
\xdd\xdd\x85\xc5j\xc5f\xb7\xb3k\xd7.\x1e\xfb\xd4c\
\x1c<p\x10\x0c\xa8\xab\xab\xa3\xa1\xa1\x9ePM\x0d\x9d\
\xdd]\xf4\xf5\xf5\xe1\xf6\xb8)i%\x1cv\x07\xbbw\
\xefZ}x\xcc\x89\xda\x16\xd6\x0c`\xbb\x93\xb6\x0cI\
\x92\x90%\x89RI\x98\xa1v\xec\xd8\xc9\xae]\xbbP\
-\x16\x8aZ\x09\x9b\xd3AMm-\xf5\xf5\xf5\xdcs\
\xe8\x1ejjj(\x16\x0atttr\xe4\xf0\x11B\
55,.,000@$\x12frb\x82\xa1\
\xa1A.\x9c\xbf\xc0\xf9\xf3\xe7\x19\x1a\x1abll\x8c\
\xf1\xf1\x09\xe6\xe7\xe7I&\x12\xe8\x9aN*\x99\xfc`\
\xd2J\x92X\xbe\x90\xca\xad\xfc\xda5\x89\xacW5\xc4\
gZ\xa9D\xa9XD\x96d\x0a\xf9<\xe1\xe50S\
\xd3S\x8c\x0c\x0fs\xee\xecY\xce\x9c9\xc3\xf9\xf3\xe7\
\xb9\xdc\x7f\x99\xb1\xb1Q\x16\xe6\x17\xb8re\x84\xa1\xa1\
A\x1cv;\xf7\xde{\x98\xae\xee.\xf2\xf9\x1c55\
5tuu\xd3\xda\xdaJ \x18\xc4\xe3\xf3\x90\xcb\xe7\
\x90\x15\x85\x8e\xce\x0e\x0e\x1d:d^\x8a8\x7f\xd9\xba\
\xb0\x95\xb1\xed\xac\x07\xd5:\xad$I(\xaa\xca\xce\x9e\
\x1e\xd2\xd9,\xe9l\x06\xbf\xdf\xcf\xee]\xbb)\x15\x8b\
\xd4\xd7\xd7\xb30?\xcf\x99S\xa7I$\x12\xd47\xd4\
\xf3\xdcs\xcf\xe1\xf6x\xb8p\xf1\x22\x13\x13\x13tv\
t07;\xc7\xbb\xef\xbe\xcb\xfb\xef\xbf\xcf\xc8\xc8\x08\
\x97\xfb\xfb\x99\x18\x9f`qi\x91X,F*\x95\xa2\
\xae\xae\x8e\xae\xaeN\x0e\x1e<\xc8\x03\x0f<\xc8\xbe}\
{9y\xea\x14\x0b\xf3\x0b\x15\x0b\x82yQ\x82\x97\xb2\
\x8cEU\xb1\xd9\xed\xd8\xec6l\xb6\xd5f\xb1Z\x01\
\xd0\x0d}\xed\x84\xa7|k\x06\xb4w\xb4\xf3\xe5\x17^\
\xa0\xa7\xb7\x87\x80?@\xc0\x1f\xc0j\xb5\x12\x89DX\
^^fn~\x9e\x89\x89qFGG\x99\x99\x9ea\
aa\x91H$R\xd1\xad\x07\x06\x06H\xa5\xd3\xec\xdd\
\xbb\x17\x9b\xdd\xce\xcc\xf4\x0c\xe7/\x9cgrb\x12\x9f\
\xcf\xc7\x03\x0f>\xc8\xfd\xf7\xdfO>_`zz\x9a\
\x8b\x97.\xe1\xf5z\xf1\xb8\xdd\x5c\xbeT6y\x95\x9f\
\xb0\xad\xa5\xdc\xde\x11\xa4\xed\xdd\xb5\x8bl.G\x22\x91\
\xc0\xe7\xf5r\xef\xe1\xc3L\xcfL\x13\x0a\x86H\xa5R\
LOM\x92H\xa6\xf0x\xbd\xf4\xf6\xf6\xf1\xce\xbb\xef\
\xf2g\x7f\xf6g\xccLOS[[\xcb\xbb\xef\xbd\xc7\
\xd9\xb3gY^Z\x22\x9dI\x03\x12\xed\x1d\x1d\x1c;\
v\x8c'\x9e\xf8\x0cG\x0e\x1f\xc6\xe9t277\x87\
\xcdf\xe3\xd0\xa1C\x1c>|\x987\xdex\x83\x99\x99\
\x19r\xb9\xdc\xea5\xc9\xe2\xfa\xdcn\x17]]]<\
\xf0\xc0\x03\x1c<t\x90\xbd{\xf7\xb2k\xd7.z{\
{\xe9\xee\xea\xc6\xedv\x93J\xa5\xc8\xe5\xb2B\xbdQ\
\x94Ui\x0bt\xef\xd8\xc1\x97\xbf\xfcejjjx\
\xf3\x8d7Y\x5cZ\xa2\xab\xbb\x9b\x07\x1e\xf8\x84i\xde\
\xaa\xa7T,\xb1\x12\x8d\x92H$\xc8\xe7\xf2\xcc\xcd\xcd\
S,\x95\xc8d\xb2\x9c9{\x8e\xe3\xc7\x8f\x0b\xdb\xae\
\x01\x91H\x84K\x17/\xd1\xda\xda\xca\xfd\x9f\xf8\x04\xbd\
}\xbd8].r\xf9\x1c\x0b\xf3\x0b\x5c\xbcp\x81`\
 @ \x10\xe4\xc2\x85\x0b\xa6\x82[\xb9\x9c-E\xdc\
;\x82\xb4;z{py<Xm6jjk\xe9\
\xe8\xe8\xe0\xfd\xf7\xdf'\x9b\xcb2z\xe5\x0as\xd3\xb3\
ttt\xf0\xdcs\xcf\xd3\xd8\xd4\xc4\xc5\x8b\x17\xb9p\
\xfe<\xb2\xa2R*\x16\x99\x98\x98@+\x95hji\
f\xcf\xde\xbd\x1c9r\x84\x8e\xf6vr\xf9,\xfd\x03\
\x03\x9c9s\x9a\x91\xe1a\xa6\xa6\xa6\xb0\xdb\x1d\xb4\xb5\
\xb5\xe2\xf3\xf9x\xf5\xd5W\x99\x9b\x9b#_,\x22)\
\xab\x8b\x0a\x81P\x90\xfd\xfb\xf7\xd3\xd1\xd9\xc9\xe4\xf4\x14\
c\xa3\xa3\x8c\x8e\x8e211\xc1\xdc\xdc\x1c\x89d\x82\
\xd6\xd6VB\xa1\x10%M#\x91L\x22\xcb\x8a\x98\x04\
IBZ\xd7\xd4\xd6\xb2w\xef\x1e\x8a\x85\x12?\xfe\xf1\
\x8f\xb9t\xf9\x12\xd3\xd33\x0c\x0f\x0d3>>\x8e\x01\
\xb4\xb4\xb6\xd0\xdb\xdbK}C\x03\x16\x8b\x95\x5c.O\
*\x95\x22\x12\x89\x10\x8b\xc7I\xc4c\xb8=^\xfav\
\xf5\xd1\xde\xda\xc6\xd4\xf44\xc5b\x89b\xb1\x88\xa6i\
hZ\x89L:\x8d\xcdfcyi\x89\xfa\x86F\x9c\
\x0e'\xe7N\x9dZ'e\xcb}\xbe5\x88\xbb\xfdu\
Zs\x12V[[KSS\x13\xc1`\x10\x87\xc3\x81\
\xa2\x88\xc5\x01\x87\xc3\x89\xcf\xe7\xa3\xae\xb6\x8e\x86\x86\x06\
,\xaa\x8a\xd5f\xa5\xb6\xae\x8e\xf6\xf6v<^/=\
\xbd\xbd\x1c<t\x88\x1d\xdd\xddb\x00\x97\x97\x19\x1d\x1b\
elL\xd8`[Z[ijnF\xd3u\x12\xc9\
\x04\x8bKK\x0c\x8f\x8cP(\x16\x84:`6E\x15\
\xeb\xff;w\xee\xa4\xae\xbe\x9e\x95h\x94\x91\x91\x11F\
\xc7\xc6\x18\xabn\xa3\xa3\x8c\x8c\x8cP__O[[\
\x9b\xb9T\xab\x9b\xcb\xc22\x8a\x22t\xd9\xf1\xb1q\xc6\
''\x88\xacD\xd04\x8d@0@\xd7\x8en\x0a\x85\
\x02S\x93\x93\x8c\x8e\x8e\xb1\xb4\xb8\x04@G{\x07G\
\x0e\x1f\xa6\xaf\xaf\x8f\xba\xba:\x9a\x9a\x9a\x08\xd5\xd4\x8a\
\x05\x0bY\xc1\xe9r\xe1\xf5zE\x97I\xa0Z,X\
,V\x14U\xc5\xe5r\xd1\xd0\xd8HM(\x84\xd5j\
5;u]?o!l\x7fIk\xb1\xb0k\xd7n\
\xbc^\x1f\x89d\x02\x8b\xc5\xc2\xfd\xf7\xdfO.\x9f\xa3\
\xb6\xb6\x96b\xa1@>\x9b\xc3\xe7\xf5\xe1t\xb9\x08\x04\
\x83dsY\x0a\x85\x22\x0d\xf5\xf5\xb8\xddn<\x1e\x0f\
\x16U%\x95J13=\xcd\xd2\xe2\x22\xba\xae\x13\x0c\
\x05\xd9\xd9\xd3\xc3\x9e={(i%fgfp8\
\x9d\xb4\xb6\xb5\xe2r\xb9YXX\xa4T*\xe1\xb0\xdb\
\xf1\xfa|\x04\x02\x01<^\x0f\x8f~\xf2Q\x8a\xa5\x12\
g\xce\x9cai~\xbeb\xea\xc2\x9c\xb0\xe5\x0b\x05\x96\
\x96\x96\xb9\xe7\x9eC\x84B5h\x9a\x86\xaa\xaa\xd4\xd6\
\xd4\xe0q{\x08\x04\x02\xb44\xb7\xd0\xda\xd6N\xa9T\
\xe2\xec\xb9s\x145\x8d\x9d;vp\xef\xbd\xf7\xe2\xf1\
\xb8\xd1u\x9dX,\xce\xe2\xe2\x22+++\xb8\x5c.\
\xbc>\x1f\x1e\xaf\x07\xb7\xdb\x8d\xdb\xed\xc6f\xb3\xb1{\
\xf7.B5!\xa2\xd1(SSS(\x8a\xcc\xce\x9e\
\x9d\xf4\xf6\xf6\xd1\xd6\xde\x86\xdf\xefgyi\x99\xa9\xa9\
)\xbc^/\x8a\xa2p\xf2\xe4\xc95}\xbe\xd5\xb0\xed\
I\xabZ,\xec\xda\xbd\x8bl.\xcb\xa5K\x97\xc8d\
2<\xf9\xe4\x93X,VdE&\x1e\x8b\x93\xcdd\
\xb1\xdal,.-\xd1\xd9\xd9\x89\xcb\xed\xa6P(\x90\
J&\x99\x98\x98`\xa0\xbf\x9f\x91\x91a\x16\x16\x17\x90\
e\x99#G\x8f\xf0\xd8c\x9f\xe2\xc8\xd1#\xb8=\x1e\
\xce\x9f?\xcf\xfb\xef\xfd\x82\x5c.GKK\x0b\xdd\xdd\
;hjjD\xd34\xbc^/\x8d\x8d\x0d\xb4\xb6\xb6\
\xd2\xda\xdaFwW7\x07\x0f\x1edyy\x99\x0b\x17\
/\x90\xcb\xe5\x90%Y\xa8\x87e\x1dQ\x126\xe3\xc3\
\x87\x0f\xd3\xd3\xb3S\xd8\x81}~:;:hin\
\xa6\xbd\xad\x8d\xf6\x8e\x0e\x1a\x9a\x1aq:]LMO\
\xb1\xb0\xb0\xc8rx\x99t:\xcd\x81\x03\x078z\xf4\
(;w\xee\xc0b\xb5\xb20\xbf\xc0\xc4\xc4$\x83\x83\
\x83LNM\x93\xc9fq\xbb\xdd\xf8\x03~\x0e\x1f\xbe\
\x17\x09\x89\xf1\xb11\xb2\x99\x0c>\xbf\x8f\xb6\xd66\x9a\
[\x9aijn\xa2\xa6\xa6\x86\xbf}\xf3\xa7\x9c:y\
\x0a\xaf\xc7\x83\xdb\xe5\xe2\xd4\xf1\xe3[F\x15\xd8\x08\xd2\
zu{\xabC\xaa\xf2\xff\x94$\x09\x9b\xc3\xc1\x17\x9e\
{\x0e\xd5j\xe5\xec\xb9s8].\xfe\xe0_\xfc\x01\
\xaf\xfe\xf8\xc7d2\x19\xfa/^b\xe0\xd2e$I\
\xa2\xa4i|\xe5\x85\xaf\xb0\x12]\xe1\x9dw\xde%\x9d\
N\x83aP__\xcf\xe1\xa3G\xb8\xff\xfe\xfbhn\
i!\x16\x8d\xf1\xfa\xeb?\xe1\xe2\xc5\x8b\xe4\xf29Z\
[Zy\xf4\x91G\xe8\xe8\xe8\xa0\xa6\xa6\x86\xb9\xb99\
\xbe\xf3\x9do300@.\x9f[c\x222t\x83\
'\x9fx\x82T*\xc5\xa9\xd3\xa7Y\x89D\xcc\x0f\x0c\
\xd1\xdd\xb20\xcf\xe9\x9a\xc6\x97\xbe\xfcet]\xe7\xec\
\xd9\xb3,.,\xa0\xca*\x86n\xba\x0cZ-\xd4\xd6\
\xd5\xf1\x0f\xfe\xe1?\xa2\xae\xbe\x9ed*\xc9\x95\xd1Q\
\xce\x9d;\xc7\xd9\xd3gPd\x99\x03\x07\x0e\xf0\xd0C\
\x0f\xd1\xd9\xd9\xc5\xfc\xfc\x02\xef\xbd\xf7\x1e\xa7\xcf\x9ca\
~a\x01\x8bEE\xd34\x9e}\xf6\xf3`\x18\x9c;\
{\x8e\xa9\xc9I\x00\x9a[Z\xe8\xed\xebe\xcf\xbe\xbd\
t\xb4w\xf0\xde{\xef\xf1\xfe/\xde\xe7\xc0\xfe\xfd\xd4\
\xd7\xd7\xf1\x9f\xfe\xf8\xffW\xb9\x1f*\xf4-\xdbo?\
z\xbal\x7fI\xabZ\xe8\xed\xed\xc3n\xb7\xb3\xb4\xbc\
\x8c\xcdn\xe3\xf1\xc7\x1f'\x9d\xc9\xe0r:)\x16\x0b\
\xe8\x9aFmm\x1d\xb5\xb5\xb5\xdcs\xef!l6\x1b\
\x8a,\xb1{\xcfn>\xf5\xa9Oq\xdf\xd1\xa3\xf8\x03\
~&''y\xfd\xf5\xd7y\xf7\xbdw\xc9\xe6rt\
wu\xb1\x7f\xff~\xea\xea\xea\xc9f\xb3\xd8lv\xec\
6\x1b3\xb3\xb3\xbc\xf4\x83\x1f\x90H&(\x15\x0a\x94\
\x8aE\xd1\x0aE\x8a\x85\x02\xdd;v\x90\xcf\x17\x98\x9b\
\x9b[cY\x80U\xfd\xd70\x0czz{\x85~:\
5Et%J\xb1\x90G/ih\xbap\xc4)\x14\
\x8b465Q[[K,\x1egv~\x0e\xa7\xc3\
\xc1\xee\xdd\xbb\xa9\xab\xadc%\x1a\xe5\xec\xb9s\x5c\xb8\
p\x81d2Ek[\x1b\xfb\xf6\xefc\xff\xfe}t\
tv`\xb1X\xd8\xb7o/A\x7f\x00\x09P\x14\x99\
P(DoO/\x1d\x9d\x1d4\xb74\xd3\xd8\xd8\xc8\
\xd8\xe8\x18\x8b\x0b\x8b455\xe1q\xbb8u\xea\xf4\
\xaa`\xa8\xba\xfa\xad\x82;\x80\xb4*==\xbd\x84B\
5\x14KEB\xa1\x10\x8f=\xf6\x18\xb2,a\xb7\xdb\
Qd\x05\xb7\xdbMkk\x0bMMM\xec\xdd\xbb\x0f\
\xbf\xcf'&j\xaaB6\x93en~\x9e\xd1\xb1Q\
fgg\xd14\x8d\xfa\xbazjB!\x1cN'V\
\xab\x95P0HwW7;vtS,\x15\xb9p\
\xfe<'\x8f\xbf\xbf\xe6Z\xc4\x05\x89\x1f\xbbw\xef&\
\x9f/033M!_e\xc3\xad@\xec\xb8c\xc7\
N0\x0c\x96\x97\x96H$\x12\xe2\x13\xd3\xb5Q7\xf5\
_\xa7\xcb\xc5\xde}\xfbinn\xc2\xe9t\x22I\x12\
\x99L\x06Y\x92p:\x1d8\x1dN\x8a\xa5\x22\xb3\xb3\
s$\xe2q\x92\xa9$\x9a\xa6\xe1r\xb9\xf0\xfb}\xec\
\xdd\xb3\x87\xba\xbaZ\x1cv;.\x97\x8b\xe6\xe6\x16v\
\xee\xdcI[{\x1b-\xad-464255M\
\xb1P\xa0\xb9\xb9\x09I\x928~\xfc\xf8\xba+\xddZ\
\xd8\xfe\xd6\x03\xc0\xd0u\x0a\x85\x02\x8a\xa2\xe0t\xba\x90\
e\x99L:\xc3\xf2\xf22\xb1X\x8c|.O6\x9b\
#\x9b\xc9\x92N\xa7Ig2D\xa3Q\x86\x06\x87x\
\xe7\xddw8{\xe6\x0cK\x8bK8\x1dNv\xee\xd8\
\xc9\xce\x9e\x9d\xd4\xd7\xd7\xe36g\xdc\xed\xed\x1d\xec\xdc\
\xb9\x03Y\x96\x19\x19\x1e\xe1r\xffe\xa1\x97^\x03\xab\
\x8e\xdcZyE\x7f\x9d\xddS\xfc\xa2i%\x00TE\
\x15\x86%I8vk\xbap^/\x14\x0a\x5c\x19\xb9\
\xc2\xd0\xe0 \xc5b\x91\xce\x8eN\xfaz{\xc5B\x83\
\xe9o\xdb\xbd\xa3\x9b\xbe\xde>B\xa1 \xb1x\x9c\xfe\
\xcb\xfd\x1c?~\x9c\xf3\xe7\xcf\xb3\xb2\x12%\x16\x8f\x13\
\x8b\xc5I&\x93\xe4ry\xf2\xf9\x1c\xd1\xe8\x0a\xb1X\
\xac\xf2\x16p:\x1d\xd8l6\x00\xb1Pb\x5c\xedC\
\xb1\x95\xb0\xad%-\x08\xd3Moo\x1fSSS\x8c\
\x5c\xb9\x82\xdda\xe7\xde{\xef\xe5\xb5\xd7^\xe3\xc4\x89\
\x13\x9c8~\x9c3\xa7\xcf048\xc8\xd0\xd0\x106\
\x9b\x8d\xc1\xc1A\xdey\xf7\x1d\xc2\xe10\x0d\xf5\x0d<\
\xfc\xc8#<\xf8\xe0\x03\xd4\xd7\xd7311\xc1\xd93\
g\x09\x06\x82|\xea\xd3\x9f\xe2\xe9\xa7\x9f\xa6\xa1\xbe\x8e\
\x1f\xff\xf85\xfe\xf3\x7f\xfaO\xfc\xf0\x87?dfb\
B\xc8 3\xbc\xa7\x0c\xc3\x10\xd7\xb7g\xcf\x1e\xb2\xd9\
\x0cSS\x93h%A\xccU\xacF:tuu\xa1\
\xc8\x0a+\x91\x08\xd1X\x0cUQ\x85cM\x99\xdd\x86\
A<\x16\xe3\xfd\x93'\xb8x\xf1\x12`\xf0\x89O|\
\x82\xa7\x9f~\x1a\x9b\xcd\xca@\xff\x00\xa7O\x9f&\x93\
\xc9p\xf4\xe8Q\xee9t\x0fuuud\xb3Y&\
''\x19\x1b\xbdB\xb1Pddd\x84\xf7\x7f\xf1\x0b\
\xce\x9f;\xc7\xc0\xc0\x00\xe3c\xe3\x84W\x84\xae\xedr\
\xb9\x99\x9a\x9a\xe2\xed\xb7\xdf\xa6T*a\xb5X\xb9x\
\xf1\xbc)c\xcd%\xe8-&o\xa5-\xa1Y\xdf$\
$I\xc2\xe1p\xf2\xf9g\x9fejz\x06\xd5f\xe5\
S\x9f\xf94_\xff\xfa\xd7y\xfb\xad\xb7\x98\x9d\x9dc\
~n\x8eD,\x86E\xb5 I\x12\x87\xef\xbd\x17I\
\x96\x89\xc6\xa2\xd8mv\x22+\x11.\x9c\xbf\xc0\xc0\xe0\
 \xa5R\x91\xc3\xf7\x1e\xe6k_\xfb\x1a===\x8c\
\x8f\x8f\xf3\xa3\x1f\xfe\x88\x97~\xf8\x12\xe1p\x98L&\
\x83V,\x99\xec,\x8f\xe5j\xf7I\x92\x84\xc5j\xe5\
K_\xfc\x22333\xbc\xfd\xd6[\x15K\xc1\x1a\x98\
\xa4\xfd\xe4'?\x89\xcb\xe9btt\x94\xc1\x81\x01`\
\xd5\x07\xa0jg\x90\x84\xcb\xa2\xcdn'\x18\x0c\xf2\xd4\
SO\xf2\xc2\x97_\xa0\xbb\xbb\x9b\x89\xf1\x09\xfe\xfa\xaf\
\xff\x9a\xb7\xdez\x9bB\xa1HWw\x17\x07\x0e\x1e\xa4\
\xb3\xab\x93d\x22N(\x14\xa2\x90\x13\xab^\x91H\x04\
\xc30p\xbb\x5c447\xd1\xd5-|\x12\xa6&\xa7\
\xf9\xb7\xff\xf6\xff\x8b\xd3a'\x14\x0c\xf2\x9do\xffw\
\xf3%\xbc>\xe8s\xcd\xeb\xe2#\xc3\xb6\x93\xb4\xeb\xa1\
Z,\xf4\xf4\xf4\xd0\xdb\xd7\xcb\xa3\x8f>\xca\x81\x83\x07\
\x89\xc6\xa2LLN\x92J\xa6*\xde\xfa\x89x\x82L\
:Cmm-\x0b\x0b\x0b\xfc\xe2\xbd_\xf0\xf3w\xde\
\xe1\xcc\x993\x14\x0a\x05z{{y\xfc\xd3\x9f\xe6\xd1\
G\x1f\xc5n\xb3\xf1\xd2K/\xf1\xd7\x7f\xf5W\xbc\xf3\
\xf3w\xc4Rm&\x83\xa1U9\xc5H\xc6U*\x82\
$I8\xecvz{{\x89\xc5\xe2LMM^\xb5\
\x8f\xb9#\x00\xcd\xcd\xcd8\x1c\x0eR\xa94\x8b\x8b\x0b\
k\xf9 \xf4\x85\x8aX1t\x9db\xa1@2\x95b\
zj\x9a\xcb\x97/\x13\x8dF\xa9\xa9\x09\xb1g\xf7\x1e\
\x1a\x1b\x1aq8\x1d,,.r\xfe\xfcy\xce\x9f?\
\xc7\xcc\xcc4^\xaf\x97|.\xcf\xec\xcc\x0c\xb3\xb3\xb3\
$\xe2q\x0a\x85\x02\x0e\x87\x13\x8bE%\x1a\x8dq\xef\
\xe1\xc38\xecv<\x1e\x0f\xf1D\x92\xcb\x97\xfa\xab.\
\xa3Z\xd2~\xf4\x84\xe5N \xad\xc3\xe1\xe0\xf1\xcf|\
\x86\xfd\x07\x0e\xd0\xb7{7v\xa7\x9d\x8b\x17.p\xe1\
\xc2\x05\x16\xe6\xe7\x19\x19\x1eaxh\x98\xc5\xc5E\x96\
\x97\x96\xf0x\xbc\xcc\xce\xce0<<\x8ca\x18\xd4\x84\
B\xec\xd8\xb1\x83]}}\xd4\xd4\xd4\xb00\xbf\xc0\x9b\
o\xbe\xc9k?~\x8d\xf3\x17\xce\x13\x09/\x0b\x0f\xae\
\xf5\x12p\x83\xb7\xa6,\xcb\xb8\xdd\x1e\xba\xbb\xbb\x88\xc7\
cLOOo\xfc2\x93\xc4\x97\xeb\xea\xea\xf0x\xdc\
\xe4\xf3yfggW\x8fW9n\xd5\x86\x0ao\x0c\
\xd2\xc9\x04\xd333\xcc\xce\xcc\x10\x0e\x87\xc1\x00\x9f\xdf\
\x8f\xc3\xe1DQ\x15t\xc3 \x9f\xcf1;3\x8b\xc3\
a'\x12\x0e388\xc8\xc8\xc8\x08K\x8bK\x84#\
a\x0c\x0c\xf2\x85\x02\xb3s\xb3<\xf4\xd01TU\xc1\
\xe3\xf1P,\x16\xb9|\xf9rE\xdf\xad\x96\xb4[\x05\
\xdb\x9e\xb4N\xa7\x8b/~\xe9KXl6J\xa5\x22\
\x85B\x91L&K$\x12\x01\x03\x11\xa6b\x18x<\
\x1e\x5cN']]]HH\x18\xbaAWg'\xfb\
\xf7\xed\xa7\xa5\xa5\x99B\xa1\xc0\xe5\xcb\x97y\xed\xb5\xd7\
x\xfb\xed\xb7YX\x5c\xa0T,\x98d\xbd\xc6\x80\xad\
\x93\xa2\xb2,\xe3\xf7\xfbioo'\x16\x8b\x09\x22b\
*\xbb\xd50\xcd^\xc1`\x10\xbf\xdf\x8f\xa6iL\x9a\
6\xd4\xb5\x0f\xc2U,\xae\xfcm\xe8\x1a+\x91\x08\xc3\
##\x8cO\x8c\x93\xcb\xe6\xb0X-\xd4\xd4\xd6\xd0\xd8\
\xd8\x88\xd7\xeb%\x93I\xd3\xdc\xd2\x82\xc3n\xa7T,\
a\xe8\xba\xb9\x02\xe8\xa5\xa1\xb1\x81@ \x80$I\xec\
\xde\xbd\x9b\xa1\xa1A\x00TU\xe5\xfc\xb9s\xc4\xe31\
\x11f\xbe\xee\xcc[\x01\x1b\x88\x81\xed\x05\x9f?\xc0\xbf\
\xf8_\xff\x17.^\xba\x8c\xc5j\xe1\xc8}\xf7q\xef\
\xbd\xf7\x12\x8f\xc7\xc8d\xb2\xc4\xa2Q\xd2\xc9\x14\xaa\xa2\
 \x01\xed\xed\x1d,/-q\xe1\xe2\x05\x16\xe6\x17p\
{\xdc\xe8\x9a\xce\xf0\xf0\x10\x17.\x5c`iq\x11\xab\
\xcdf\xce\xa2\x0d$Y\xc2\xb8\x96\xaf\xac\xe9\xd1U\x86\
\xaa\xaa\xb4\xb6\xb6r\xdf}\xf7119\xc9\xc9\x13'\
\xc4\x12\xee\xfa\xef\x9b\xa4\xdd\xb9c\x07===\xe4\xf3\
\x05^\x7f\xe3\xf5\xab\xc9M9L\xa8\xea<U\x12\xb7\
z\xe8T\xab\x9d\x03\x07\xf6\xd3\xd5\xd5\x85\xcb\xed\xaeD\
\x0d?|\xec\x18\x0d\xf5\xf5$\x13\x22\x88\x13\xc0\xe9r\
RSW\x87\xdb\xeb!\x97\xcb\x11\x0a\x85\xf8?\xff\xcf\
\x7f\x8b\xdb\xe5\xa2\xa9\xb1\x91\xbf\xf8\xd6_03=\x83\
\xae\x8b0z\xf3\x84\xe6\xd9\xd6_\xe3\x87\x8fmOZ\
\x87\xcb\xc5\xb3_x\x8e\xc5\xa5%\xf6\xee\xdbKKk\
+?\xfd\xdb\x9f\x12\xf0\x07\x88\xc5c\x8c\x8f\x8e1?\
7\x8f\xaa(\xc8\x92\xccg?\xfbY4\xadD\x22\x9e\
`\xf7\xee\xdd\xcc\xce\xccp\xe2\xc4\x09\xe6\xe6\xe6(\x14\
\xf2\x22d\xa6\xd2+\x1f\xd05\xebHk1\xfd \xfa\
\xfaz\x19\x1b\x1b\xe7\xec\xd93\x15\xd5B\xf8\x1e\x94\xdf\
\xf4\xe2u\xdf\xd4\xd4\xcc\xfe\xfd\xfbQd\x99\x97_~\
y\xcd\xb1\xd6b\xedyV'k\xe6OIBVD\
\xacZmm\x1d\xbb\xf7\xecf\xdf\xde\xbd\x5c\xba|\x89\
\x96\x96f\xb2\x99,\xc3CC\x8c\x8f\x8d#\xcb\x12V\
\xab\x8d\xfd\x07\x0f\x10\xaa\xa9\xe1r\x7f?\xff\xf2_\xfe\
K\xbe\xf7\xdd\xef\x09\x95\xc00x\xf1\xfb\xdfG+\x09\
\xb3\xd7V$\xed\xb6W\x0f,\x16\x0b\xdd;v\x90\xce\
\xa4ijn\xa6\xad\xb5\x95R\xa9D]m-\x01\x7f\
\x00\xaf\xc7KMM\x88\xd6\xd6VZZ[\xb8\xe7\x9e\
{\xf0\xfb\xfd\xacD\xa3\x9c;w\x8eK\x97.\xb1\xbc\
\xb4D\xbe\x90_\x1d\x90\xab$\xde5\xb0\xde\xfc\xa6\xaa\
\xb4\xb6\xb6\xe1\xf5z\x08\x87\xc3,,,\x8ac\xad\x15\
\x8a\x15\x93\x97\xc3\xe1\xa0\xb1\xb1\x11\xab\xd5\xca\xd0\xd0\xd0\
\xea\x0e\x1f\x88\xea\x83\x89\xff\x0cCG\xd74\xf2\xf9<\
\xd1h\x94\x85\xf9y<\x1e7\xfb\xf7\xed\xa3\xae\xb6\x0e\
\x9b\xd5\x8a\xcf\xe7\xa3\xb9\xb9\x99\xce\xce\x0e\xf6\xee\xdbK\
SK\x13\x00\x8f>\xfa(\x83\x03\x83\xe4\xb2Y\x8a\xc5\
\x22CCB\xdf\xaf\x1c~\x8ba\xfb/.H\x12\xaa\
\xaa\xd0P\xdf\x80\xcdj%\x93\xce\xe0u{hjl\
\xa4\x98/\x90N\xa7\xd1J\x9a\xa9\xd3\x19\x0c\x0f\x0dq\
\xe1\xc2y\x86\x87\x86\x18\x1a\x1a\x14K\xad\xf9\xfcm\xb1\
GJ\x92\x8c\xcb\xe5\xa2T\x12\x0b\x03\x22\xf6k\xfd^\
\x02\x92$\x09}\xdb|\xf0n\x0d\xab\xa9\x90\x8a\x85\x1c\
\x91\xe5e\x86G\x86\x19\x1b\x1b\xe3\xe4\xc9\x93\xf4\xf7\xf7\
W\xf2'\x14\x0a\xa2Ot]'\x18\x08\xd2\xd1\xd1A\
,\x16\xc5\xe1\xb0\xe3\x0f\xf8\xb1\xdbm\xe6\xb3X~\xd2\
\xaa\x9f\xb8k\xdc\xcc\x87\x8c\xed-i%P\x14\x95\x86\
\x86FjjjEZ\xa0X\x8cx<\x06\x06\x1c\x7f\
\xff}\xfa/\xf73??g\xba\xf0E\x18\x1a\x1af\
\xa0\xbf\x9f\xd9\xd9Y3L\xc6\xcc\xeab\x0e\x94\xb4\xd9\
\x84l\x15\x8e\xaf\x12\xddj\xb5\xd0\xd7\xd7\x87a\xe8\xe2\
|\xa6\xb3L\xb5\xb5\x13\x93\xb0\x92\xb9\x04\xdd\xd6\xd6\x86\
\xd3\xe9\xe4\xd2\xa5Kk\xf6\xd94\xae\xf1\x9c\x19\xba.\
\xd4\xa3\xf1q\xa6\xa7\xa6XZ\x5cbii\x89\xc5\xc5\
E\xe6\xe6\xe6\xd0\x0d\x03\x9b\xc3\x8e\xae\x1bD\x22\x11\x92\
\xa9$\x92\x04\xd1\xe8\x0a\x83C\x83\x95\xb7\xcd5\x0e\xff\
\x91b\xdb\x93\xd6\xd0\x0d\x92\xc9$\xaa\xaa\x90L$Y\
X\x98'\x1a\x8dr\xf1\xc2\x05._\xbeLdyQ\
,\xdd\xa6\xd3$\x13I2\xe9\xf4j\xa8\xb7\xb9\x5c)\
IrE\xa2T\xe7\xee\xba.*\xa3\xb9j\x8e\xb2Z\
\xad\xec\xd9\xb3\x9b|>\xcf\xe2\xa2\x88/\xc3\x8c\x19\xab\
FY=P\x14\x85\xf6\x8e\x0e\xdc.\x17\x17/^\x5c\
\xb7\xd7\xea~\xd7\x85T%\x00%\x91L\xafB8\xd3\
\x8f!\x9f\x17\x11\x0d\x99t\x86|>O&\x9bae\
e\x85\xc8J\x04]\xd3\x19\x1a\x1e&\x9f\xcf\xb1\xb4\xb8\
\xc4\xc8\xc8\x08\x91p\xb8\xea\x04[\x8f\xb8\xd5\xb7\xbc=\
afIT-b\xc5K\xdc\x8cp6)\x15K`\
\xe8\xab\xddnl\xdc\xfd\x12\x12\x86\x19\xf9\xbf\x19I+\
I\x22\x16L\xd7V\xf7\x93U\x15\xa7\xd3\xc1\x0b/\xbc\
\xc0\xcc\xcc\x0c\x97.]bnnN\x10\xcf\x0c\x1d_\
\xfd\xfe*i\x1f~\xf8a\x1a\x9b\x9a\xf8\xeew\xbfK\
\xb1PXs~E\x11\xa9\x98\xd6G\xfanD\xe6\xca\
5W\x7fd\xee'q\xf5(K\xb2\x8c\xa2*(\xaa\
\x8an\x18\xc8\xb20\x03j\xa5\x12\xa5RiM\xbc\xda\
V\xc3\xf6\xd7i\x0d\xd0u\x8dB>G>\x97\xa5\x90\
\xcbR\xc8\xe5(\x15\x0a&a\xcd\x9d\x0c\xf3\xe7\x06\xa8\
\x8e\xf4\xbf&aM2H\x12\xc8\x8a\x99h\xce\xb4\x1e\
H\x8a\x82$\x89|\x05\xb2\xa2\x90\xcf\xe7+\xfaje\
\x22\xb6\x0e\x92$\x89\xcc\x88\xba\x86$\x8b\x9cd\x92\xbc\
\x9a2T\x92$\x91\xb8\xa3*\xd5\xe8\xa6\xb0\xc1\xb96\
\x82a\xe8\x14\x8bEr\xd9,\x85|\x8e\x5c6K>\
\x97\x13\x84\xdd\xe2\xd8dOlql4P\xc6\xbaV\
\xd9\xe9\xaa\x0f\xae\x0f3]\x81,\x5c\x00\x84\xf0\xaa\xe4\
\x090\x10yb\xc5\xdf\x86a`QU\xf2\x85\xc2j\
XyE_^\x8b\xb2\xb4\xd44\x0dI\x92p8\x1d\
`\xa6,\xd2\xd7e\xa3\xa1\xeaa\xda4y\xef`\xdc\
9=\xb0).n\xb4\xd35w^\x03\xc3\x00\xbb\xdd\
Fmm-\xad\xad\xad466\xd2\xdc\xdcL[[\
\x1b\x81@\xa0\x92\xb3\xcbj\xb5R\xc8\x97I\xfb\xc1\xb9\
k\xcb\xd2\xd4\xe5t\x01\x10\x0c\x06imm\xa5\xad\xad\
\x8d\xb6\xb66:::\xa8\xab\xab\xab\xb8\x0e~\xd0\xf1\
>\x0e\xd8V\x131Y\x96+\xe90\x85\x13\xb7\x8a\xa2\
\xc8\x22\xf1\x9b\x22\xa2X\xcb\x7f\x97\x9b,+P\xd1u\
7\xc2\xe6I\xd0\xd8\xd8\xc8\xc1\x83\x87\xd8\x7f\xe0\x00u\
uu\xb4wt\xb2k\xd7.dY&\x12\x89 \xcb\
\x12\x87\x0f\x1f\xe6\xca\x95+,--\xa1\x9b9n)\
'n,\x9f\xcd$\x9e\x01455\xe2\x0f\x04\x88D\
\x22\xac\xacD\xb8\xff\xbe\xfb\xb9\xf7\xf0a\xba\xba\xbbi\
nif\xdf\xbe}\xf8\x03\x012\xa6\x0f\xf0\xa6\xb0N\
\xaf\xad\x9c\xdb\xcc\xe7U\xeeC\xb9\xd2O\xab}\xaa(\
\x0a\xaa\x990OQ\x14\x94*\xd5\xe4\x9a\xaa\xd3\x87\x0c\
\xb3K\xb7&\x94\xaa\xe4n\x8a\xa2\xe0\xf5z+\x99\x0a\
\x05!e\xa4r\x1a\xf7\xea/\x9a\x19\xb2%I\x22\x97\
\xcf\x13\x8b\xc5\x88\x84\xc3bb\xb6!6\xd7\x0d\xc7\x8e\
=DKk+\xb1h\x8c\xfe\x01\xe1\x09u\xff'\x1e\
 \x9dNq\xf6\xecY\xe2\xf18_\xff\xfa\xd7y\xe3\
\x8d7\x18\x1a\x1c\x5cs\xbe\xf5\x8f\x86$\xcb\x18\x18\x1c\
\xba\xe7\x1ev\xec\xd8\xc1\xd0\xd0\x10\x17/\x5c\xe4\xcb_\
\xfe2\x06\x06\x03\xfd\x03\xe8\x86Nmm-===\
\x5c\xbet\x99w\xdf}G<\x00\x1f m\x0d\xccW\
\x83\x04H\xb2P\xbd\x0d\xd1\x9f\xb5\xb5\xb5\xf8|>l\
v\x1b\x06P\xd24,\x16\xcbU\xd7\x07\xe2\x18\xba\xa6\
\x93\xcdf\x89\xac\xac\xb0\xb2\x12Y=vuwU\x7f\
\xf9\x83\xbb\xf1\x96\xb1\xb9\xd1\xfa\x88P\x1e\x9cP(D\
WW\x17\xdd\xdd\xdd$\x93\x22\x9c\xa4\xa2\xf7a\x98\xd2\
t\xf5{\x8699\x93\xcd\x14\x9c6\x9b\x0d]\xd38\
y\xf2$\xe1\xe5p%s\xf7\x8dJ\x8e\x07\x1f|\x10\
\xbf\xdf\xcf\xec\xec,\xfd\x03\x03\xc8\xb2\xcc=\xf7\xdeC\
CC\x03\x85B\x81D\x22\xc1\x03\x0f<\xc0\x8b/\xbe\
\xc8\xf0\xd0P\xc5bp5!$T\x8b\x8a\x8e\xc1\x9e\
={8x\xf0 \x16\x8b\x95\xfe\xfe\xcb\xec\xde\xbd\x9b\
\xb1\xb11\x8e\x1f?\x8e$I\x04\x02\x01\x1ex\xe0\x01\
&&&9q\xfc}\xb8\xca\xea{\x1dHb\xa5L\
\x96e\x1a\xea\x1b8x\xf0 \x1e\x8f\x87d2I\xa1\
X\xc00\xfbX\xf4\xf3\xda\xa3\x0a=\x1d$\x0c,\x16\
\x0bN\x87\x93Ht\x85\xb3g\xcf\x12\x8d\xac\x98;\xad\
\xf9\xca*n\xac[o\x18[^=\xf0x<\xf4\xf4\
\xf4\xd0\xd2\xd2\xc2\xc2\xc2\x02\x8b\x8b\x8bD\xa3Qb\xb1\
\x18q3\x94$\x16\x8b]\xd5\xe2\xf18\x89D\x82d\
2I>_\xc0f\xb3\xd1\xda\xda*\xfcj3\x99\xab\
\xccH\x1f\x04I\x92hmmEQ\x14\xc2\xe10K\
\x8b\x8bh\xba\x86\xcf\xe7\xe3\xe0\xc1\x83\x1c;v\x8c\xce\
\xceN,\x16\x0b\x17.\x5c \x12Y\x11o\x00\xc3\xd8\
pl%E\xd8\x83\xfd\xfe\x00===\x1c;v\x8c\
\xd6\xd6VTU\xe5\xca\x95+\x8c]\x19\xad$Rn\
kk#\x91H07;k\xda\x947\x01\xc9\x94\xe6\
\x86ASS3\xbb\xfa\xfa*\x0f\xdc\xe2\xe2\x22\x91\x88\
\x08\xb9I$\x12W\xf5]\xb9\xffD\x1f\xc6E\x8a\xfe\
R\x91\xe6\x96\x16TU%\x9b\xcb\x92\xcdd\xae\xf2\xbd\
\xf8\xb0\xb0\xa5I+I\x12\x9d\x9d\x9d\xb4\xb5\xb5\x91\xc9\
d\xf8\xd9\xcf~&\xfcb\x97\x97M\x1dP\xbc\xb2\x22\
\xe1\x08+\x91ume\x85H$\xc2\xd2\xd22\x8b\x8b\
\x0b$\x93I\x8e\x1c9L:\x95&\x1e\x8f\xaf\x8b\x92\
\xfd`\xc8\xb2L{{;N\xa7\x93T*E8\x1c\
F\x96eZZD\xa0`cc#\x92$\x93\xc9\xa4\
\xb9x\xf1\x22+f8\xcb\xb5Hk\x98\x9f\xf9|>\
:::\xd8\xb9s'\x99\x8c0\xfeOMM1;\
7\x87$\xcb\xb8\x5cNv\xee\xdcI2\x99dff\
\xe6\x03U\x83\x0a$q\xcd\x8a\xa2\xb0{\xd7n\xda\xda\
\xda\x18\x18\x18\xe0\xdc\xb9s,,,\xb0\xb2\xb2Bt\
e\xe5\xea~3[$\x12!\xb2\x12!\x12Yai\
q\x89\xf9\xf9\x05\xbc\x1e/\xadm\xad\x14\x8bE\x16\x16\
\x17\xc5\xb5\xdc\xe0\xdb\xeav`K\x93VUU\x0e\x1f\
>L\xb1X\xe4\xe2\xc5\x8b\xa4R\xa95\x9f\x1b\xebu\
\xabj\x98c+\xc92\xba\xae\x93L%\xf1y}x\
\xbd^r\xb9\x1c+++\x9b_\xfd2\xcf\xd5\xda\xda\
\x8a\xdf\x1f\x00 \x91Lb\xb7;\xd8\xb3w\x0f\xf3\xf3\
\xf3\xfc\xcd\xdf\xbc\xcc\x993\xa7q\xbb\xdd\x0c\x0f\x0f\x13\
\x8bF\xc14\x8d]\x93f\x86\x81\xd7\xe7\xc5\xeep0\
>>\xce\x9f\xfd\xd9\x9fUR\x17%\x93Ia\xad\xa8\
\xa9\xa5\xbd\xbd\x83\x95\x95(3\xd33\xe59\xdc\x07C\
\x12\xefx\x9f\xd7G{{\x1b\x9a\xae\xf1\xf6[o\x8b\
\xfb5W\xceD\xb2\xbc\xaa\xd0\xa1\xf5ZB\xd5\x04R\
\xd34fgg\xe9\xed\xe9\xc1\x00\x96\x96\x960t\x03\
\xfd#X\x84\xd8\xe4\xbb\xe6\xc3GY\xd7r8\x1c\x14\
\x0a\x85\x0f\x9e9_\xa3\xe3\x0d]\xc3\xd0udIf\
zz\x0a\x8b\xc5\x82\xd7\xebE5\xd3\xce\x97\xcf\xf3A\
\x0d`nNd\xa0\xb9\xf7\x9e\xc3<\xf7\xdcs<\xf7\
\xfc\xf3tw\xef \x93\xc9\xb2\xbc\xbc\x84\xd5j\x15\xaf\
\xd2Bqs\x02H\x82|\xa1@.\x97\xc3b\xb1P\
,\x16I\xa5R\xb4\xb5\xb5\xf3\xd4SO\xf3\x99\xcf|\
\x96G\x1e\xfd$\xa5\x92F<\x1e7\x89f\xa6\x96\xff\
 \x18\xa0k\x1a\xfe\x80\x1fYVH$\x92\x95\x8f\xe4\
\xb2EA\xaf\xf2@\xabnU\xa8\xd6\xfd5\xadD2\
\x91D\x95\x15\xfc^\xdf\xaa\x1b\xe7\x87\x8c-+i%\
\xb3rMOO\x0f\x89D\x82\xa9\xa9\xa9kK\xc5M\
t\x9c$KX-V\xdaM\xfd\xb0\x12U\xb0)\x88\
\x13\x14\xf2\x05\x96\x97\x96\x19\x1b\x1b\xe3\xca\xe8(\xe3\xe3\
c\x5c\x19\xbd\xc2\xe4\xe4$\x86a\xd0\xd2\xd2\x82\xcdf\
cjj\xaaR\x02\xe9\x9a\x92V\x12\xab\x16v\x87\x83\
`(H(\x14\xa2\x7f\xa0_$P\x9e\x9ab||\
\x9c\x89\x89\x09\xc6\xc7'\x18\x19\x19ayi\xc9,\xbf\
$$\xf4\xa6`\x88b \x81`\x80l.\xcb\xf4\xcc\
\xb4x\x08\xd7\x91q\xb3\x90$\x89\xa6\xa6&,\x16\x0b\
\xa9TJ8\x04mZ\xf4\xdf>liIk\xb3\xd9\
\x84\x0fA\xa9\x84n\xa6\x0b\xbai\x98i\xe1].\x17\
v\xbb\xfd\x06\x07M\x88\xa0L6\xcd\xdc\xfc,WF\
G\x98\x18\x1fc|l\x8c\xd1\xd1Q\xa2\xd1(\xaaY\
\x1a)\x9f7\x1d\xc9Y}\x98\xd6\x9f\xa5Z\xa0\x15\x8b\
E\x91\xb3AU\xd0u\x83p8\xcc\xe4\xe4\x04\xe3c\
cLML066\xc6\xfc\xfcB\xa5\x82\x8eQ\x96\
\x8e\x9b\x81$\xe1p:q8\x9c\xa8\xaaZ\xf1'\x10\
)\xea\xd7\x1ed\x83\x97\xd4U\x90$\xa92\x17\xb0\xdb\
\xedb\xe3f\xaf\xe56b\xcb\x93V3\xab#\xde2\
$\xb0\xa8*\xc1`\x10\xb7\xdb\xbd\xfe\xd3M\xe2\xeaw\
\xa8P\x11%a\x162I\xab\x9bQ\xbbR\xd5\x8a\xd8\
\x9ao\x9aK\xc3\x18\xc6*i\x15\x15\xaa\x8a\xdfU\xce\
\xa1k\xc8\x92X\x0a66\x0a\xdd\xb9\x0e$I\xc2\xe3\
v\xe3\xf3y+$\x13\x0f\xaay\xeck0\xf4\x1a\x9b\
\xc1\xf4\x18\xc3,\xce\xf7Qa\xcb\x92\x16\xb3c\xca\xe5\
6\xa5\xeby_]cs5dI\xc2\xe9rQ[\
[\x8b\xd7\xe73kiU\xcb\x97\xf5\xb2f\xf5o\x09\
Y4I\xa9|.\xc9\x22\x8bLYf\x95\xf3\xbc\x16\
\x8bEt]d\x961L\xe2\xac\x81\x840[I\x22\
\xaf@\xa9T\xa2X,\xa1\xc82\x92$\xa3i\xfaU\
\x93\x1b]\x13\x0e\xec\xe5\xfb\x14?\xaeG\xad\xd5*T\
>\xbf\x1f\x9f\xcf\x8f\xd5j+?)\xebw\xdd\xf0H\
\x1bm3\xcc\x87\x0cs\x92\xbc!\xae>\xfcm\xc7\x96\
%\xad$I8\x9d\xce\x8az\xc0\x079\x8bT\x8b\xb2\
\x0d\x9a\x84\x84\xd5f\xc5\xeb\xf3a\xb5Y1\xd68\xa5\
\x08\x89)\xdaj\xa9$\x09\xb1\xec\xa9\xa8*\xca\x9aA\
\x12\xc1\x8e\xb2\xaab\xb1\xaeF\x1dXm6\xb3x\x88\
&f\xd6U%\x9a\xca\xf5\xc2$I\xcc\xda\x0d\xc3\x00\
I\xa6T\xd4(\xe4\x0bH\x08\xf3\x94Q.\x1aR\x1e\
|I|\xc7\xfcC\xfc\xa8\x5c\xe7\xda\xeb5\x0c3\x9d\
\x86d\xee+I\x04\x02A\xfc\xc1 v\x87\x03YU\
\xafA\xc7\x8d\xb1\xfeQ6\x0cCD\x82\x98\x05\xf7\xca\
\xfb@U_\x7f\x08\xb8\x0e\x0b>Z\x94_\xb9\x98\x85\
\x8e\x8d5\xaf\xce\x9b\x87\xd5f\xc5n\xb7\x8bt\xf3\xe6\
kwMC\x02S\xb2\x1a\x86\xa8\xe5\xa5\x954tM\
[[cK\x92\xd0\xcd\x8a\x89\x86aT\x8a,'\x93\
\xc95\xa9\x90\x049\xc1\xe9t\xe2t:*\xbak\xb9\
\xa2\x8d\xae\xe9h%!]m6;\xb2\xb2V\x82\x95\
\xefx5\x1ch\xed\x90If5I\xa9\xca\xcaQ\xf9\
\x0c\x91\xf1\xc6aw`\xb1X\xc5CT\xbd\xcbM\x90\
\xac|\xbf\x8a\x99\xaf\x0cn\xee8\xb7\x82-MZ\x9b\
\xcd\x86d\x16..o\xbbY\x18\x12\xc8\x92X\xd6\xb5\
X,\xc8\x8ar\x9dYx\xd5y\x0c\xc0\x94j\xab\x1b\
\x04i\x15Exu\xb9\xdcn\xbc^/V\x8b\x85D\
B\x94i\xaa\xe8\xb2\x86\x81,\xc9\xb8=nlv{\
U\xc9#\x03\xd0\xc1\xd0\xd1\x0d\x1dY\x96hll$\
\x18\x08\xe0p\xb9\xb0\xda\x1cH\xb2H\x87_n\xab\xa8\
z\x85\x94/\xa7\xba\x99\xdb\xc4\x12nY\xc2\x9b\x9fn\
\xd0\x87\xd7\xea\x85j\x94\xf7)\x8fE\xf9A\xf9(\xb0\
\xa5I+\xf2\xff\x8b\x81\xaf\x96(\x9b\xc2\x9aQ\x5c\xdd\
\xe6t\xba\xa8\xab\xab\xa3&\x14Z\xf7\x05\x13\xe6\xb8Z\
T\x15\x97\xd3I\xc0\xef\xa7\xb6\xa6\x96\xe6\xc6FZ\x9a\
Zhmi\xa7\xa3\xa3\x93\xee\xaen\xfa\xfa\xfa\xd8\xbb\
w/\xf7\xddw\x94\xc3\x87\x0fSSSC./\x1c\
\xa9+\x92\xcf<\x7f(\x14\xc2\xe3\xf5\xae\xbd\x1e\xf3|\
\x86\xa9Z<t\xec\x18G\x8e\x1c\xe1\xc0\x81\x03\xec\xdb\
\xb7\x8f\xbe\xbe>\xba\xba\xbahok\xa7\xb9\xb9\x99\x86\
\x86\x06jkjq\xbb\xbd\xd8m\x0eT\xd5\x22\x16\x08\
\xaaXW\xb9U\xd3\x9c\x16\x0a\x85p8\x1c\x15g\xf3\
\xeb\x11\xf7z\xad\x8c\xdb!@n\x15[\xd6N\xab\xaa\
*\xed\xed\xedX\xadVs\xb9V\xac`m\xdag`\
]\x9f\xca\x8aB(\x14\xe2\xd9/|\x81`(\xc8\xfc\
\xc2\x02c\x93\x13\xc8\x8a\x8a\xa2ZP\xadVT\x9bp\
\xaeq:]\x04CA\x1a\x9b\x1ai\xebh\xa7\xbd\xb3\
\x83]\xbbw\xb1\xb3\xb7\x87\xdd{v\xb3w\xff~\x0e\
\x1c\xdc\xcf\x81\x83\x07\xd8\xbf\xff\x00\xc7\x8e\x1d\xe3\xde{\
\x0f\xa3(\x0ao\xbc\xfe\x06\xd9lV\x5c\x829y4\
$\xb8\xf7\xde\xc3\xd8\x1dv\x22++\x14K%S5\
\x11*J\xb9\x12\xf8\xe7?\xffy\x1a\x1a\x1b\xe8\xec\xec\
b\xd7\x9e\xdd\xec\xdc\xb1\x83\xde\xde^v\xec\xd8A[\
{\x1bM\xcd\xcd\xd474\xe0\xf3\xf9p\xba]X\xac\
\x16\x14U\xc1j\xb7U\xf4nY\x15n\x9a\xaa\xc5B\
Ww7_\xfd\xeaW\xf0x\xdc\x5c\xbcp\x91\x81\xfe\
\xcb\xd7y\xbbl\x0e.\x97\x8b\xfa\xfaz\x14Eal\
ll\xfd\xc7\x1f\x0a\xa4M\xbe\x1d~\xe9(\x0fp\xf9\
w\xab\xd5\xca\x83\x0f>\x88\xd5j\x15\x0e$ccH\
f\x08\xcauq\x0d\x01\xa0X-\xec\xdd\xb3\x97\x7f\xf5\
\xbf\xff+\xea\xeb\x1b\xf8\xc9O^\xe3/\xfe\xe2/Q\
-\xd6J!d\xaf\xcf\x87\xcb\xe5\xc2\xedra\xb3\xd9\
\xb0\xd9\xecX,B\xc7\xb4\xdb\xec\xc8\xb2\x8cl&c\
VT\x91j>\x9f\xcf\x89\xeb6 \xbc\xbc\xcc\xff\xfd\
\xc7\x7fL\xd2L\x90\x5c\x86\x81\xc1\xef\xfe\xde\xef\x91L\
\xa5x\xf9\x95\x97\x99\x9d\x9d\xc30@U-h\x9aF\
CC\x03O=\xf9$\x87\x0f\x1f&\x16\x8b!I\x12\
n\xb7[\xf8\xb9\xca\x22N\xac\xa4\x0b+\x8a\xa6\x95\xc8\
fs\xe4r9\x8a\xc5\x02\x85R\x81|.G:\x9d\
\xae8\x08\xadD\xa3$\x93I\x1e~\xf8\x11~\xedk\
\xbfF$\x12\xe1/\xff\xe2/\xf9\xdew\xbeS\xa5V\
\xdc\x80\xbd\xb7\x0auuu\xec\xdf\xbf\x1f\xab\xd5\xca\xab\
\xaf\xbe\x0a\xe6\x9b\xf0\xc3\xc4\x96\x91\xb4\xd5\xaf\x1b\xc9\xd4\
\x17\xdb\xdb\xdb\x91e\x99h4J4\x1a]C\xeck\
\xe2Z\xa4UT\x1a\x9b\x1a\xd9\xbf\xff\x00\xc9T\x92\xc9\
\x99i\xfc~?\x1e\x8f\x87\x03\x07\x0f\xb2w\xdf>\xba\
\xba\xbbhnn\xa1\xb5\xad\x95\xf6\x8ev::;h\
\xebh\xa7\xa9\xb9\x99\x86\xa6F3\xe4Z'\x97\xcf\x93\
\xcd\xe5H&\x93,\x87\xc3\x14\x0a\x05$$\xb2\xe9\x0c\
\xa7O\x9f\xa6`\xda2W!\xf1\xd9'\x9e\xc00t\
\x06\x06\x07\x89\xc7\xe2b\xab,\xa1\xeb\x06N\xa7\x93\x8e\
\xf6v\xda\xda\xdbYZ^\x22\x16\x8b\x91/\xe4)i\
\x1a\x8a\xaa\x0aS]]\x1dMM\x8d\xa2\x5cjC\x03\
\x8dM\x8d\xd454PS\x13\xc2\x1f\x0c\xd0\xd8\xdcD\
GW'\xa1ZQ\xb0\xba\xb9\xa5\x05\xbfY\xcc.\x99\
H2::\xca\xe5\x8b\x176T\x0dn\x04n\xb7\x9b\
\xa6\xa6&TUexx\xf8#Q\x13\xb64i\xdb\
\xda\xdan\x9c\xb4\xeba\x1eVV\x14\x1a\x9a\x1a\xe9\xde\
\xb1\x83\x89\xc9\x09\x8e\x1f?N\x22\x91\xa0\xb5\xb5\x8d\x03\
\x07\x0f\xe1\xf7\xfbH\xa7\xd3\xc4\xe31\x16\x17\x17\x99\x9f\
\x9bgvf\x96\xf0\xd22\xb9l\x96x<N2\x91\
 \x9f\xcf\x8b\xd9\xb3\x19E!\x9bf%\x91U&\xc2\
\xd9\xd3g(\x14\xd6\x93\xd6\xa0\xa6\xa6\x86\xd9\xd99\xc6\
\xc6\xc6\xc8f\xb3\xe6\xfd\x0a/)\x87\xd3IGg\x07\
\xf7\xdd\x7f\x9f8\xbe\xa9\xe3J\x92LI\xd3\xc8\xe5r\
\xa4\xd3)b\xb1\x18\x8bKK\x5c\x19\x19att\x94\
\xb9\xb99\xa2\xd1\x15R\xc9$\x12P[S\x83\xdf\xe7\
'\x9b\xc9p\xf6\xccY\xa6\xa7\xa7\xb1\xdb\x85\xef\xc6\xec\
\xcc\x0c\x03\x97\xfb\xaf\xf9Po\x16^\xaf\x97\xa6\xa6&\
\x14Eahh\xe8#!\xed\x96\x9d\x88U\xe3\x86\x89\
Z\x0d\xf3m(\x01\xb2\x22\x93H&\xc8\xe6\xc4\xebu\
bj\x0aC\x02\xaf\x99\x88mtt\x94\x91\x91+\x0c\
\xf6\x0fp\xfa\xe4IN\x1e?\xc1\xe5K\x97+\x03~\
ex\x84\x99\xa9)\x16\x17\x16\x08//\x13]Y!\
\x91L\x92\xcdf\xc9\xe5\xf2d\xb3\x99\xabJ\xcf\x1b\xe6\
\x7f\xef\xbc\xf3\x0e'O\x9e \x16\x8dAu\xd0\xa2a\
`\x94\xa5w6G\x22\x99$\x16\x8b\xb1\x12\x8d\xb2\xb8\
\xb4\xc8\xcc\xcc\x0c\xe3\xe3\xe3\x0c\x0e\x0d108\xc8\xc4\
\xf88\xc3\xc3\xc3\x1c\x7f\xff}\x8e\xff\xe2}.\x9c\xbf\
\xc0\xe0\xc0 \xc3\x83C\xacDV\x90\x91(\xe4\xf2\x5c\
\xbax\x91D<\xce\xd2\xd2\x12\xd1\xe8\x0a\xa5b\xf1\xb6\
\xf8\xbf\x96\xdd\x1d\xafk3\xff%c\xcbKZEQ\
X\x89\xae\x10]1%\xed\xcd(b\x80bQil\
nfG\xcfN\xf6\xec\xd9\xc3\x8e\x9d;1\xccT\xa0\
\xf5\xf5\x0d\xc4\xe3qfff\xc00\x08\x05Cx\xbd\
^\xba\xba\xba8x\xf0 }}}\xa6\xc3y\x94\x99\
\x99YF\x86\x86\xe9\xef\xbf\xcc\xf9\xf3\xe79{\xf6,\
\xe3c\xc2\xff@+\x16\x19\x1a\x1a\x12\x04)\xc3\x10O\
L*\x99\x22\x9b\xceTU\x1b\x97\x90$\xa1\xef\xda\xed\
vB\xc1\x10\xe1p\x98W^y\x85\x13'N0>\
6\xc6\xcc\xf4\x0c\xd1\xe8\x0a\x9a\xa6cw\xd8\xa8\xab\xad\
\xa5\xa7\xb7\x97\xde\xde>s\xd9\xd8\x81\xd3\xe9\xc20\xa0\
T*\xe1v{\xc8\xe6r,\x87\x97QU\x0b\xbf\xf1\
\x1b\xbfI0\x14$\x9f\xcf\xb1\xb0\xb8\xc8\xc8\x0d\xe5\x0b\
\xdb\x18^\x9f\x8f\xc6\xa6&\x14YfppP\x8c\xdb\
\xad?\x0b7\x84-C\xda\xf5P-\x16\xda\xda\xdb\xb1\
\xd9l\xacD\x85C\xb7\x18\xe5u\xfe\x9f\xebQ\xfdY\
U\x93L\xeb\xc1\xa7?\xfd8\x8d\x8dMH\xb2Lk\
K+\x89d\x82\x99\x99Y:\xda;8z\xf4(\xf1\
X\xac\xe2\xc0\xadi\x1a\xd1h\x94\xe9\xe9i\xe2\xb1\x18\
\xa5b\x09EQ\xb0\xd9lXmV,\xaa\xcaJ$\
\x8c\xa1k\xb8]\xee\xca\xa4q\x0di\xcb\xd7t\x15L\
\xf2\x1a:\x16\x8b\x95@0\x80\xcb\xe5bd\xe4\x0a\x8a\
\x22\xd3\xde\xd6NCC=>\xaf\x17\x9b\xcd\x8aa\x18\
d\xb2\x22\xefnxy\x99T:M\xbe T\x89\x86\
\x86\x06\x9e~\xfa\x19\x90`||\x82b\xa9\xc4c\x9f\
|\x0cY\x91\xd9\xb5\xab\x0f\xab\xc5\xca\xc8\x95a\x06.\
\x8bzj\x12f\x22\xf3k]\xda\xb5 I\xd8\xed6\
\xea\xea\xea\x91U\xa1\x1eTt\xe4\x1b>\xd8\xcdc\xeb\
\x92VUhii\xc5j\xb7U<\xe97t\xda^\
\xdfQ\xeb\xff6!+\x0a\xa1\x9a\x1a\x9e{\xeey:\
\xda;\xb8|\xb9\x9fo~\xf3\x9b\xb4\xb7\x09\xb3\xda\xf4\
\xf4\x14\xe1H\x84O|\xe2\x13\xd4\xd6\xd6Q,\x14X\
YYa\xd9\x9c\x18\xd9\xecv\x1a\x1b\x1bill$\
\x10\x0c\xe2r\xb9\xa8\xa9\x09\xf1\xc9O>\xca\xa3\x8f>\
B}]\x1dc\xa3cLNL\x5c\x9d\xf0b\xa3k\
\x920g\xf1bB\xe6\xf5z\xf9\xecg?\xcb\x83\x0f\
=\xc8\xfe\xfd\xfb\xa9\xaf\xaf\xc7\xe7\x13\x0e\xdc--\xad\
8\x9d\x0e\xd2\xe9\x0c\x0b\x0b\xf3\x84\xc3at\xc3\xa0\xa1\
\xa1\x91C\xf7\xdc\xc3\xe1#G8q\xe2\x04\xa3\xa3\xa3\
\xa2l\x13\x12\xaf\xfe\xf8UB\xa1 \xf7\xdcs\x88l\
6\xcb\xe9S\xa7\x18\xee\x1f\x14\x81\xa0\xd7\xc8\xb4\xf3\x81\
\x90\x85U\xa3\xa1\xa1\x01Y\x96\x19\x1e\x1e\xbezbw\
\x93\x87\xbe\x11l]\xd2**\x8d\xcdM8\xecv\x11\
:\x13\x0e#\x95+u\x7f\x106\xe88Y\x11\x99\x15\
\x1f\x7f\xfc3D\xa3Q~\xf8\xc3\x1f\xf2\xb7\x7f\xfb\xb7\
\x94\x8aE\x5c.'\x8a\xa2\x90\xcddH&\x92tu\
u\x81nP,\x14\xd04\x91Vi%\x12\x11e>\
3il6;-\xcd-\xec\xdd\xb7\xb7\x92\x97\xa0\x90\
/p\xf6\xcc\xd9J-2>H\x17\x97*\xff\x81$\
\xe1r\xb9\xf8\xf4\xe3\x8fW\xac\x17\x8d\x0d\x8d\xc8\xb2L\
\x22\x11gzz\x9a\xc9\xa9)\xe2\xf1\xb8Y\x1f\xccO\
0\x18d\xc7\xce\x9d\xd4\x84j\x18\x1e\x19frb\x12\
EQ\x88\xc5b\x9c?\x7f\x9e\x93'O\x92\xcdfE\
5\xf5\x5c\x8e\xa1\xa1!\x86\x06\x06\x84\xa4\xbd\xcee]\
\x0f\x92$\xe3\xf5\xfa\xa8\xaf\xaf\x07\xe0\xca\xc8\xc8\xd5\xa4\
\xfd\x10\xf0\xd1i\xd3\x1f\x00\x03\xcc5|3\x05\x91\xa9\
\x03n\xc8\xc8\xf5\xd8`P$\xc42n&\x9d\xe6\xd4\
\x89\x93\xfc\xfc\xad\xb7)\x15\x8a\x9cx\xef=.\x9c;\
O!_\xc0j\xb1r\xe9\xe2E.^\xb8@>\x9f\
\xc3\xe3\xf1\xe2q\xbb\x91\xcc\x14F\x8b\x8bK\xe6dm\
\x84\xa9\xe9)VVV\x18\x1c\x1cdzj\x9at&\
#\x02&\xafG\xd4j\x94uA3\x9dR&\x9b\xa1\
P(011\xc1\xe8\xe8(\xb3s\xb3\xccLO3\
80\xc8\xd0\xd00\xcb\x8bKh%\xe1\xa8\xe2\xf3\xf9\
\xa9\xa9\xa9A+\x95\x18\x1e\x1e\xe2\xf8\xfb\xc7\xb1X,\
\x14\x0a\x05\xce\x9d=\xcb\xfb\xef\xbeK)\x97\xe3\xf8{\
\xbf\xe0\xd4\xa9S,/-\xa1*\x22\xff\xc3-A\x12\
o@0\xcc\x1ai\x1f\x0d\xb6\xac\xa4U\x14\x85\xba\xfa\
:<\x1e\x0f\xd1h\x94\xe5\xe50\x8ar\x03+b\xac\
\xe5\xb7,+\x04\x83A\xee\xbb\xef>F\xaf\x5c\xe1\xed\
\xb7\xdf\x16\xc94\x14\x85\xc5\x85\x05b\xd1\x18\xb5\xb55\
\xdc\x7f\xdf\xfd\xbc\xf4\xd2Kd2\x22\xb7\xd5\xd2\xd2\x12\
\xd3SS\xec\xdd\xb7\x8f]}}8\x1dN&'&\
\xf8\xe9OE1\x91\x81\x81\x01l6\x1b\xaa\xa2p\xee\
\xec9\xa2\xd1\xe8\xe6\xaeq\x9d\x83\x8b\xd5j\xe3\xc1\x87\
\x1e\xa2\xbf\x7f\x80\xbf\xf9\x9b\x97\xf9\xc1\x0f^\xe2\xfc\xb9\
s\xc8\x8a\xcc\xde\xbd{9t\xf0\x10\x81`\x90\xb1\xb1\
1b\xa6\xd3y\xff\xe5~FFF8x\xe0\x00\xc9\
D\x92W_}\x85\xe1\x81\x01@BR\x14\xd04\x0e\
\x1e\xba\x07\x97\xcb\xc5\xec\xec,\x83\x03b\xe2t\xf3\x92\
V\xc2\x1f\x10\x0f\x8c\xaek\x8c\x8f\x8d\xdd\xfa\x83p\x13\
\xd8\xb2\xa4\x95\x15\x99@0H0\x18$\x1e\x8f\xb3\xb8\
\xb0`J\xb1\x9b\xebq\xd9LTq\xe4\xc8Q\xe6f\
\xe78{\xf6\x0c\xa5B^L\xect\x83d*\xc5\xd2\
\xe2\x22\xc9d\x92g\x9e~\x9a\xe9\x99\x19R\xc9$\xb5\
\xb5\xb5\xf8}~^|\xf1\xfb\x5c8\x7f\x1e\x038\xb0\
\x7f?\x9f\xf9\xecg\xd8\xb3w\x0f\xcb\xcbK\x95\xc8\x8a\
\xe9\xe9\xe9\xcd\x91v\x83q\xb6X-\xf4\xf6\xf6r\xe1\
\xe2E\x14E\xe1\xd8\xb1c|\xees\x9f\xa3\xbd\xbd\x9d\
+W\xae\xf0\xc6\x9bop\xf1\xe2\x05\x1a\x1b\x9b\xd8\xd5\
\xd7\xc7\xd0\xe0\x10\xa1`\x90\xdd\xbbvs\xf1\xc2E^\
}\xe5\x15\x96\x97\x96\xab\xb23\x0a\xd7\xc7\xa3\xf7\x1d\xc5\
\xeb\xf1033\xc3\xd0-\x92\x16\xc3 \x18\x0aRS\
S\x8b\xa6i\x8c\x8f\x8fW\xd2\x89\x8a7\x87\xd9n\xf6\
\xf8\x9b\xc4\xd6U\x0f\x8cU/\xf9\xb2!\xfe\x96\x0c\xd9\
\x86A!_X\x9b\x1dP2\x03\x05\x91\xd0\x8a%\x22\
\xe1\x08g\xcf\x9c\xe1\xbb\xdf\xfd.M\x8d\x8d455\
\xb1\xbc\xb4L&\x93\xe1\xf9/<GM\xa8\x86\xc1\x81\
A^y\xf9\x15^|\xf1E\xfa/\xf7\xb3w\xef>\
\x1e}\xf4Q\xda\xda\xdaH\xa5\x92\x95\xc8\x825\xfa\xec\
\xb5.\xbbj\x1f\x09\x09\x9f\xcf\xcf'\x1f\xfd${\xf6\
\xeceqa\x81\x17\xbf\xff}\xbe\xfb\xdd\xefr\xf2\xc4\
I|>?\x9f\xb8\xff\x13\x04\xfc~\xce\x9d;\xc7\xae\
\xbe>\xbc\x1e\x0f\xef\xbd\xf3.?\x7f\xfbm\xa2++\
k\xabC\x1a\x06\xe8:Z\xa9D\xa1P4\xef\xf7Z\
\x17\xb2y\x08'&c5\xc1\x1e\x5c\xe7\x06\x7f9\xd8\
\xc2\xa45\xc8\x99\x8e'\xc2\x90m\xdcR\xe7\x18\x86A\
.\x97%\x91\x88\x93I\xa7\xd05\x0dY\x92\xc1@D\
\x0d\xc8\x12\xc5B\x81H$\xc2\xf9s\xe79w\xf6\x1c\
\xd9L\x96\xda\xdaZ\x14E&\x9f\xcf\xb3w\xdf>\xda\
\xdb\xdbYYY\x11\xfb\x9c;\xcb\xc0\xc0\x00sss\
$\x93)\xf2\xf9\x82\x88dX\xaf\xd7^O\xf2\x98\x9f\
\x95\xafoaq\x81\x91\x91a.\x5c\xb8\xc0\xb9\xf3\xe7\
\x19\x1b\x1d\xa5\xad\xb5\x95\x1d\xdd\xdd\xd8\xacV\xf2\xb9<\
\x9d\x1d\x1dd2\x19.^\xbc\xc4\xd9sg\x09/-\
UB|\xd6\x1c\xd7\x10\x09\xa7\x93\x89\x04\xf9\x9c)\x00\
\xd6\xeeu\xc3\xb0\x99a;\xb9\x5c\xee\xb6<\x047\x83\
-M\xdalV\x04\xd1\x95W_n\xa9\x8f\x0c\x83|\
.'J4e\xd2`\xe8\xe2Mf\x06L\xcaft\
\x80\xae\xeb\x14\xf2y\xdey\xe7\xe7\x5c\xbax\x11E\x91\
\x09\x06\x83,//\xe3t\x8a\xb2\xf5\x07\x0e\x1e\xc4\xef\
\xf7\xb3\xb8\xb8\xc4/\xde}\x97\xf7\xdf\x7f\x9f\xe9\x99i\
4]\xab\x16\x9e\x9b\x84\xf8\x82\xa6k\xac\xac\xacp\xf2\
\xe4)N\x9e8\xc9\xec\xdc\x1c\x0e\xbb\x9d\x03\x07\x0e\xb0\
w\xcf^\x1cv\x07\xc9d\x0a\x97\xcbI \x10\xe4\xcc\
\x993\x9c8q\xc2\xb4__;\xac<\xba\x12e%\
\x12\x11\x19an$(\xf2\x1a\xb0\xdb\xecH\x92Ty\
\x0b~\x14\xd8\xd2\xa4-\xaf\xf3\x8bU\x17\xa9\xca{\xbf\
z\xc7\xb5\x7f^\x0b\x86\x99\x94.\x1e\x8f\x913\xd7\xfe\
\x85\xf9\xcc@\xd3Da8\xd9\x5c\xe64\x0c\x11*s\
\xf2\xd4I~\xf2\x93\xd7p8\x1c\x1c\xbd\xef(\x03\xfd\
\x03\xa4\xd3)\x1ey\xe4\x11\x1e|\xe8A\xfc\x01?\x8a\
\xc5\x82a\x88\x0c\xdae\xaf\xfeM\xa3jW\xc3\x8c\x82\
\x90$\x09\x9b\xddF(\x14b\xcf\x9e=|\xe5\x85\x17\
XYYaff\x9a\xc6\x86\x06\xf6\xee\xd9\xcb_\xfc\
\xc5\xb78s\xe6\x0c\x99L\xda\xbc\xe65\xf1Bk\xd4\
\x8e\xd8J\x94\xe8J\xb4B2\xf1\xc9\x0d\x5c#f\x97\
\x9b\x12\xc3f\xb5PV\xb5V?\xae\xbe\x91\xd5_\x7f\
Y\xd8\xb2\xa4\xc50\xc8f3b\x15J\x92+.z\
\x15\xca\x1a\x1f\xdcA\xebu\xe0r8L\xb9\xba\x8b\x98\
0\x95\x0f$\xea}I\x86!2\x88\x9b?'''\
\xf9\xd6\xb7\xfe+\xe3\xe3\xe3<\xfc\xf0\xc3$\x93I~\
\xf4\xa3\x1f\xb1{\xd7n\xbe\xf6\xb5\xaf\xd1\xde\xde\x86\xc5\
bA\xb5X\x84\xf3\xb7y\xder\xab\xa0\xfc\xbc\x957\
U\x7fV\x15\xdfU\xc8\xe7\x09\x05C\x1c;\xf6\x10O\
<\xf1\x04\x7f\xfe\xe7\xdf$\x93\xcdr\xf0\xc0A\x90\xe0\
\x0f\xff\xf0_\xb3\xb0\xb0@\xa9$\x02(W'}\x1b\
\x10W\x92\x84\x0e\x9f\xcf!KR%\xce\xad\xdcmk\
\xbap\xfd\xf5UmW\x14\xd5\xccT.c\xb5X\xd1\
4}Ur\xeb\xa6:T\x89m\xfb\x80A\xb9\x0d\xd8\
\xb2\xa4\x15\xd2KC\x91e\xecv;v\x9bm\xb5C\
6\xd9/rUnU\xc9\xccV\x93\xcb\xe5(\x14\x0a\
k\xb6c\x9e\xaf,y\xab[\xb1X$\x1c\x0e\xf3\x93\
\x9f\xfc\x84p8L[[\x1b\x1e\x8f\x9b\x97~\xf8\x12\
\xb9l\x96g\x9ey\x86\x87\x1ez\x08\xab\xc5bzh\
mpq\xeb\x89P\x8d\xf2-\x99:\xfcC\xc7\x8e\xf1\
\xf8\xe3\x8f\xa3\xaa\x16\xbe\xfd\xedo\xa3i%\xf6\xed\xdb\
\xcbJt\x85W^~\x85H8\x8c\xa6\x95\xd6]g\
\xb9v\xef\xbaf\x88\x09\x93\x84\x84E\xb5\x88Ib\xb9\
\x0f\xab\xafi\xfd\xf5\x95\xff\x96E\xfa$\x03\x83b\xa9\
\x88\xa1\xebX\xadV\xb4R\x89t:\xbd\xba\xff\x06\xb7\
\xfc\xcb\xc4\x96%-\xe6@f2\x19\x9cNge\x15\
\xe6FPV-dY6\x97\x85\x9b)\x95\x8a\xa43\
)@\x14\xc7\xf8`\x88\xd7\xf6\xfc\xfc<\xef\x1f\x7f\x9f\
L&C_\xdf.\xfc>?g\xcf\x9d#\x97\xcd\xe1\
v\x8b\xf8/\xad\xa4]=\x80\x1f\xa4\x88\x0b\xd1\x0c\xa6\
\xf3NcC\x03\x9a\xa6166F\xa9T\xe2\x98)\
\xdd\xcf\x9d=\xc7\xc4\xf8\xf8U\x12Z\xb4\xea\x03\xaeE\
\x22\x91\xc00k\x03\x7f\xa0)\xae\x1a\xd2\xea\x1b\xc30\
\xcf\xe1\xf1zq:\x9d\x94L\xd2\xae\x7f\x93}X\xd8\
\xd2\xa4\xd5u\x9d\xd9\xd9YdY\xa6\xab\xab\x0b\x8f\xc7\
sC\x1dU\x8e\xe2\xb5X,\xf8\xfd\x01\xba\xba\xbaH\
&\x13\xacD\x22\x18fE\x97\xab\xa4\xcc5 \xcb\x12\
\x97.]\xe2\xd2\xa5K(\xb2\xcc\xfd\xf7\xdfO\xa1P\
`\xe4\xca\x08\xf3\xf3\xf3b\xe9v\x83W\xe3&\x0f\x8f\
\x81A\xa1X$fz\x9b\x15\x0a\x05\x1e|\xf0Aj\
B!N\x9d:E\xff\xc0\x00\x94k\x9eU\x93\xf5\xea\
SV I\x12\xd1h\x94\x5c.\x87\xcf\xe7\xab\xf8\xc1\
n\x0aF\xf9\xed#\xcei\xb5Y\xe9\xed\xedA\x92$\
\x92\xc9$\xc5b\xf1\x86\xc6\xe2vb\xcb..\x94\x11\
\x8f\xc7E\xaaxs\x0d=\x97\xcb\xa1(\x0a\x16\x8b\xe5\
\xbaMUUl6\x1b\x163\xe1\xdc\xce\x9d;\xe8\xec\
\xec\xe0\xd4\xa9SL\x9b\xd9\x07%i\x03\x07\x9c\xf5\x90\
\xc4\x7f\x86\x0e\x12\x12\x8b\x0b\x8bDVV\xe8\xeb\xeb\xa3\
\xaf\xaf\x8fd*I>\x9b#\x16\x8b3r#\x9e\xfc\
\xa6t-\xb3ZQT\x9a\x9a\x9a\xc0\x10\xe1\xe6;w\
\xec\xa0\xb3\xa3\x93?\xfd\xd3?a\xf4\xca(E\xb3\x86\
\xc3j\xc5\x9e\xcdA\xd3\xb4\x8a\x93Kggg\xa5L\
\x94\xaa\xaa\xa2\xaf\xacB\x1f\xbf\xaa\xff,\x22\xdb\xba\xc5\
b\xc1\xe1p\x10\x0c\x04y\xf8\xe1G*y\xc6r\xb9\
\x1c\xf2\x8d\xc4\xec\xddFH\xd7\x7fV\xb7\x06\xfc~?\
\xbd\xbd\xbd\xdcs\xcf=\x954B\xe5L'\xd7rF\
6\x0c\x03\x9b\xcd\x86b\x86O\xe7rY\x8e\x1f\x7f\x9f\
\x89\x89\x09\x0a\x85\x12\x92,\xbe\xabi\xfaU=p5\
\xf1\xa4\x0a\xbb\x0c@\xb5\xa8\x04\x83\x01\x8e=|\x8cg\
\x9f}\x96\xa5\xc5E^|\xf1E\xde\xfd\xf9;\xa6\x95\
c\x15\x86Q\x95/s=\xca\xa45I\xd4\xdb\xbb\x8b\
\xdf\xfe\xed\xdf\xc6nw\xf0\xc6\x1b\xaf\xf3\xf2\xcb/\x13\
\x8b\xc5E\xbe\x82\xca\xc3U%^\xcb\xc7\xbd\xc6\x08\x96\
\xef\xc3b\xb1\xd0\xdc\xdc\xcc\xe1\xc3\x87\x09\x04\x02\x15\xbd\
\xde0\x0cTU\xbd\xaa\xbc\x9aa\x88\x0c\x89\x86\x01\x16\
\x8b\x8a\xddnG\x96d.]\xba\xc4\xf8\xd8\x18Q\xb3\
d)U\xd1\xb9\x1f&\xb6\x05ieY\xd4\x9c\xad\xab\
\xab\xab\xe4-(\xbf\xe6\xae')\x05)E\x9d\xdat\
:\xcd\xfc\xfc\x1cE\xb3\x0eB\xd9\xb4Y~\xd3V\xe3\
z\xa4\x05\x91CAQ\x14\x1a\x1a\xea\xf9\xdc\xe7\x9eA\
\x92$N\x9c8\xc9\xe9\x93'\xd7\x90\xb6rm\xeb\x0f\
WF\xf9\xbc\xe6\x0c\xbd\xb5\xad\x9d_\xfb\xda\xaf1;\
7\xc7\xcb/\xbf\xcc\xe2\xfc\xfc\xba/ \x1ca7z\
\x10\xae\xd1\x0de\xbd\xd4f\x13f4\x8f\xc7Sy\x90\
\xa5\xaah\xe1\xf50\xcc\x1ce\x98:}>\x9f'\x1e\
\x13!G\xe5\xf4\xff\xe5\xef\x7f\xd8\xd8\x16\xa4\xadF%\
\xd9\xc6&+\xae\xe8fZ\xa5rG\x97Q\xa9,j\
\xd6\xee\xaa\xc6fH\x8b\xa9\xe7>\xfa\xe8#\xb8\xddn\
3p\xf0R\xe5\xbbk\x8e\xb9\xfepe\x18\xab\x9f\xc9\
\xb2Bm]=\x9f\xfd\xecg\x19\x1b\x1d\xe3\x9d\x9f\xbf\
\xb5\xf1\x94\xa3\xe28\xb0\xee\xbe7x\xf0\xca\xc4\xaa\xbe\
\x1f\xa5\xaa\xba\x0d\x80n\xaa\x1b\xebz\xc0\xfc^\xb9\xff\
4J\xa5\x22\xb2$\x9b\x99v\xae\xdf\xe7\xbfll\x0b\
\xd2\xca\xa6\xf3\xf7\xad<\xdd\x95q3\xe7^\x06\xabw\
\xbe\xfep\x9b#\xad\x90x\x0f?\xf206\xbb\x9d\xb1\
\xd1QFG\xae\x98\xba\xea\xfa\x03\xae\xfdsCH2\
^\x8f\x97\xc7\x1e\xfb\x14\xb3s\xb3\x9c<q\xc2\xd4\xb9\
\xd7\xa9/7A\xda2\xd6\xf7\xdb5\xfbR2;\xcc\
0'{\x92\xd8(I\xa2\x16\xf1G\x8d\x0d\x1e\xe5\xad\
\x85j\xc2bvt\xf5@\x94\xff^\xdf\xca\xaf\xc02\
\xca\xaf\xbb\xf2\xaaZ\xf9\x93\x8d\xc6\xecj\x18k[y\
0\x11\x19kTE\x11\x0e$\xd25\x0e\xb8\xc1\xa6\xab\
`\x9a\xf7$Y2}V\xd9\xd8\xe1\xdd\xd8\xe0\x1c\x1b\
\x1c\x7f=\x19\xd7\x13\xb8\xbcmC\x98\x09\xfb*\xc75\
\xcf\xb9V[\xff\xe8\xb0\xe5I[6[]\xeb\xef2\
\xa1\xd7\xb7\x8d\x96Tu\xb3F\x80hW\x8f}\x19\xeb\
\x8f\xb5\xbe\x89/\x96\x13\xcb9\x00DV\x19i\xa3\x84\
v\xe5\x83~P3\xccL\xdf\x22\xd0\xd1\xee\xb0\x9b\x96\
\x02\xc3\xb4t\xac\xb6\xab\x8ew\x1dT\xae\xd9\xfc}\xb3\
\xd8(\x0f\xeeG1\xe9\xda\x08[\x9e\xb4[\x07\xebX\
f\x12@\x96e\x8a\xc5\xa2 \xedF\xa4\xb8!\xe1$\
\x88\xab(b\x15\xb0z\xfb\xa6\x18\xfa1\xc1]\xd2\xde\
,L3\x95,\xcb\x94J%\xf2k\xfcKo\x16\x12\
\x85B\x11EQ*\x12\xfc.\xae\xc6]\xd2\xde$$\
\xc9\xcc\xef\xa5(\xc2\xf9\xe6\x83r\x8cm\x06\x12\x14\x8b\
\x05\x93\xb4\xce\xf5\x9f\xde\x85\x89\xbb\xa4\xbdIHf\xb9\
{\xa5\xda\xf1\xe6*\xab\xc3\x0d\xc2\x80\xa2\xe9\xcc\xe3\xb0\
\x0bI{\x8bG\xbc#q\x97\xb4\x9b\xc4\xd5\x16\x0b\x99\
\x9aP\x08]\x17\xce\xeaZI\xd4\xe2\xbd%\x18\x06\xa9\
d\x0a\x19\x91\x07a\xfdl\xff.\x04n\xb1\x97?\xbe\
\x90%\x09\x97\xdb\x8d\xa6\x95(\x16Ms\xd7m@6\
\x9bE\xd7ulV\x91U\xe6.\xae\xc6]\xd2\xde$\
$Y\xc6\xe7\xf5R(\x14\xc8\x99\xf1W\xb7\x83c\xeb\
\x0bq\xdc\xc5\xd5\xb8K\xda\x9b\x84,Ix\xbc^\xf2\
\xf9<\xf9|\xb98\xf4\xad\xb3\xf6.i?\x18wI\
{\x93\x90$\x09\xa7\xc3I\xb1P\x14I\x94\xafeF\
\xddh\xdb5 \x99\x15\x11u3B\xe0.6\xc6]\
\xd2n\x12\xe5IQ\xf5R\xb1\xd3\xe1 \x9b\xcd\x8a\xa8\
aC\xe4\x99]\xbf\x06q#(/Th\x9a\x86\xa2\
(\xa2t\xd4\xdd\xc9\xd8U\xb8K\xda\x1b\x84a\x18\x95\
\xe5L\xab\xd5J.\x9b\xdd ]\xfd\xcdA2s\x86\
\x95J%d36\xee.i\xaf\xc6]\xd2\xde$\xca\
\xee}\xf9|^\x04\x0f\xde\x0e;\xad\xf9P\x94\x1d\xac\
o4\xbc\xe8\xe3\x82\xbb\xa4\xdd$\xaa\x9dEdY\xae\
\x14\xe6+\x99\xf9\x0e0'gW9\xca\xdc\x00\xca&\
\xaeR\xa9\x84a\x18\xf8|\xbe[\xb7\xfd\xde\x81\xb8\xdb\
#7\x08\xc9\x0c\xf2s\xb9\x5ch\x9a\xc8;PV]\
oP\x85\xbd\x0a\xe2\xc1\x90(\x16\xc5\x83 $\xad|\
\xf3O\xc1\x1d\x8a\xbb\xa4\xbd\x11H\x12\x86D%\xdd|\
\xbeP@\xd34dYBV\x95\x8ds\x1el\x1ae\
\x11-,\x08\x85B\x91@ \x84lV;\xbfK\xdc\
U\xdc%\xedfQy\xed\x8bL-N\x97\x8b\x5c6\
[\x09\xe3\x11.\xb6\xb7BZ\x01I\x92\xc8\xe7\x0b\xe4\
\xf3\x05\x9c\x0e\xa7\x99cl\x95\xb0wW\xc9\xee\x92\xf6\
\x06!\x01\x06\x16\x8b\x8a\xdb\xed&\x9dIS,\x16E\
Uqc]\xd2\x8c\x9b\x15\x8c\x86X\xca\xcdf\xb38\
]\xce\xbb\x13\xb1\x0dp\x97\xb4\x9b\x85H\x8d\x05\xa6\xe5\
\xc0\xedv\x93Ig(\x94%\xedF\xaa\xc1\xea\x1b\x7f\
s\x0d00D]\xb2l\x0e\x97\xd3u\x97\xb4\x1b\xe0\
.io\x00\x92$a\xb5\xdap\xba\x5c8\x9d.\xd2\
\x99\x8c(\xbfTV\x0f$@\x96\x91\x14E4YA\
R\xd4\xd5\xbf\xab\x9b\xbc\xdaDhpYP\x0b\xf5 \
\x97\xcfa\xb5\xdb\xb09\x1dXl\x22\xf9\x9b\xd0\x0c\xd6\
\xb1\xfcc\x88-\x9fa\xe6#G\x99\x1f\xb2(E\xbf\
w\xef^\x8e\x1e=\x8a\xdb\xedfp`\x90HDT\
\x15\x97\x14\x19EU\xb1;\x1c\xb8\xdcn\x9cN\x17.\
\x97KT\x0cw\xbaq\xb9V\x9b\xd3\xe5\xc2j\xb3\xe1\
r\xb9\xb0;\x1c\x95\x950\x0c\x03Y\x96E\xbd\x5c\x97\
\x8b\xee\x9d;\x08\xd4\x04\xb1;\x1c\x14\x0b\x05r\x99\xec\
:\x1b\xc5\xc7\x93\xb8\xd2m\xb0\xd4\xdc\xd9(\xf3B\x92\
\xe8\xeb\xeb\xe3\xf9/~\x91}\xfb\xf7q\xfc\xfd\xe3|\
\xff\xbb\xdfgaa\x11\x03\x83\xee\x1d;\xf8\xfc\xb3\x9f\
g\xdf\xbe}X,V,\x16\x15\xabUd\xb8\x11\x93\
\xa7\xaan6D\xba\xa2\x92\x99\x8f6\x9b\xc9044\
\xc4\x7f\xff\xcb\xff&2\xe0\xe4\xb34\xb7\xb6\xf3\xd43\
O\xb1\xef\xd0A\xc2\x910\xaf\xbf\xf2\x1a\xc7\xdfy\x17\
EQ(\x954S\x1dYw\xdc\x8f\x09\xee\xaa\x07\x9b\
\x84$I\x1c<x\x90\xde\xde^TE!\x95L\x91\
\xced\xd04\x8d\x9e\x9e^\x9e{\xfey\xbe\xfc\xe5\x17\
hnn\xa1\xb9\xa5\x99`0\x84\x22\xcb\x94JE4\
\xad\x5c\xf6\xdel\xba\x86n\x18466\xd2\xdc\xd4D\
gW\x17\xcf<\xf3\x0c\xbf\xfe\x1b\xbfNgW\x17\xc8\
*\xba\xae\x91\xcd\xe6H\xa7R\xf4\xf5\xed\xa2{G7\
\xaa\xc5\x22\x8a\xa5|<\x05l\x05w\xd5\x83\x0f\x82$\
\xa4\xac\xd3\xe9\xe4\xcb_~\x81\xfa\xba:&\xc6'\x98\
\x9b\x9f\xe7\xd2\xe5~4C\xe3\xb3O<\xc1\xf3\xcf?\
O\xa9T\xe2\xbb\xdf\xfb\x1e\x8b\x8b\x8b\xf4_\xee\xe7\xad\
\xb7\xde\xe2\xbdw\xdf\xe3\xf4\xe9\xd3W\xb53g\xceP\
(\x14\x18\x1e\x1a\xe2\xd2\xa5K8\x9dN\x1e|\xe8!\
\x06\x87\x06\x99\x99\x99\xc1n\xb3\xd1\xde\xd1A6\x97\xa5\
oW\x1f\xe9T\x9a+#W\x88\xc7bb\x95\xcc\xe0\
c)e\xb9K\xdaM@\x02E\xb5\xd0\xd1\xd1\xc13\
\xcf<C\xb1\xa41ze\x14\x9b\xcd\xce\xe93g\xb0\
\xd9\xec<\xf3\xb9g\xe8\xee\xee\xe6\xdf\xfd\xfb\x7f\xc7_\
\xff\xf5_\x91\xcf\xe7\x99\x98\x98\xe0\xc4\xf1\xe3\x5c<w\
\x96\x91\xe1\x11F\x86\x87\xd7\xb4\xd1\xd1Q\x14Y\xe6\xdc\
\xb9s\xbc\xf2\xf2\xcb\x5c\xba|\x99/|\xe1\x0b\xcc\xcc\
\xce099\x85^\xd2\xe8\xe9\xed%XSC0\x14\
\xc2\xa2\xaa\xa4\xd3i\x86\x07\x07\xccU26 \xed\xc7\
c\x92vW=\xd8\x04\x1cN\x07O<\xf9$\x81P\
\x88L&K6'\x0a)\xcb\xb2\x8c\xdd\xe1\xc0\x00\xe6\
\x17\x16\xb8p\xf1\x22\x9a\xa6aQ-\x22\xe0\xd1\x00$\
\x19YUP\x94\xd5&\x22x5\x0c]d-\xd4u\
\x9d\xf9\xf99&\xa7\xa70$\xe1=\x96\xcf\xe7\x89D\
\x22\x04\x83!fff\x09\x84B\x1c{\xf8\x18\xc82\
\xba.|\x13dI\xae\x22\xf0z\xa2\xae\xff\xfb\xce\xc1\
]\xd2^\x03\xb2,\xd2**\xaaJCC\x03O>\
\xf9$n\x97\x9bt&C6\x9beii\x19M\xd7\
\x91dQ&\xa3\xa4k\x14\x8a\x22}\xe6Ut\xd1u\
\x0cc\xb5\xa1\xeb\x95\xfa\x04\x92!j\x15\x94J%\x8a\
Z\x09\x1d\xc1\xb7R\xb1H*\x99$\x9dJ\xb1\xb4\xb4\
\x84\xd5je\xcf\xbe}\xdc{\xf4\x08\x16\x9b\x03U\x11\
^f\x22\x9bye\xb6\xb8N\xd2^u%w\x04\xee\
\x92\xf6:P\x14\x95\x8e\xceN^x\xe1\x05:;;\
\x99\x9d\x9bcqq\x91B\xb1\xc8rX\x90\xf6Z\x10\
\xd4\x11\xc44\x0c\x03C\x17N\xe2\x86I\xe0\xea\x99\x7f\
\xa5:\x8c$LkH\x12\xc5R\x89D\x22A&\x9b\
e%\x1aeqy\x09\xaf\xdf\xc7\xaf\xff\xc6o\xd0\xd3\
\xb3\x13\xbb\xdd\x8en\x88\x14Qw&5\xaf\x8d\xbb\xa4\
\xbd\x06t]\xa7\xae\xbe\x8e\x87\x1f~\x98\xe7\xbf\xf8E\
\x96\xc3a\x86\x87\x87E\x19QC\xbf\xba\x9c\xe8z\xf5\
\xb2\xda$e\x5c\xdd\xca\xfc49j\xb6U\x9f\xdcb\
\xb1H\x22\x91$\x9f\xcf\x93\xcb\xe5\x98\x9a\x9a\x22\x1a\x8f\
\xf1\xc9\xc7\x1e\xe3\xe9g\x9e\xa1\xae\xbeN$\x09\xa9\xf2\
2\xfb\xb8\xe0.i\xa1\x22\x17E\x18\x8d\x8c\xc5j\xc3\
\xe3\xf3\xf1\xe0C\x0f\xf1\xcc3\x9f\xc3\xe1p\xf2\xb7\x7f\
\xfb\xb7\xac\xac\xac`\xb3\xdb\x90\x15\x85T:\x05\xba\x8e\
d\x18\xa6\xa4\x5cM\xf4\xb6\x9e\xc1\xc2\xa1F\xac\x9a\x95\
\xdb\xd5\x10\xc7(\x1fK\xd3J\xa4S)r\x99\x0c\x16\
E!\x19\x8b3<0\xc8\xc2\xfc<_\xff\xfb\x7f\x8f\
{\x8e\x1e\xc6\x1f\x0ab\xb5\xdb\xcd\xef~|\xe4\xed]\
\xd2\x22\x88\xaa\xaa\x16,\xaa\x15\xbb\xc3\xc1\x81C\x07\xf9\
\x9f\xff\xe0\x0f\xf8\x9d\x7f\xf2O\xe9\xde\xb1\x83\xf7\xde{\
\x8f+\xa3\xa3\xe8\x86\x81\xdb\xe3\xc1b\xb1\x90I\xa5E\
\xb5\xc7*\xd2V\xbf\xf2\xd7\x13w=V\x89\xbc\xaa>\
h\xa5\x92\x90\xc2\x12\x94JE\x92\x898Z\xb1\x88\xc7\
\xe1\xc4\xa6ZX\x98\x9e\xe5o\x7f\xfaS\xec.'\xff\
\xaf\x7f\xf4?\xf2\xfb\x7f\xf0\xcfy\xfc\xb3\x9fER-\
f\x8d0i\xddu\x5c\xff\x1a\xb6+>\xe6\xa4]\x9b\
\xd3\xd6\xe9r\xd1\xd9\xd5\xc5\x83\x0f\x1d\xe3\xd1O~\x92\
\xda\xda:&'\xa7\xb8\xdc\xdfof\x13/\xe0\xb0\xdb\
q\xb9\x5c,//\xa3k\x9a\xa9\xb7\x22\x08R^\xf9\
\xba\xd92\xdf\x86\xd0o\x85\xcc\x14\xc7\xf2y\xbd\x04\xfd\
~\x14$R\xf1$\xf1h\x8c\x8b\x97.R\xdf\xdc\xc4\
\xa7\x1e\x7f\x9c\xc7\x1e\x7f\x9c\x9d==x}^\xa4\xf2\
\xa4\xec\x0e\x8fv\xb8\xb3\xef\xae\x0a\xe59\xb5\x5c\xf5\xbb\
\x04\xc8\x8a\x8an\x18x\xfc>\x8e~\xe2~\xfe\xc1?\
\xfc\x87<\xf5\xd4S(\xb2\xc2\x85\x0b\x178\x7f\xee\x1c\
Z\xa9\x84\xd7\xebezz\x9a\xc9\xc9IR\xc9$\x85\
l\xd6\xcc\x8a-2d\x03\xab\x9e^7\xc9\xd9\xb5\x10\
I\x8d\xf3\xb9\x1c\x93\x13\x93\xcc\xcc\xccP*\x95\xf0z\
\xbc\x5c8w\x9e\xd3'NR(\xe4y\xe8\xd8C\xfc\
\xbf\xff\xc7\x7f\xc0g\x9e|\x82\x9a\xbaZ\x90%\xe18\
.\xcb\xb7%fm+\xe2cCZ\xd6\x11\xb6\x0cI\
\x96hjm\xe1\xf0\xd1#<\xfd\xec\xe7\xf8\xb5_\xff\
\xbb\xec\xec\xe9azz\x9a\xb3g\xcf2r\xe5\x0a\xcb\
\xcba\x22\xe10\xa3WF\x19\x1b\x1d%\xb2\x1c\xaeH\
U\x09VgR\x1b\x1c\xff\xe6UM\x03M\xd7X^\
^fdd\x84\xe1\xa1!\xa6\xa7\xa7\x88D\xc2\x8c\x8d\
\x8cr\xea\xf8\x09F\x86G\xf0\x07\x02\xbc\xf0+_\xe1\
\xf9/\x7f\x89\x07\x1e>F[G;N\xa7\x03E\x11\
%E\xd7<\xa1\x1b\xb5m\x88\x8f\x15i\xab!I\x12\
\xaa\xd5\x82\xd3\xe5\xe4\xf3\xcf>\xcb\xaf\xff\xe6op\xff\
\x03\x0f\x90\xc9f\x18\x1c\x1c`lt\x94L:M<\
\x16\xe3\xd5W^\xe1\xa5\x1f\xbcD$\x1cF\xd7tQ\
6\x1eS#0\x7f\xae\xaa\x90Ul\xb8aR\xac\x8a\
h\xc3\x10\x16\x8ch4\x8ajQY\x5cZ\xe2\xf5\xd7\
_\xe7\xdb\xdf\xfe6\xf3ssH\x06\xccL\xcfp\xfa\
\xf4i\x12\x89$=\xbd=\xfc\xe6o\xfd&\xcf=\xff\
<\xed\x1d\x1d\xa2\x10\x88\xb4\x8e\xa1w\x88\xe4\xbd\xa3\x97\
q\xab\x1d\xa8UEA\x96d4C\xbc\xc4\xed\x0e\x07\
\xbd\xbbv\xf1\xf5\xbf\xff\xf7\xf9\xea\xaf|\x95\xae\xaen\
\x96\xc2K\xbc\xfd\xd6\xdb\x9c:q\x92\xd7\x7f\xf2\x13N\
\x9f:\xcd\xe4\xc4\x04\xd1\x95\x15t\xdd \x18\x0cP\x13\
\xaa\xa1T*151\x09\x88\xd2\x9bG\x8e\x1e%\x10\
\x0a\xf1\x93\xd7~B:\x99\xa6\xa3\xa3\x1dM\xd3Y^\
^\x16\x19\xc2\xaf\x81\xee\xeen\x0a\x85\x02\x8b\x8b\x8b\xa8\
V\x0b\xcf|\xfe\xf3,.-rex\x84\xa5\xf9\x05\
$I\xa2\xa6\xa6\x16\x8f\xd7K:\x95&\x12\x89P\xd2\
JD\x22\x11\xa6\xa6\xa6\x98\x99\x99!\x1c\x09\x93\xced\
\xb0Z\xad\xf4\xf6\xf6\xd2\xd7\xd7GmM\x0d\x89D\x92\
\x85\x85E1\xb9\x03$E\xc1b\xb1b`\x08\xf5A\
\xaa*h\xb2\xcd\xa4\xef\x1dMZL\xe2\xf6\xf4\xf4\xf0\
[_\xff:\x1d]\x9d\xf4\xf5\xf6\xf2\xc9\xc7>\xc9W\
\x7f\xe5W\xf8\xf2\x0b_\xa1\xa7\xaf\x17\xb7\xdb\xc3\xd8\xc4\
8?{\xebg\xbc\xf6\xe3\x1fs\xe2\xfd\xe3\x8c\x8f\x8d\
\x11\x8b\xc6\xc8\x9ai\x8at]\xa7\xa1\xa1\x01\x8f\xc7C\
&\x95fn~\x1e0\xf0x}&i\x83\xbc\xf6\xe3\
\x1f\x93N\xa6\xe8h\xef@\xd3J,//\x99>\xb0\
\x1bc#\xd2.,.224\xc4\xd2\xfc\x02\xb2$\
\xe3\xf1\xf9\x08\x85jH$\xe2,/-\x02\x12\xe9t\
\x86T*\xc5J4\xca\xdc\xdc\x1c\x13\x13\xe3\x22\xc1\x87\
\x22\xe3v{hoo\xe7\xde{\xef\xe5\xbe\xfb\xef\xa7\
o\xd7.\xda;:9t\xe8\x10O?\xfd4\x93\x93\
\x13\xe4\xb2YQ\x14\xba\x9a\xb4\xd5X\xff\xf7\x16\xc3\x1d\
\xab\x1e\x94_\x8f\xa1\x9a\x1a\x0e\x1c:\xc8\x83\xc7\x1e\xc2\
b\xb5r\xcf\xe1\xc3\xec\xdb\xbf\x1f\x9b\xddN4\x16e\
rr\x8a\x91\x91\x11f\xa6\xa7Y\x98_`dx\x98\
\xc9\x89\x09\xd2\xa9\x94HQT*\x895~$\x9cv\
\x07\x92\x19\xc3%\xc6UB6\x0bF\xaf\x09\xf5.\xcf\
\xc7nqB\xa6\x1b:\x89D\x02\xd5,\xf7)\xa6z\
\x06\xe8\x1a\xc5\x5c\x96T<\xc1\xc2\xdc\x1c\x83\x03\x83,\
.,2;3\xcb\x95\xd1+\x8c\x8c\x8d\xb2\x12\x8f\x81\
,\xd1\xd7\xdbGOo/\xcd\xcd\xcd\xf4\xf5\xf5q\xff\
\xfd\x9f\xc0\xe7\xf7\x83$*\x8cWP\xad\xe2\xdc\xe2u\
\xff\xb2qg\x92V\x12\xcbM\x92,\xd1\xbd\xa3\x9b=\
{\xf7\xb2\x1c\x09\xd3?8@,\x19ghx\x98\xef\
\x7f\xff\xfb|\xeb[\xdf\xe2\xdc\xb9\xb3\x9c:u\x8a\x8b\
\x17.27=C*\x912+\xbb\x98\xa5\x9f\xaa\xa4\
\x8e\xc3aV\xb2\xc9d\xc4i\xcc\x81\x97eI\xb4\xdb\
\xac3\x1a\xbaA2\x99D\x92%\x93\xb4\xc2\xbe\xbbF\
7\xd5\x0d\xf2\x99,K\x0b\x8b\x0c\x0e\x0cr\xee\xfcy\
\xde;\xfe\x0b\xbe\xf7\x83\xef\xf3\xedo\x7f\x9b\xb3g\xcf\
\xb2\xb2\xb2B4\x1aexd\x84\x87\x1f~\x98\xfa\x86\
zS\x15X{\x7f\xdb\x05w&i\x0d\xd0\x8a\x22\x1f\
V\xdf\xee]\xb4\xb4\xb5\xf2\xca\xab\xaf\x92\xc9e\xf9\xf9\
;\xef\xf0\x83\x1f\xbe\xc4O\x7f\xf6\xb7\xf4\x0f\xf4\xa3(\
*\x97/]\xe2G?\xfc!?\xfb\xdb\xbf\xa5X\xc8\
c\xb5\xd9P-\xa2\xd0\xb1\xcdf\xc3f\xb3a\xb5Z\
\x09\x86BXmV\xf2\x85<\xb2,L]\xabc\xbe\
ja\xbd\x15\x22HR\xc5\x13\x01\xc30(\xe4\xf3X\
,\x16<n\x0f\x0e\x97\x1b\x8b\xc5\x8a\xac\xaaX\xec\x0e\
\xec\x0e\x076\xbb\x1dY\x969\xfe\xfe\xfb\xbc\xf8\xbd\xef\
\xd1\x7f\xf92\x85\x5c\x9e\xf1\xb1qN\x9d:\xc5w\xbe\
\xfb\x1dF\xaf\x8cP\xd2J\xbc\xf7\xde\xbb\xf4\xf6\xf5\xd2\
\xd4\xd4$\xf4[]\xbb\xa5k\xfd\xa8p\xe7\xe9\xb4\xe6\
dBRd\xda\xda\xdb9v\xec\x18\xfe@\x80\xb7\xde\
z\x8b'\x9e|\x12\x87\xc3\x8e\xd5f\xa5\xa1\xa1\x81\xa6\
\xa6&t]\x94\xd0\xf4y\xbd\xb4\xb5\xb5\xd1\xb3s'\
mm\xad\xf4\xec\xeca\xc7\x8en:::h\xefh\
\xa7\xbd\xbd\x9dg\x9ey\x06\xb7\xc7\xc3\xe4\xc4\x04\x8b\x8b\
\x0b\x18\x86\x81\xd7\xe7\xe3\xc8}G\xf1\xf9\x03\xbc\xf6\xe3\
\x1f\x93I\xa7\xe9l\xef@7\xcdU\xb9\x1b\x99\x88=\
\xfbyV\xe2qF\x86FX\x98\x9d\x05d<^\x0f\
\xcf?\xffE\xfa\xfa\xfa\xf0x<446\xd0\xb5C\
TT\xef\xe8Xm\xed\xed\xed\xd4\xd7\xd5\xe3r\xb9\xc0\
0\xb0Y\xac456\xe0\xf3z9|\xe40\xfb\xf7\
\xef#\x9dN\x13\x08\xf8)\x16\x8bD\xa3Q\xc2\xcb\xcb\
\xc8\x8a\xbaa\xcd\xb0\xad\x8c;\x93\xb4&\x0e\x1f9\x82\
\x8e\xc1\xe93\xa7Y\x89F9z\xf4\x08]\x9d]\x04\
\x82A\x5cN'\x81@\x00\xab\xc5B \x10\xa0\xbe\xbe\
\x9e\x86\x86zjkj\xa8\xad\xa9\xa5\xc6t\xbe\x0e\x85\
B\xe2\xf7@\x10\xbb\xc3\xce\xcc\xf44WF\xaf\xb0\x12\
]\x01\x03\x02\x81\x00G\xee\xbb\x1f\x7f \xc8k\xaf\xbd\
F*\x95\xa2\xa3\xbd}u\x22\xb6I\xd2*V\x0b\xcf\
<\xfb,\xcb\xcb\xcb\x0c\x0e\x0c\xb08;\x87$+x\
<\x1e:\xdb;D\x04\xb0\xcbIMM-\x0d\x0d\xf5\
\xd4\xd5\xd5QW_O}\xbd\xf8\xbd\xb6\xae\x8e\xc6\xc6\
F\x82\x81\x00n\x87\x13\xbf\xdfG}}\x1d]]]\
tt\xb4S(\x148u\xea$?\xff\xf9;\x04\x02\
\x01J\xc5\x22s\x0b\xf3\x94r\x85mg\x0a\x93\xb6\xbe\
\xda}\xe3\x90U\x85\x86\xc6F\x1ey\xf4\x11\x96\xc3a\
\xce\x9d;\x87\x22\xcb\x1c8p\x90\x86\xfaz\xd2\xe9\x14\
++Qd\xb3J9\xd5j\xa2ik\xadv;\xd4\
4\x0d\x09Q7,\x1cYfff\x86X,\x0a\xba\
A[{;\xff\xe0\x1f\xfdc\xda\xbb\xba\xf8'\xff\xd3\
\xef\xb0\xb4\xb0\xc0\xa3\x8f<L\xa1\x90\xa7\xbf\xff2+\
\x91\xc85{\xf8\xf1\xc7\x1f'\x99Lr\xfe\xfcyl\
.'\xff\xf9O\xff\x84\xf3\x97.\xf1\xa3\x17\x7f\xc0\xc5\
SgPT\x0b\x0e\x87\x83\xee\xae.\xfc\x81\x80\xe9\xe3\
+\xd4\x12\xa3*T\xcc0\xa3xeYF\xd3En\
[\x8f\xc7C&\x93FVD\x05\xf2T*\xcd\xc0\xc0\
\x00KKK<\xfe\xf8\xa7q\xbb=\x0c\x0c\x0cp\xe1\
\xec\xb9\xb5\xe6\xafm\x80;\x92\xb46\x87\x9dG\x1f{\
\x0c\xb7\xc7\xcd\xc0\xc0\x00\x03\x97/\x8bA6\xc4d\xca\
0t\x1cv\x07\xed\x1d\x1dH\x92\xc4\xe4\xc4\x04\x89d\
\x12\xb92\xa3\x96\xd0+\xe1\xdc:\x85\x5cV\xa8\xff\xb2\
Y\x1dVB\xcc\xe45\x9d\xb6\xb66\xfe\xc1?\xfe\xc7\
\xb4wv\xf3;\xbf\xf3?\xb1\xbc\xb8\xc8'\x1f~\x84\
B1\xcf\xe5\xcbe\xd2n\xdc\xc5\xd5\xa4\xb5\xbb\x9c\xfc\
\xa7o\xfc)g\xce\x9d\xe3\xe5\x1f\xfc\x90K\xe7\xce\xa3\
**ZI\xc30\xcc\x1ae\x92 \xa6\xc5b1\x8f\
)\x86\xcf0\x0c\x14EE\xd3J\xd8\xedv\x9a\x9b\x9b\
\xe9\xec\xec\xe4\xfd\x13\xef\x13\x8b\xc7\xcc\x1ag\xabC\xdd\
\xdb\xdb\xcb\xe1\xc3\x871\x0c\x83\xef|\xfb;\x94\xd6U\
h\xdf\xea\xb8#'bV\xab\x95C\xf7\x1cbiy\
\x99\xd9\xd9Y\x933\x06\x8a\xaa\x90\xcdd\xd0J\x1a-\
--<\xf3\xf4\xd3|\xe6\xf1\xc7iii!\xe0\xf7\
S[[K(\x14\x22\x18\x0aQ[[KKK+\
mmm\xb8\xbd>\x14\x8b*L_\xb20q)f\
b8YV*RN\x96D\x88M\xc5\xe9\xbb\xec@\
\xb3IH\xa6\x1f\xaf\x88\xb8]\xb5^\xa8\xaa\x15U\xb5\
\xa0ZT\x5c.\x17mmm444Pc\xaa/\
\xc1`\x10\x9f\xcf\x8b\xd3\xe1\xa4\xa5\xb9\x85\x07\x1ex\x80\
\xa7\x9e~\x8aP XYTQ\x94\xd5\xa1\x1e\x1d\x1d\
%\x1eOPWWO]}]e\x11\xa6z1f\
+\xe3\x8e#\xad\x04\xa8\x8a\xca\x8e\x1d;x\xf8\x91\x87\
\xd9\xbbo/N\xb7\x0b\xca\x91\x03\x86Aww7\xfb\
\xf7\xef'\x12\x89\xf0\xde{\xef!I\x12\xf5\xf5\xf5\x04\
\x83AB\xc1\x10u\xb5u\xf8\xfd\x01\x1e|\xf0\x01\xfe\
\xce\xaf\xfc\x1d\x8e\x1c9\x22H*\x09Bj\xc5\x22\xa5\
R\xa92\xc8\xban\xa0\x1b\xba\x98\xf9\xeb\xa2Zwy\
\x19\xf6ZP\x94r\xa5qAjAPQ=]D\
\xdb\x1a\x22\x09\x88$\xa3i:\xa5\x92\x86\xcdj\xa3\xa7\
\xa7\x87\xdf\xff\xbd\xdf\xe7\x81\x07\x1e\xa0\xbeA\x5cs0\
\x18$\x14\x0a\xd1\xd8\xd4\x88\xa2*\x8c\x8fO0\xd0\xdf\
\xcfSO?E[K+`\xa0\x95\x84\x1a\xe4\xf7\xf9\
\xd9\xbf\xff\x00\x87\x0f\x1ff\xe7\xce\x1d\x04\xfc\xa6\xda\xb1\
\x8d\xb0\xbd\xae\xf6Z0-\x06eh\x9a\xc6\xec\xec,\
\x87\x8f\x1c\xe6\xf9\xe7\xbf\xc8\xa7\x1e{\x8c\x9d\xbd\xbd4\
\xb7\xb4\xe0\xf5z\xf1\xf9\xfd\xe4\xf3y^}\xf5U.\
\x5c\xbc\xc0\xd8\xd8\x18\x93\x93\x93LLL019\xc1\
\xf8\xc48\x93\x93\x13\x84\xc3\x11dE\xa1\xb1\xb1\x09\xc5\
\x0c@4\xca\xe5D%L\x03\xfdjAyI\x92\x90\
\x90Pd\xa5\x92)\x1c\x04\x19\xa5u\xad\xb2\x7f\xe5o\
\xf1S\x96\x854/\x7f\xae\x9b\xd5\xd4%I\xd8j=\
\x1e\x0f\x8a\xaa0??\xcf\xf8\xf88\xd3\xd33LM\
M355\xc5\xec\xec,SSS\x5c\xb8p\x9e7\
\xdf\xfc)\xe9T\x1a\x8f\xc7\x83\xcf\xeb#\x14\x0c\xb2{\
\xd7.\x0e\x1f>\xcc\xd7\xbf\xfe[\xdcw\xdfQ\xf2\xf9\
<%\xadT\xe9\xbb\xed\xa2\x22\xdc\x19\xa45Q\xe6\xae\
\x84\x08L\xf4x}\x14\x8b\x05\x16\x17\x16)\x14\x0a8\
].v\xf6\xf5\xb2g\xdf^\xea\x9b\x1a\xc8\x97\x8a8\
\x9cN\xdc\x1e\xf7js\xbbq\xbb\x5c\xb8\xcc\xb4F6\
\xbb\x0d]\xd7\xc4k\xbe,9\xab\x1e\x10\xf1:\x17\xb1\
_\x9aV\x02\x0cr\xf9\x1c55!\x0e\x1f\xbe\x97\xa3\
G\x8fn\xd8\xee\xbd\xf7^\x02\x81\x00\xba\xae\x8b\x94H\
\x928\x85a\x86\xe2He;\xb0$WIt\x9db\
I\xecks\xd8q\x99\xd7\xec\xf2\xb8p{<x|\
>\xbc>\x1f6\xbb\x9dl>\x87\xdb\xedf\xef\xde\xbd\
\xec\xd8\xb1\x03\x87\xc3A6\x97ciy\x09]\xd7q\
\xb9\x5c8\x1c\x0e3\x8by\xd5\x0dm\x03\xdc9\xa45\
\x85\x84d:\xc7\xb4\xb6\xb6\x12\x8dF9}\xfa\x0c'\
O\x9ednn\x8ex2\x81\xdd\xe9@\xb5Z(\x19\
:n\x8f\x1b\xaf\xcf\x8b\xc7\xbb\xda\xbc^/>s\xf0\
\x8b\xc5\x02\xd3\xd3\xd3\x8c\x8d\x8fS*i(\x16\x0b.\
\xaf\x17\x7f0\x88\xc7\xeb\xc5\xe5r\xe2t8PU\x15\
\xc3\xd0\xd1u\x0d\xdd\xd0Y\x98\x9f'\x93\xc9\x10\x0c\x86\
hjj\xba\xaa566R__O2\x99$\x1a\
\x8dVj,\x18\x88\x90r\x9b\xdd\x86\xd3\xed\xc2\x1f\xf0\
\x13\xaa\x09\xe1v\xb9Q\x14\x95|>\xcf\xe2\xe2\x22\xc3\
##\x18\x80\xc7\xe7\xc3\xe5q\xe3\xf1zq{=x\
\xbc\x1e<~\x1fn\xaf\x07\x9b\xcdF6\x97\xc5j\xb5\
b\xb3\xd9\xc8\xe5r\xccLOs\xe9\xd2%\xdez\xeb\
-\xc2\xe10\xb5\xb5\xb5\x88w\xc3\xf6\x82\xf9|\xdf\x01\
\x90\x84u@F\xa2\xae\xa9\x81\xbf\xfc\xeb\xbf\xe2\xd4\xd9\
3|\xe7\xaf\xfe\x9a\x93\xbfx\xbfb\xd6\x91\xad\x16B\
\xc1\x10v\xbb\x8dp8,\x06\xccX\x1d6I\x02Y\
V\xcd\x19\xb9\x82\xa6\xeb\xa4\x12\x09dE\x11\xa4kn\
\xc2\xe9r\x92\xcdf\xc9gs\xb4\xb6\xb6\xf0\x85\xe7\xbf\
\x88\xdd\xe9\xe4\x9f\xfe\xce?\x11\x8b\x02\x06\xd8\xec6\xac\
6K\x85\x12\xd5\xc40\x0c\x83b\xb1H\xa1P\xa8\xe8\
\xbd\x81\x9a\x1a\xfe\xef?\xf9\x7fXX^\xe2\xad\x9f\xfe\
\x94\x91\x81AB\xc1\x10\x16\x8b\x8d\x95\xc8\x0aSSS\
,/-\x80$\x11\x0c\x05)i\x1a\xc5BA\x84\xb1\
\x9b\xb5\x1fTU\xad\xe8\xa7\xaa,S\x13\x0c\x91N\xa7\
H$\x12\x15wJI\x96\xe9\xe8\xec\xe0w~\xe7w\
\xe8\xeb\xeb\xe3\x9f\xfe\xd3\x7f\xca\xe0\xc0\x00\xc5B\xb1\xea\
\x0a\xb76\xee\x98\xc5\x05EQ\xd0MsWOo\x0f\
\x9f\x7f\xf6Y^y\xf9eN\x1e?A&\x9d\xae<\
\x9a\x86n\x90\xcbdI&\x92\x14\x0b\x05\x8a\xc5\xe2\xba\
V\xa2P(P(\x88l\xdc\x85B\x01\x0c\x03C\xd7\
\xf8\xea\xdf\xf9U~\xf5k_\xe3\xc8\x91#8\x1cN\
\x0e\xdds\xc8\xf4\xa4\xea#\x16\x8b\xf3\xdak?&\x93\
\xce\x80a\xa0iZ\xe58\x1b5\xcd\xd4U\xcbp8\
\x9d<\xf9\xd4Stuw\xd3T_OC}=\xed\
\xed\x1d<\xf2\xc8\xa3|\xf6\xc9'\xc8\xe5\xb2\x5c\xbcp\
^\xa8\x1f\xb9\x1c\x85|\x8ebI8\xf4hZ\x09C\
\xd7\xd15\xb1\xbaW,\x8a\x82|\xc9d\x82L:]\
\x91\xe4f\x0f\x90L&ioo\xa7\xa5\xa5\x85\xa5\xa5\
%F\xae\x5c\xa9\x94\x81Z\xe3D\xb3E\xb1\xf5\xafp\
\x13\xa8t\xb6\x04\x81P\x90{\x8f\x1c&\x97\xcf17\
3K<\x167S\xc0\x9b0\x0ctMC/\x95*\
\x093\xaej\xe5d\x1a\xba\x99XC\x02\x90p8\x9d\
\xc8\xb2\xcc\xe4\xe4$\xdf\xfb\xfe\xf7\xf9\xcb\xff\xf6\x97\xfc\
\xb7\xbf\xfa\xef\x5c\xbcx\x11M+Q*\x0a\x9d\xb6|\
\x1e\xca\x09:L\xd7\xc6\xea\xb6~\xd2#&a\x0a\xe7\
\xce\x9e\xe3\xa5\x97^\xe2\xbb\xdf\xfe\x0e\xaf\xbc\xf2\x0a\xa3\
\xe3c\xd8\x9dN3\x06L\xdc\xa3H\xfaQ\x15\x93f\
\xfe4\xca\x13E]\x03CG+\x95\xd6\x9eK\x12&\
\xba\xf2D5\x16\x8bq\xf4\xe8QT\xd5\x22&\x7f\x12\
\x15\x0b\xcbV\xc6\x1dAZ\xc3$\x22f\x19\xa3\x9e\x9e\
\x1eF\xaf\x5caqi\x91B\xe1\x03\x0a\xd3\x95M\xa9\
\xd5m#\x98\xb6X\x80D2\xc9\xf0\xe0 \x03\x97/\
s\xe9\xd2%\x16\x97\x16\xcd]\xca\xca\xc0\xb5\x0er\x1d\
\x98\x93\xb0\xe9\xe9i\xfa\xfb\xfb\xb9\xdc\x7f\x99\x91\x91a\
r\xb9,F%\xfc\xfc:\xc75\xcc\x07\xa5\xf2\xfb\xfa\
\x1d\xc46\xdd\x10\x0f\xe4\xf4\xf44\x13\x13\x93444\
\xe0v\xbbP\x15\xf5\x83\xcf\xb1Ep\xe7\x90V\xd7A\
\x92p\xb9]\x04\x02\x01\xce\x9d?\xcf\xca\xca\x0a\x5c+\
\xb5\xfc\x8d\xc2\x1cLU\xb5\x88\x15)S\x22\x09\x9d\xd4\
@\x96%a\xc0\x97>\x88\xfd\xd7\x81!j\x88\xe9e\
I\xa9\x95p:\x9d\xc8\xb20}\xa1\xebk\xdf\x08\xeb\
\x9by\x8c\xebB\x17;\xcc\xcd\xcd166\x0a\x08\xff\
\x09\x8bU\xb8>n\x07\xdc\x11\xa4U\x14\x05I\x92\xb0\
\xdb\xed8].4Mgdx\x98d2e\xeeq\
\x8b\xf3c\x030tQ\xe8N\xd7\x84\xddU\x11\xa6\xa8\
U{\xac!\xd2\x1d}\x10i\xae\x05I\xdc\x87\xc3n\
\xc7f\xb5\xa1(*\x8a\xa2\x22\xcbJU\x92\xb9\xdb\x87\
d2\xc9\xe2\xe2\x22\xd9l\x96\xda\xda\xdaJ\x01\xe9\xb2\
ym+\xe3\xf6\xf7\xc6G\x00\xc34\xbe{<\x1e|\
>\x1f\xb9|\x8e\x85\xc5E\x8a\x85\x02H2\xd2\xad\x0e\
\x86\xa9\xd3\x16\x8bE\x5c.\x17\x9d\x9d\x9d\xf4\xf4\xed\xa2\
\xb9\xad\x8d\x9e\x9e\x1e\xea\xea\xea\x91\xcd\x15\xae\xca\xee7\
\x89\xe6\xa6f\xda\xda\xdaill\xa4\xbd\xad\x9d\x9d;\
D\xde.\xc3\x103\xff\x1b9\xba\xb4\xc1\xdee\xbd\xb8\
P,\x92L\xa5(\x96J455\x99f;\xb1\xd4\
\xbd\xd5q\xc7\x90\x16I\xd4Dp8\x1c\xe4\xf292\
\x99\x8ci\x0e\xe2\xd6\xd5\x03C\xfc'\x12v\x14\x09\x05\
\x83|\xe6\xb3\x9f\xe1\xf9\xe7\xbf\xc8\x13O<AWW\
'\xc0\xad\xd9<\xcd\x94\xf6\x9d\x1d\x9d|\xf2\xd1Gy\
\xfe\xb9\xe7\xf9\xdc3\x9f'\x18\x0c\xa1\xeb\xc2D&\xfc\
^o\xfc^\xd6\x9b\xdb0\x17*r\xb9\x1c\xc9d\x12\
\x9f\xdf\x8f\xddn\x17\x9f\xebB\x00le\xdc\x11\xa4\x15\
\x9dlT\x22\x0c\xe2\xf18\xe9t\xda\xf4n\xba\xa9q\
\xde\x10\xba\xae\xb3\xb8\xb8\xc8\xa5\xcb\x97\xe9\xef\xefgp\
p\x90\xa1\xa1A\x96\x97\xc3\xe2\x1c\xb78\xd6\xb2$\xb3\
\xb8\xb4\xc8\xe8\xe8(CCC\x5c\xbat\x91\x13'N\
\x10\x8b\xc6Vw\xbaIu\xb9\x02\xc3\x00\xd3/\x22\x9b\
\xcb\xb2\xb2\xb2\x82\xc3\xe1\xa8\x84\xf3\x94\xed\xc6[\x19w\
\x04ieY\xc60DQ:I\x96\x09\x87#\xa4\xd3\
i\xd3\x16*$\xed-\xcd\x8aM\xf5\xc0\xd0EX\xf8\
\xb9s\xe7x\xf3'?\xe1'\xaf\xbc\xc2\xeb\xaf\xbf\xce\
\xf8\xf8xe\xd7\x9b>\x8b\x04\x8a\xaap\xe5\xca(?\
\xff\xf9\xcfy\xed\xb5\xd7x\xf5\xd5Wy\xff\xfd_\x10\
\x8b\xc5n\xf5y\xb8\x1a\x86N6\x9b#\xb2\x12\xa9\x04\
gbJ\xe2[\xea\xab\x0f\x01\xdb\x9e\xb4e\x87\x13\xa1\
\xd7\xca\x18\xbaN,\x16#g\x86~\x83\x90,\x9bG\
y\xe7\xb2H[\xb5\x83\x96\xb4\x12\x12`Q\xd5\xd5W\
\xa8\xe9@.W]\xc7fOW!\xa2a \x19\x88\
\x04\xcb\xe6d\xae<\xc9s8\x1c\x22$\xa8\xfc\xd6\xb8\
\x09lx=\x06\x14\x0a\x05\x12\xf18\x85B\xc1L\xf1\
\xb4\xe1\x9e[\x0e\xdb\x9e\xb4e\xc8\xf2\xeal\xde\xe3q\
cQLb\xdd\x94\xd4\xd8\xe0;\x92\x90N\x22\x9c[\
\xc5(\x89\xa0@]\xd7\xcd\x017\xbfv\x1d\x91X~\
\xc0\xca\xd7\xa5\xc8\x0aJU\xfd\x84\xf2CV^\x90\x90\
%\x09\xa7\xd3QI\xc6,\xcb\xc2\xa2\x00\x22\xcf\xd7\x86\
\xad\x0aWm\x92\x00E\x06Ex\x9e\x19\xe6\xca\x9d\x22\
+\xe2\xb27\xb8\xed\xad\x88mO\xda\xb2\xad\xd40\x0c\
\x14\xb3\x00]e:dN\xd0\x90\xa0\x92\xbdx\xd3\xb8\
\x9a\x0d\xa5b\x110\xb0\xaaf\x9e,Ml/O\xc0\
\x0c\x84w\xd6\xda\xf3\xad\xba&V\x8elJcM\xd3\
VuHC\xfcW}\x85\xba\xa1cQT\x8aE\xb1\
\xf4\xabW\xec\xc27\x09C\xa4\xd2\x17\xfd\x22Ll\x16\
\x8b\xd5\x8c,^=\xf3\xdd\x89\xd8\x87\x00\xa3\x12) \
:\xbc\x12\x92bB*G\x15\xdc\x22\xf2y\xb1\xbaf\
\xb5\xd9\x041\xa5U\xe2\x89\x1c\xb7\x0a\x92,\x0b\x1bn\
\x99\xb4eB\x98\xfb\x0b\x0e\x9b\x92N2}u\xcc\xfd\
\xacV\x91\xb6\xa8\x1c\x1d+\x99\xb6\xe7R\xa9$\x9c\xce\
\xd7]\xcfM\xc3\x94\xa8\x8a\x22c\xb5Z\xd7\xbc\x01\xb6\
:a\xb9\x93HK\x95\xe4*\xbb\xe3\x89\x08\x80\xaa}\
nJUXE\xa1P\x00\x09l&i%3|'\
\x9dNc\xb7\xdb\xe8\xee\xee\x16$0}!$Se\
A\x122\xb4\x22\xb3\xcb!;\x16\x15YUp8\x9d\
4\xb74\x13\x08\x04\xc8\xa43\xa4\xcdd \xb2\xac\xe0\
p:\xd05\x1d\xad\xa4\xad\xf1\xad\xbd)H\x98)@\
\xcd?%s\x15\xaf\xfc\xf1\xad\x1c\xfbC\xc4\x1dA\xda\
rg\x97J%\x8a\xa5\x226\x9b\x0d\x87Ys\x16\xd3\
rp;b\xfb\xf3\xe6\x84E5\xb3n\xab\xaaJ<\
\x16gvv\x06\x8b\xc5\xca\xf3_\xfc\x22\xcd\xcd-\x04\
\x02\x01\x02\x81\x00\xa1\x9a\x10\xa1\xda\x1a\x82\xb55\x84\xea\
j\x08\xd5\xd5\x12\xaa\xab%P\x13\xc2\x17\x0a\x10\xac\x0d\
\x11\xa8\x09\xd1\xb9\xb3\x9b\xcf>\xf9$.\xb7\x9b\xa9\xa9\
)\x96\x16\x85/\x83\x84( ]\xd2\x84\xa4\x15\xb8\x15\
b\x95\x97\x9aW\x17)\x0c@[\xe7$\xb3\xd5\xad\x07\
\xd2\xea\xcbb\xfbB\xf8\xbdjttwq\xf4\x13\xf7\
\xb3\xa3{\x07/\xbd\xf8\x22\xa3#W\xae\x9b\x00n\xd3\
0\xbd\xa3\x8e\x1c=\xca\x93O=A\xb1T\xe2_\xff\
\xab\xff\x1d\xd5j\xc10\x0c\x9a\x9b[\xf8\xfc\xe7?\xcf\
o\xff\xf6o\xd3\xdf\xdf\xcf\xf0\xf0\x10\x8a\xaaR[_\
\x87\xd3\xe9\xc40-\x0e\x8a\xaab`P(\x14H\xa5\
\xd2\xcc\xccL\xa3\xeb\x06;vts`\xff\x01\xfe\xf8\
?\xfc1/\xbd\xf8\x12\xf333H\x06\xb8=\x1e\xfe\
\xc9\xef\xfd\x1ev\x87\x83\xd7_{\x8d\x9f\xbe\xfe\x06\x92\
$&O7<le\xae\x1b\x80\x22!\xab*\x9d\x9d\
\x9d|\xfaS\x9fF+\x16y\xe3'\xaf355u\
\xd7\xe4\xf5\xe1B8B\xe7\xf3y$Y\x94\x05\x15\x12\
\xf16\xc0\xf4\x8e*\xd7\x09+\x1f\xd70@\xd7\x84\x89\
-\x1c^F\xd34\xa2\xd1\x15\x86\x86\x86x\xfd\x8d\xd7\
\xf9\xde\xf7\xbe\xc7\xcf\xde~\x8b\xe1\x91a\xae\x8c\x8f1\
|e\x84\x0b\x97.\xf2\xb3\xb7\xdf\xe2;\xdf\xfb\x0e?\
y\xe3\x0d\x86\xae\x0c\x93\xc9\xe5\x90d\x99\xd9\xd9Y2\
\xe9\xb49O\x12\xff\xec6;\xb2$\xec\xd0\xe5s\xde\
24\x11\x1eo\xb3\xdbq8\xec\xe4r9\xf3AX\
\xb5ple\xdc1\xa4\x95$\xa1s\xe6r9dY\
\xa4\xbc\xb4X,B\xc2\x94';\xb7\x02\xc3\xa0T,\
\x22I26\x9b\x0dI\x96*V\x8bB!\xcf\xf0\xf0\
0\xff\xf5\xbf~\x93\xd7_\x7f\x9dh4\x8aV\xd2\x88\
\xc7\xe2\xccLM3p\xb9\x9fs\xa7\xcfr\xfe\xccY\
\x06/\xf537=K:\x9e\xc4\x22\xc9\xc4\xc3+\xbc\
\xf3\xb3\xb7\xf8\xe67\xfe\x9c\xc9\x89\x89\xcad\x0f\xc45\
\xdbl6\x0a\xc5BUd\xc1\xed`-X,\x16\x9c\
N'V\xab\x95L&\xb3&\xbax\xab\xe3\x8e!-\
H\x14\x0aE\xb2\xd9\x9c\xc8\xeb\xeaq\x9b\xa45k\x0f\
\xdc\xeaxH\x12\xb9\x5c\x8eb\xb1(r\x1d(\x8aX\
\x080u\xe9\x91\x91\x11\xbe\xf1\x8dop\xea\xd4)\xf2\
\xf9\x02\x0e\xbb\x03\xc90\x88,\x87\x19\x1d\x1eatx\
\x98+C\xc3L\x8e\x8e\x13[\x8e\xa0\x22\xe3u\xba)\
f\xf3\x9c>~\x92?\xfd/\xff\x0f\x93\x13\x93kI\
\x0bX\xad\x16R\xa9\x14\x99J\xa6\xc6[\x1c2\xf3!\
\xb6\xd9\xac8\x1c\x0e$I&\x93\x16\xa4\xc5\x94\xb4[\
\x1d\xb7\xd8\x03[\x0b\xc5b\x81B.\x87\x048\x1dN\
,\x16\xcb-\x0b\xd82\x14I&\x1e\x8f\x13\x8bF)\
\x14\x0aX,B\x9f\x05\x03M\xd3I\xa7\xd3\xacDV\
\xb0X\xac\xcc\xcd\xcer\xe6\xf4i\xde}\xf7]N\x9e\
8\xc1\xf4\xd44\x85|\x81l&\xc3\xe4\xc4\x04\xc7\xdf\
\x7f\x9fw~\xfesN\x9e8\xc1\xf2\xd2\x12\x86\xae\x13\
^^&\x16\x8d\xa2\x15\x85D\x15\xa60\xa1\xaf\xc7b\
1\x92\xa9$\x92i\xa6\xba\xa5[2\xdd*m6;\
6\x9bM\xd4+\xcb\x88\x90\x9c\xad\xae\xcb\x96\xb1\xfdI\
k\x0e\xae\xa1\xebd3Y\x92\x89\x04\xb9l\x16\x8f\xc7\
\x83\xaa\x9a\xb6\xda[\x18\x8c\xb2v\x01\x90J\x0a\x89'\
\x99E\x97%I$\xd50\xb4\x12zIC\x92\xc0\xed\
t\xb2\xa3\xbb\x9b\xc3\xf7\xde\xcbC\x0f<\xc8g?\xf3\
Y\xfe\xf0\x0f\xff5\xdf\xf8\xc67\xf8/\xff\xf9\xbf\xf0\
\xbb\xbf\xfb\xbb<\xf0\xc0\x03<\xf4\xd0C\xdcw\xdf}\
tvv\x0a\x0f+]\xc7\xd0V\x0d\xff\xc8\x82\x5c\xb2\
\xa2\xb0\xbc\xbcL<\x16\xc30\x0ct\xed\xd6\xad \x86\
\xa6\x9b9\x14\xdc\xc8\x8aB8\x1c\xaeH\xf8\xed@\xdc\
\xedOZC\x98l\x90\xc5\xd2h.\x93%\x9dL\xe1\
v\xb9p8\xec\xa2\xbe\xc0\x8d:\x0dV3\xd5\x84\xa6\
i\x14\xf2yr\xf9<\xa5\x92\x86\xd5j\x13R\xab\xca\
\x1e+!a\xb3\x89|\xb1\xd9l\x96X,Nxy\
\x99\x17\xbf\xff\x22\xff\xee\xff\xfa\xbf\xf8\xa3?\xfa#^\
{\xed'\xc4\xe3q\x22\x91\x15\xb2\xd9\xac\x98\x10\xd9l\
\xe2\xb4\xb2\x84\xa4\xa8 Ih\xba\x86\xa6\xebh\xba\x90\
\xe2\xb9l\x0e\xdd\xd0\x84\x13\xd0\xdaK\xbbA\x88\x87\xc2\
f\xb3a\xb5X\xc9e\xb3\xa4R\xa9J\xa0\xe5]\xeb\
\xc1\x87\x05]\xcc\x86A\xa4\x96/\xbb\xdby\xbd^\xec\
vs!\xe06\xe8\xb5\xba\xaeS\xc8\x8b\x84\xca--\
-\xd4\xd4\x84\xa8\xa9\xad\x15\xa96kk\x09\x06\x83\xf8\
\xfd>\x12\x89\x0433\xb3LMMr\xe5\xca\x15~\
\xf6\xd6[\xfc\xe8G?\xe2\xe5\x97_\xe6\xbd\xf7\xdee\
||\x9c\xa9\xa9)&&&Hg2\xf8|~j\
\xea\xeaDn\xad\xba:jjj\x08\xd5\x88\xbcb\x86\
a\x90N\xa5\xc9\xe5\xf3H\x88\x95\xbd[\xba\x0d\x03\x14\
\x8b\x05\xbf\xdf\x8f\xd7\xe7#\x93\xcdV<\xe2\xb8+i\
?\x1a\xe4\xf3y\xc2\xe10V\xab\x8d@ \x88\xd3\xe9\
\xbc%\xf5\xa0\x0cY\x920\x10\xce\xd8N\xa7\x93\x83\x07\
\x0f\xd2\xdc\xdcLSS3\xcd\xcd-457\xd3\xd8\
\xd8Hss\x0b\xd9l\x96\xa5\xa5E\xc2\xcb\xcb,.\
.\x12\x0dG\x88\xae\xac\x10]Ya%\x1cayq\
\x89\x95\x95\x15\x16\x16\x16\x90\x80\x96\x96\x16:::h\
km\xa5\xa5\xa5\x85\x96\x96\x16\xba:;\xd9\xb3w\xaf\
H\xb4\x91\xcfQ*\x16\xcd\xac\x8e\xb7DY0\xc3\xd5\
C\xa1\x10\x1e\xb7\x9bT2Y\xe5\x11\xb7=p\xc7\x90\
\xd60\x9dP\xcaY\xae%\x09\xfc~\x9fIZn9\
z\xc1(\xd7\xaf\xd5u\xbc^/\x87\x0e\x1d\xc4\xedv\
\xe3p\xd8q8\x1c8\xecv\x1cN'\xad\xad-f\
:Q\xe1\x12)\xcbJE7\x95\xcc\xdf%E\xd4i\
PU\x95\xda\xdaZ\xda\xdb\xdb\xf0z\xbd8].\x5c\
.'\x0e\x87\x83\xba\xfa:\xee\xbd\xe7\x1e|^/\x12\
\x08\xcf/\xa0\xa4\x15o\xed^\x0c\xf0y\xbdx<\x1e\
4M#\x1c\x0eWLw\xdb\x05w\x0eiM\xf7\xbd\
\x5c.\xc7\xdc\xdc\x1c\xc9d\x12\xbf?\x80?\x10\x00E\
\xf8\xd9\xde\xccX\x97\xbf\x22+\x0a\x8a\xa2P,\x14\x08\
\x87#LLLp\xe9\xd2%\xce\x9d;\xc7\xd9\xb3g\
9w\xee\x1c\x17/\x5c\xe0\xdc\xb9\xf3d\xb3Y1\x09\
4\x8b\x88\x18\x15O4q\x8d\x86\xae\xa3\x15K\x18\xba\
A$\x1c\xe1\xc2\xf9\x0b\xbc\xf5\xb3\xb7x\xff\x17\xbf\xe0\
\xc4\x89\x93\x9c<y\x92\xf3\xe7/0==M\xa9\x9c\
\x90C/\xe7_\xb8EH\x22s\xa2\xd7\xe3\xa5T,\
\xb20\xbfPQ\x0d\xb6\x0b\xee\x0c\xd2\x96\x07\xd3L7\
\x94J\x89T@\x1e\x8f\x1b\x9f\xcfgV\xe8\xbey\x18\
U\x92<\x97\xcb\x89\xda\xb8\x1bd\x8d)\x14\x0ad\xb3\
\x22O\x81$I\x95\x08\xde\x8azR\xfd\xd0\x98\x8e\xe3\
\xc5B\x81L:\x8dfzriZI8\xfe\x98-\
\x1e\x8f\x9b\xb9\x1bn\xe2\x89\xdb\x08\x06\x84\x82B5\xc8\
esB\xd2\x9a\x16\x89\xed\x22m\xef\x0c\xd2V\xc1\xd0\
u\xf2\xf9<K\xcb\xcb\xa8\xaaJ \x10\xc0\xeb\xf5\xac\
\xdf\xed\xe6`\x18d2\x19\x12\x89\x84)9M2W\
5M+Q,\x96D89\xa6\xb3\xf6\x06\x90\x10\xcb\
\xa5\xban\x12\xdb|\xf0*\xc72\xfdi\xcb3{\xf1\
\xd9\xdac\xdc8$,6+\xc1`\x00\x8bE%\x91\
L\x10\x8b\xc5D\xd6\xc7[?\xf8\x87\x86;\x8e\xb4\x98\
+T\x0b\xf3\xf3\xe4\x0b\x05|f\xc5\xc3k\x91\xe7F\
`\xac#\xed\xfa\x83\x1a\x06\xe8\xba\x81\xddn\xc3\xedv\
\x8b,\x86^\x8fH\xc3\xe9Y\xfd\xdd\xed\xf1\xe0r\xbb\
\x09\x04\x02fx\xb8\xd0\x7f\x85\x1a\xb1\xea\x95\xa6i:\
\xc9D\xc2\x94\xd6\x98\xe7\xdb\xc0\x1e\xb7IH\xb2L \
\x10\xc0\xe5vS,\x96\x88\xc5\xe2\xe4\xcc7\xc3v\xc2\
\x9dA\xdau}\xae\xeb:\xcb\xe10\xc9D\x02\x97\xcb\
Imm\xcd\xda\x1dn\x02\xba!2\xd5\xe4r9\xd2\
\xe9Te\xb6]\x96\x98\x92$\x8a\xdf\xa9\xaaBkK\
+\x9d\x1d\x9d455\xd1\xd2\xdcL{[\x1b\xedm\
m\xb4\xb5\xb5\xd1\xde\xd6N{[\x1b-\xcd\xcdtw\
wSSS#\xbek\xdaz+\xf5\xc9\xcc\x05\x93\xe5\
p\xd8\xccxX\xbeI\xe3\xea\x1b\xde$\x14E\xa6\xae\
\xae\x1e\x8b\xaa\x92I\xa7I\xa7S\xe2I\xbb\xb9\xc3}\
d\xb83H\xcb\xd5\xe3(\x99\xfe\xae\x1e\xb7\x87\x80\xdf\
\x8f\xa4\x8a\xf4\xf3k\xda\x8d\xc0\x1c\xdcl6+j\xe6\
f\xb2\xa6c\xb6 ky\xcd\xde\xd0E^\xb1R\xb1\
\x88^\x12\x95fJ%\x8dbQ$\xa8+\x15\x8b\x22\
Q\x9d$\xccs\x053\xdd\xa7\xae\x8b\x155S\xe4\x22\
\x01\xba\xae\xb1\xb8\xb8@.\x9fC*\xa7]\xba\x01\x94\
m\xd7\x92,\xa3**V\x8b\x85\xba\xdaZ\xb1\x92'\
I\xd8,V\xb1@\xc2\xf6\xf09(\xe3\xc6za\xab\
\xa3\x8a\xb8\xd5qO6\xab\x8d\x86\xfa\xb5Y`\xe0&\
\x88kz\x92\xa5Ri\xe1M&\x89\xb0rA\xba\xd5\
6;;\xcb\xe4\xe4$\xf3\xf3\xf3\xcc\xcd\xce17;\
[i\xb3f\x9b\x9c\x98ddd\x84\x85\x85\x05\x91\x09\
\xdc\xd4a\xcbY\xc7u]#\x9b\xcd\x92H$D\xbd\
\x04\x84\xd9\xebF\xc8\xa5\x9b\xb9k\xcb\xa4t\xd8\x1d\xf8\
\x03~l6\x1b\xaai\x0d\x11\x1a\xc7\xe6\x8f\xb9\x15p\
g\x91\xb6\x0c\xb3\xe0F*\x95\x22\x1eO \xcb2-\
--\x95\xe2\x1c7\x83rJ\xa2\x5c.\x8f\xa6\x95\xa8\
\xad\xa9a\xe7\xce\x9dtuu\xd1\xd9\xd9IWW\x17\
\xed\x1d\xed\xd4\xd6\xd6\x92\xcf\xe7I&\x93\x15\xfd7\x99\
L\x92J\xa5\xd6\xb4l6+\x5c\x185\x8dP(D\
Ww\x17\x9df\xf5\xc5\xb6\xb6vZ[[i\xa8\xaf\
'\x11O\x08R\x9b\xd1B7BZ\xaa$\xa8\xaa\xaa\
\x04Cb\xb1\xa5P\xc8\x93NgD\xf8P9]\xfe\
\x0d\x1e\xf7\xa3\xc4\x1dI\xda\xf2 $\x12\x09b\xb1(\
\x86\x01MMM\xb7DZ\x01\x83|>\x87a\x18\xb4\
\xb5\xb5\xd1\xd4\xd4D \x10\xc0\xe7\xf3\x11\x08\x04\xf0\xfb\
\xfcd\xd2i\x92\xa6I\x0c\xd3g\x01s\x12\xb7~\xc2\
S,\x16+Y\xba\x03\x81 \x81@\x10\x9f\xcfoV\
[l\xa0\xab\xab\x8bT*%\xf2\x12 nl\xfd1\
\xae\x87\xb2\xae\x0d\xc2\xd7\xa0\xa1\xa1\x11I\x92\x88\xc7\xe3\
\xc4\xe3q\xe1$\xb3}\xb8Z\xc1\x1dIZ1\x8b\xd7\
)\x96Jd\xb2YtC'TS#\x22\x0enD\
\xa2T\xedZ\x8e1+\x15\x8b\x94J\x1an\xb7\x87\x85\
\x85\x05\x86\x86\x86\xb8|\xf92\x03\x03\x03\x0c\x0e\x0d\xf2\
7\x7f\xf37\xf4\xf7\xf7\x93J\x89\x8c\x8d\xd7#Y&\
\x93\xe1\xc2\x85\x0b\xbc\xf9\xe6\x9b\x0c\x0e\x0c0<<\xc4\
\xe0@?WF\xae\x10\x8f\xc5\xf0z\xbd\xe4sY\x8a\
\xc5BE\xf7\xb9\xde\xf1\xd6\xa3\x9a\xb4\x0e\x87\x83\xc6\x86\
\x06r\xd9\x1c\x89D\x82|>\x87\xc4jf\x99\xed\x84\
\xedw\xc5\x9b\x80\x98}\xcb\x14\x0b\x05b\xb1\x18\x89\xa4\
Xh\xf0\xfb\xfd\xa6\x8f\xad,\xdaf\xc4\x8c\xb4\xda\x84\
N,Q,\x16\xc8d\xd2\xb8\x5cn\x14E\xa1P(\
\x90\xc9dH\xa7\xd2\xa2\xccQ\xc9\x5c \xd8\xc4z~\
\xa9T\x22\x9b\xcd\x9a\xaaD\x92l&K\xc9\xcc\xe0]\
,\x14\x88\xc7\xe3\x95\xe3\xe8\xa6\xd3\xf9fQ\xb1\x01\x03\
.\x97\x8b\xfa\xfaz\xe2\xf1\x18\x89X\x1cC\xd3\xb1\xd9\
\xacWM`\xb7\x03\xeeH\xd2bN\xc4J\xa5\x12\x89\
D\x82h4\x86\xa6\xebttt\xe0r\xb9*3\xfe\
\x1b\x91Z\x15HP*i\xa4\xd3\x19\xbc^\xe1\xb3[\
~\xf5\xeb\xfa\xda:\x0a\x9bA\xf9\xbb\xc2V+\xdc\x06\
-\xaa\x8aE\x15I:\x8a\xc5\x82(q_Qj\xd7\
\x1f\xe1\xda(KY\x97\xcbEMM\x0dv\xbb\x9d\x95\
\xc8\x0a\xa9T\xaa\xca\xf6\xbb\xfdp\xc7\x92\xb6L\x9e\x5c\
.G\x22!\xf4\xb7\xb6\xf6vQZ\xfe\xa6\xb0\xca\x96\
R\xa9H\x22\x11\x17U\xcc\xcd\x0c\xda\xb7c\x22#\xfc\
r\xe5J\xc5\xf1L&S\xf1s\xbd\x99\xe5\xb0\xf25\
\x95\xab\xacg2\x19\x22\x91\x08\xd9l\xd6\x5c\xd1\xbb\xc5\
\x8c5\x1f\x11\xeeH\xd2\x1a&ie\xb3 s*\x95\
&\x11OPWW\x87\xc7\xed\xa9L\xc8n\x88h\x95\
\xb4`\x12\xc5\xa2\x90\xe0~\x7f\xa0\x92A\x1b\xd6\x9a\xdc\
n\x1a\x92\x08\x1d\xf7x\xbd$\x92IA\xaa\x9b ,\
U\x0fn\xb9~\xee\xd2\xd2\x12\xd1hT\xe4\xba\xdd`\
b\xb8]pG\x92V2\xc7\xa2\xbc\xca\x94\xcbfY\
XX\xc0\xe1\x10vJ\x87\xc3!\xf6\xab\xca\xb6\xb2\x06\
\x1b\x8c\xa5 \xb8\x01\x88\xa8\xdcd2i\xaa\x07\x9bs\
\xc6Q\xcai\xee7:\x9f\x89\xb2\xcb\xa1\xc7\xac\x1c\x19\
\x8f\xc7\xd1n!\xbc\xc60\x0cT\x8b\x05\x9fY\xc5q\
vn\x8el.\x8b\x81q\x95_\xeev\x22\xf0\x9dG\
\xdar\xdf\x9bk\xf9\x12P\xcc\xe7Y\x5cX \x95L\
\xd2\xd8\xd8D(\x14B7\xab\x92\x8b\xd5\xa1\xd5\xc9\xd6\
\x9a\xe3T7\xbd\x9c\x8e\x132\x994\xd3S\xd3\xd7\x96\
\xda\x1b\x1c\xaf\xb9\xa5\x99\xfa\x86\x86U\x8f\xb3u\xf9\xb3\
\xaa\xbf\xefp8QU\x0b\xb3\xb3s\xb7\xe66(I\
\xa2B\xb9\xdf\x8fn\xe8fuH\xad\x12\x22t\xe3I\
\xf9\xb6\x06\xee<\xd2VA\x92\x84\x97U!_ \xba\
\x12eii\x09\xbf\xdf\x87\xcf\xef\xaf\xe8sW9T\
ob\x0c\x8b\x85\x22\xf1X\x0c\xab\xd5\x82\xaa\xaa\x15'\
\x97\xf5D\x05\xf1\xb7\xa4\xc8<\xfc\xf0\xc3\x1c8x`\
\xad:\xb1\x01\x0c\xc3\xc0\xe9t`\xb7\xdbX^^2\
W\xc8n\x0e\x92$\xd1\xda\xd6\x8a\xd7\xe7\x15\x13\xd2X\
\xd4\xb4@\x88\x8b4\x0c\xf1\xeb-'\x9d\xfe\x90q\xc7\
\x92VH.18\x9a\xa6\x912\xab\xb98\x1cN\x02\
\x81\x80\x19>}c\xaf\xde\xf2\xc0\x16\x8bE\xe2\xf18\
 \x99\xa9\xdfE\x85\xf2\xab\x96\x89MH\x92Lcc\
#\xa1Ph\xadd\xae\x96\xc8\x12\x95\xcc\x8ev\xbb\x1d\
UU+Q\x057\x053.\xae\xb1\xb1\x11UUY\
XX \x99L\xae\xcbi&\xeeg\x1b\xf1\x15\xeeT\
\xd2J\x80\xac\xc8\xab\xdeRf\xfe\xac\xc5\x85E\x0cC\
'\x18\x0c\x10\x08\x04+\xc966\x832a%\xd3\x07\
6\x93\xc9P,\x16\xf1x<BG.'V\xde\x00\
\xc2\xb7\xb6LTS\x14o\x98\x17\xd9,\xe8lF\xe7\
\xae\xac\xac\xdc4i%I\xc6\xedv\xe1\xf5\xf9H\xa5\
RLMM\x89\x15\xb05\x97i^\xcb6c\xed\x1d\
IZ`Mvk\xd9L\x91\xb9\xb8\xb8H4*V\
\x9aZ[[\xcc\xec\x817\x07\xc30Hg\xd2x}\
><\x1e\xe1d^)L\xb2\x0e\x86&\xe2\xbbdY\
F.\x93\xb6\xc2\xd4Us\x96\xa1\xe9\x22\xde\xcc\xe1\x10\
\xbe\xb4\xc9\xe4j\x96\xf1\x1b\x80d\xbaH\xb6\xb7w \
K\x92Y\x9dq\xa2J\x05(?\x80\xe5/T\xbe\xba\
-p\xf3\xa3\xb6EQ~\xdbj%\x11\x83UFI\
\xd3\x88'\xe2\x8c\x8f\x8fa\x18\x06\xad\xad\xad\xa8\xaaX\
\xe1\xda\x0c\xca\x13\xa5\xb2\xa9H\xd3u\xc2\xe10\xc1@\
\x80P\xa8\x06YU\xae\x19\xd6#\xa9\xa28\x9fQ%\
m\xd7\xcc\x7f\xcc\xba\xb8\x005558\x1c\x0e\xf2y\
3Bvs\x97W\xb9>EQ*\xd2\xba\xa7\xb7\xa7\
b\x9b\xad~\xa0\xd6\x98\xbb\x0c\xc3,\xb0\xb7\xc9\x13m\
\x01\xdcQ\xa4\xadt\xbb9\x1e\xd5D\xc3\xcc\xce2;\
;G:\x9d\xc1\xef\xf7\xe3\xf7\xfb\x91o2$[\xd7\
4\x16\xe6\x17\xb0Z\xad477\xd1\xdc\xdc\x8c\xdb\xed\
1\xbd\xc1\xd6\xa1\xfc$U\xfd]\xbe&\xcc\x0c\x89\xaa\
\xaa\x10\x08\x05iii\xc1b\xb1\x90H$n\x88H\
\xe5}\xcb\xcb\xc7\xb2,SWW\x87\xc5bN\xfc$\
\x09\xdd|\x88+\xd1\x11\x95\xf3o/l\xd0\xc3w.\
\x0cC'\x1e\x8f\x99~\x03.\xda\xdb\xdb7mg]\
\x0fM\xd3\x98_\x98GQ\x14\x9a\x9a\x9bikk\xc3\
\xe3q\x7f \xd1\x8c\xca\x7fk\xf7S\x14\x95\xb6\xf6v\
\xda\xda\xda\x90$IH\xc7\x9bP\x0d0\xa5\xad\xdf/\
\xbc\xce\xb2\xd9\x8c\x99\xbcNZ}\x9a\xb79>V\xa4\
\xc5\x8c<H$\x92\xc8\xb2\xcc\x8e\x1d;\xae&\xed&\
\xc7U\xd35\x16\x17\x16\x01\x89\xba\xdaZ\x1a\x1a\x1aD\
\x0a\xd0\xcadk-)+\xce9FY\x99]\x85,\
\xcb8\x9d\x0e\xda\xdb\xdainnF\xd34\x16\x17\x97\
nh\xa2\x88y\x1cL\x8f\xae\x96\x96\x16TU%\x12\
\x89\x90L&\xd7\xa8#\x1b=W\xd26\xc8K[\xc6\
\x9dI\xdak\xf5\xbd$Q*\x14\x09\x87\x97I&S\
\xb4\xb5\xb5\x09\xbbi\xf5\xe4h\x93\xd05\x9dpx\x99\
R\xa9\x88\xdb\xed\xc6\xef\xf3\xaf\xa6,\xda\xe08F\xd9\
\x1eZ\xd9\xb0\xfa^V-*>\x9f\x9f\xfa\xfazj\
jj\xc8\xe5\xf2,.\x89\x14\xf6\x9b\x85a.[+\
\x8a\x82\xcb\xe5\xa2\xa3\xbd\xddt\x16\x8a\x92\xcf\xe5\x91\x90\
*:~Y-\xd8nV\x832\xee\x0c\xd2\x96\xa5\x9b\
\x99\x04\xae\x225\xcc4B\x92\xf9S5')\xb1h\
\x8c\xe5\xe5%\x02\x81\x00\xb5\xb5u\xc2du\x83\x96\x04\
\xc30\xc8\xa43\xa4\x12IlV\x1b\xa1P\xb0\xb2l\
\xbcFj]\x87\x17\x12\xe5I\x99\x84\xc5\xa2R[[\
\x83\xc7\xe3!\x9b\xcb\x12\x09G\xae\xfb\xdd\xf50\xcc\x9a\
`\xba\xae\xe3v\xbbiiianv\x96\x95pd\
uRg\x92T\xae\xee\xa3*)\xbb]\xa4\xed\x8d\x8d\
\xd4VE\xf5\xdb\xb8\xba\xcf\xab_\x89\xe6@\x01$\x12\
\x09\x96\x16\x97\xd0u\x9d\x9d;w\x98\xee\x8a\x88e\xcd\
\x1b\xc4\xf2\xf22\xc5B\x01\x8f\xdbS\xc9bS\xb9\x9c\
*\xd2\xad\x91\xb0\x08\xa9[\xfe\xc40\x84\x1e\x1a\x0c\x86\
(T\xaa(\xe6\x91n \x90\xb1\xfc\xc0\xb8\xddnj\
jjp\xb9\x5cLLL\x88\xd4\xa4b\xe6\xb7f\x7f\
q\x8d7~\xbf[\x01\x9b\xef\x95m\x8ejI\x94\xcb\
e\x09G\xc2,..\xb2sg\x0f\x1e\x8fg\xd5\x04\
t\x83\xe38;;K>\x9f\xa7\xa6\xa6fU\xa7\xdd\
\x00k\x04\xafQ\xc5bs\x83\xa2(\xb4\xb5\xb5\x92L\
&YYY\x11\xb9j\xafq\xac\x8dP>o(\x14\
\xa2\xb1\xb1\x91L&\xc3\xfc\xfc<\xb9\x5cnC\x09Z\
m\xf6*\xff\xbe\xc6\x14\xb6\x85\xf1\xb1!-\xa6'\x7f\
\x99\xbc\xb1h\x8c\xf1\xf1qZZ\x9a\xf1\xfb\xfdfd\
\xea\x8d\x0d\x98$I\xcc\xcd\xcd\x11\x8f\xc7E\xbe\xd7\xaa\
BrW\xa3\xcc\xda\x8d\xcf\xa1(\x0a---\x84\xc3\
a\xc2\xe10H\x22\x1c}\xb3(\x13\xae\xd6L=:\
77G,\x16\xabD.\xac\xdfw;\xe3\xce#\xed\
\x07\x8c\x87pG\x94H\xa5S\x8c\x8fO`\xb3\xd9\x08\
\x85B\xab\xce\xe1\x1f\xf0\xfdj\x18\x86A4\x1ae|\
|\x9c\xf1\xf1\xf1J\x1e\xafk\xa1Z\xc0\x8a\x0d\xe6_\
\x860\xa1\xe5\xf3y\xc6\xc7\xc7\x09\x87\xc3\xe2:o\xc0\
z\xa0\x9b\xe1\xe2555x\xbd^\xae\x5c\xb9rU\
\xfd\x86\xf5:l\xf5\xf6\xea\xb6\xd5qG\x91v#]\
\x12\xd3\x9dP2\x07\xa7\x1cgU(\x14\x98\x9d\x9da\
jj\x8a\xfaz\x91\xcc\x18\xd3\xefu#\x15a\xfd+\
\xb4\x9a\x9c\xaf\xbd\xf6\x1a\x7f\xf4G\x7f\xc4\xc8\xc8\x08\xc5\
bqm|\x988\xf1\xea\x84\xb0\x8a\x14\xe5#\x14\x8b\
E&&&\xf9\xfd\x7f\xf6\xcf\xf8\xf9\xcf\xdf!\x95J\
\xaf\xeep\x9d\x87`=\x1a\x1b\x1b\xa9\xaf\xaf\xa7P(\
0<<\x5c\xb9\x8e\xf5\x0f\x92T\xae\x96nn_\xbf\
\xdfV'\xee\x1dE\xda\x0fD\xd5X\x18\x86Hqt\
\xe1\xc2\x85\xca\xe4EX n|\x82RN\xaaQ\x8e\
\x08\xd8\x08\x1bm-\x9fE\xd7u\xd2\xe9\x14\x17/\x5c\
`e%\x82Q\x0e\xb1\xb9A\xb4w\xb4\xe3t:Y\
ZZZ\x13\x10\xb9\xd1\x83V\xde\xbe\x1dqG\x91\xb6\
2\x04R\xd9.\xba\xee\xf7u(\x95JLLL\x10\
\x08\x04hnn\x16\xa6/Cx\xf5\xdfniS\x96\
\xf4\xe5\xa3\xae9\xba\xb9\xc4\x9c\xcddV\xbd\xc5\x8c\x1b\
\x5c_\x95$\x9a\x9b[\xd0u\x9d\xc9\xc9\xc9\x0du\xd9\
;\x05w\x14i)\xbfQ\xd7\xfd}-\xe8\xba\xce\xd2\
\xd2\x12.\x97\x8b\x96\x96\x16jk\xeb\xd0\x0d\xe3\xd6k\
um\x84\xf2Cp\xbd\x87A\x12\xd5\xc8\x91\xaan\xe4\
z7\x80\xc9~Y\xc2\xed\x11o\x8bd*\xc9\xf8\xf8\
\xf8m\x7f\xe8\xb6\x12~\x09\xa3\xf3\x11\xa3z\xac>`\
\xdct]'\xb6\x12%\x9dNS[[KWW\xa7\
\x90\xb4\xa6\x03\xf5u\x09v#0\xaa\xa2i\xaf\xf5J\
6\x0c!e7\xb2\x18\xac\x7f\x0a\xd7\x89kUUi\
kk\xc3\xe9r\xb1\xb2\x12enn\xae\xea\x0bw\x1e\
\xb6?io\x90W\xe58\xaf\xf2\xe4LV\x14\x86\x86\
\x86\x90e\x99={\xf6`T\xd2z\xfe\xb2\xb1\xbaz\
wU\xac\xd6F'/K]\x09T\xb3l\x13\x88\x92\
P\xaa\xaa\xd2\xb7k\x17\x86.\x920\x1b\xe5L\xe4w\
(\xb6?i\xcb0u\xd7\x8dP\xe1\xc0z2\x98\xc1\
\x8f\x97/_&\x99L\xd2\xd4\xd4T\x89\xe1\x12\xb4]\
\xff\x85\x9b\xc5\xeaq*\xbf\x09\xce\xad\xe2\x1a\xd7~\x15\
L\xf3\x98x#\x88/\xa9\xaa\xca\x81\xfd\xfb\x89\xc6\xa2\
,.\x0a\x9f\x85\xed:\xc9\xda\x0c\xee\x1c\xd2\x9a(\x0f\
U\x85r\xd5\xaf\xd2\xf5\xc40\xb7\xcd\xcc\xcc\xb0\xb4\xb4\
\x84\xd3\xe9\xa4\xb3\xb3\xd3\x5ch\xb8\xfd\x9c]o\xf2\xba\
YHf\x12f\xcc7\x85\xcf\xef\xa7\xb5\xad\x8d\xe5p\
\x98\xe5\xe5%\xb8K\xda\xed\x87r]Y\xca\xe4\xbd\x86\
\xf5\x00D(N&\x95fnn\x8el6\xc7\xa1C\
\x87D!\xe8k~\xe3&a\x92\xf5\xd6)\xbbJH\
\xc3tClmkCVd\xc2\x910\x89dr\xfd\
\xeew\x1c\xeeH\xd2\xde\x10\xca\xd2vv\x96\x85\x85\x05\
\xf6\xed\xdbw\xb5\x8f\xed-\xc2\xa8\x9e\x88\xdd\x06\x18\x95\
tF\x06>\x9f\x8f]\xbb\xfa\x98\x99\x99!\xba\x12E\
\xd7\xf4\xdb\x90\xd2tk\xe3cE\xdaj#{\xb9\xe9\
\x9a\x06\x06\xcc\xcd\xce2=-V\xc7*!*\xb7\x11\
\xab\xba\xec\xad\xcbZY\x96\xb1X,\xc8\x92\x8c\xd7\xe3\
\xa1wg\x0f\xfd\x97\xfb\x89E\xa3 \x99\x01\x94\x1b\x85\
\xfd\xdc!\xb8s\xefl3(+\xbd\x92pW\x5cX\
\x5c\xa4X,\xd2\xd6\xd6\x8a\xdb\xe31\xc3\xd0o\x9dd\
p{%-\x88\x22\xd6\x8a\x22\x8b*:\x1e\x0f\x97.\
^$\x1e\x8b\x8b\x9a\x0f\x1b,\xdd\xdeI\xf8x\x93\xb6\
\x0cI\xa4\x05\x8d\x9a6\xce\xee\xee\x1dx\xbd\xde\xdbD\
X\x93\xb3\xe6\xaf\xb7\xe3\x98\xe57\x84\xdb\xed!\x18\x0c\
\x9an\x88\x0b\xa2\x0a\x8e\xf9\x06\xb9\x1d\xe7\xd9\xaa\xf8\xd8\
\x93Vd\x5c\x910\x0c\x88\xc7c\x8c\x8c\x8c\x08C\xbd\
\xd3y\xd3\x81\x85\x1b\xc2\x94|\xd5\xc6\x8c[EMM\
\x0d\xc1`\x88\xa9\xa9)2\x99\xb48\xc7\x0d\xa6\xb8\xdf\
\x8e\xb8sH{\x9dq\xda\xc8\xda\xb5\x06\xba\x0e\xbaN\
,\x16cpp\x10\x9f\xcf\x8b\xd5b\xad\x0c\xfe\xed\x94\
Ze\x8dd\xcd\xe5\x1a\xd7\xbf\xfe\xf5(_Om\xad\
pC\xbct\xf92\xc5b\xb1\x92\xa9|u\xa2vg\
b\xfb\x93\xb6j\xb0+.\x88U$\xa8\xfc\xbe\x09b\
\xe42Y\xa6&&)\xe6\x0b\xf8|^\x5c.ge\
\xc2vK\x90\xc4\xeaW\x05\xe6\xa2\x86^>\xf6\x0dZ\
\x17\xca\xd7\xe3\xf1x\xb1XT\xfa/_F\xd3L=\
\xf6\x06\x8e\xb3]\xb1\xfdI{\x0dTK\xd7\xcd\xcaI\
\xc30\xc8\xe7\xf3\xcc\xcf\xcf\xe3\xf5x\x09\xf8\x03\xb7}\
\x16~;(e\x18\xc2\xd4\xe5p8\xc8f\xb3\xac\xac\
Do*u\xfev\xc5\xed\x1d\x91;\x00\xa5R\x89\xf1\
\xf1q\xdcf\xedZ\xc9\xacIvkX}lL\x97\
\x81[F}}=\xaa\xaa\x88\xc0\xca\xb2\x1f\xef]\xd2\
~<\xa1i\x1a\x13\x13\x22\x0c\xc7\xedv\xc3m\xd0i\
%iu\x22v[\x18\x0b444\xa0\xeb\x06\xf3\xf3\
\xf3\xb7\xc3\xf4\xbb\xadpg\x93\xd6\xe4\xc9\x8d\xc8\x1f\x91\
\xdde\x11\xc30*\x81\x8a\xb7\xe3\xb5kTtQ\xf3\
X\xb7H\xb4`0H\xb1Xda~\xbe|\xf0\xf5\
\xbb\xdc\xb1\xb8cI[\x9e@\x95_\x9b\xc6&m\x97\
\x86a\x906\xab.\xdal6\x02\x81\x00\x9a&\x0a7\
\xdf^\xac\x0d&\xbc\x91\xe3\xab\xaa\x8a\xddn'\x9dN\
\x8b\x9c\xbbf\xbe\x85\x8f\x0b\xeeX\xd2V\xe3f\xc63\
\x99Lb\xb1XD\xec\xd8m\xc0\xeaCdn\xd8<\
G\xd7@$\xf5\x08\x8aIc.\x87\xa6\x89J\xe7\x1f\
'|,H{\xa3\x90$\x89\xe5\xe5e\x0c\xc3\xb8M\
\xa4\xadf\xa8qK\xfe\x07\xb2,\xd3\xd4\xd4D>\x9f\
\xaf8|\x7f\xdcpg\x91v]J\xf8\x9b\x85a\x18\
,--Q(\x14\xf0z\xbd\xeb?\xbeq\x98a_\
\x95?n\x01\x8a\xa2P__O:\x9d&\x91H`\
\xdc\xe1\x0b\x09\x1b\xe1\xce\x22\xed:\xac\x92\xf7\xc6)\x1c\
\x8b\xc5\xc8\xe6r\xc2\x9bJ\xa9*\xdb\xb4IHU\x8e\
\xdak\xb6\x9b?eI\x84\xcaH\x92\xc9\xe8k\x1c{\
\xbd\xae+\xcb2\x81@\x80d2)\xd2\xdb\xdf\xcc\xe2\
\xc7\xfa\x15\xb9m\x86\xab{\xf5\x0e\x82\xaei\xab5`\
\xafA\x8a\x8d \xc92\xa5R\x89t&MI\xd7\x08\
\x04\x82\xab\x19\xbe7 X\xd9\x96[&\xa9\xaa\xaa\x15\
\xef+\x103{\xc3X\x0d\x5c\x94L\xe7m\x8f\xc7\x83\
\xd5n\x033}\xfdF\xa1\xeb\x1bM\xd2l6\x1b\xa9\
T\x8at:\x8d\xa2(\xd7\xd7i\xcb\xd7k\xb6r\x86\
\x1d\xdd\xd0\xd1\xcc\xc4%\xd5\x93\xd6\x9bz\x08>d\xdc\
Q\xa4]\xd3\xd5\xeb\xf2\x17\x18\x5cM\xb6\x0da\xfa\xa3\
\x22K\x14\x0a\x22[L\xd0L\xe3\xb9~\xbf\xca\xbe\xa6\
\xa9\xcc\xa8\xca\x11k\xb5ZM\x93\xd9\xea\xf7$@2\
\x0cdd\x5c.76\xbb\x0dY\x961t\x1d\xdd\xd0\
7L\x12RM EQp\xb9]\xc8\xb2L>\x9f\
\xaf,*\x5cS=\xb8\xfapU\xd9\x1a7\xf8p\x9b\
\xe0\x8e\x22-\xac\x86\xda\x18\xe6 \x97\xa5\xd0zi\xf5\
A\x90$\x89l6+2\x22\xd6\xd6V\x0ayTC\
\x96\x84\xb3\xb5\xd7\xeb\xa5\xd9La\xaf\xaa*\xb2\xf9\xda\
7\x0c3\x8d\xb2\xb9\x9fd\xfeT\x14\x19\x87\xdd.T\
\x0fY\xc6f\xb7\xd3\xdc\xdcLWw\x17.\xb7{M\
\x09Pq\x0c\x01\x8b\xd5J\xc0\x1f \x9f\xcf\x93\xcf\xe7\
\xd7d\x90\xd94L\xd3\x9f\xbc\x81T\xdf.\xb8\xe3H\
K\x95\xc4\xad\x90\xb6\xf2\x8a\xdd\xc4 \x19\xe5\xec\x8a\x90\
N\xa7\xc8d2\x04\x83A\xa1\xd7n\x00\xab\xd5Jo\
o/\x8f=\xf6\x18G\x8e\x1c\xa9\xa4\xfb\xac\x9c\xbbJ\
\xe2\x0b\xa2\x08\xe2\xda\xec6TUE\x92$\xbc^\x1f\
\x07\x0f\x1e\xe4\xb3O<AOO\x8fI\x5c\xb3\x0c(\
\x88\x8b\x92\xc4\xb9\xfc\x01?\xc9T\x92B\xa1\xb0\xeeJ\
6\x09\xf3\x95#\xde\x00\x9b\xe8\x8f-\x88\x8dGb\xbb\
\xc30(\x16\x8b(fN\x00I\x16/^\xd9\x9c\x1c\
\xc9fm\xd8kI\x1a\xc3tUL\xa7\xd3d2Y\
\xdc.\xd7j\xfd\xaf*\xe8\xbaN}}=\x0f>\xf4\
 O?\xf3\x0c\xfb\xf6\xef\x17\x11\x0f\xb2\x8c\xd3\xe5\xc2\
\xef\xf7\x8b\x1d\xd7-t\x008\xec\x0eTUHZ\xaf\
\xd7\xc3\x81\x03\x07y\xf2\xa9\xa7x\xecS\x8f\xd1\xd9\xd5\
\x85b\xb9:N\xcdb\xb5\xe0\xf1x\x89\xc5b\x14\x8b\
\xc5\xb5\xfa\xee\xfa\xcb\x93$\x91\xdd\x5c\x92A6\x7f\x9a\
;Y-*\xb2,\x89P\xf4m\x88mG\xdaj\xdd\
\xb22he2\x98\xadT*1==\x0d@0\x10\
\xc0\xeb\xf3\x89\x0a\x86\x1e\x0f\x1e\xb3,\xbd\xc7\xe3\xc1\xee\
\xb0\x83\xbc\x9a\xd1\xb0r\x5cYX\x0br\xb9\x1c\xb9\x5c\
\x16\x9b\xcdf\x12\xaerb@B\xb5X\xf8\xbb\xbf\xf1\
\xeb\x04\x02A^|\xf1E&\xa7&innF\xb5\
\xa8\xa2\xfa\xa2\xd5\x02\xe6C U\xa9(\x86a`\xb5\
\xd9\xc0\xac\xd0\xe8\xf5zA\x82\x7f\xf3o\xfe\x0fv\xf6\
\xf4\xf0\xc4\x93OP__/\xeeOU*\x84\xb3\xd9\
\xed\x04CA\x96\x96\x96\xc9\xe5\xf3\xc2:\x22\x89\xea\x94\
\xaa\x22\xd4\x922\xacV+n\xb7\x07\xb7\xc7\x83\xcf\xeb\
\xc7\xeb\xf5a\xb3\xd9\x91\x15\x85\x1d;vb\xb5X\x99\
\x9b\x9b\xad\xec\x7f-\x887\xc4\xd51g\xd7z\xe0?\
\x0cHUo\xd3-\x07Y\x96\xd7L2dY\xc6\xe7\
\xf3\x11\x08\x04\xb0\xdb\xedH\xe6,x\xa3\xda]\xa5\x92\
\xc6\x8e\x1d\xdd\xb4\xb5\xb5\xe1p8\x88F\xa3,-.\
\x8a*\xdc\x92T\x15\xff%q\xe1\xc2\x05\x16\xe6\xe7(\
\x15KB\x9f,\xfb\x1b\x18\x22\x13\xe1#\x8f<\xc2\xcb\
/\xbfL4\x1a\xad\x14\x91s\xba\x5c\xfc\xfao\xfc\x06\
u\xb5\xb5LNN\x92\xcf\xe7\xb9\xe7\x9e{\xf8\x8f\xff\
\xf1?\xb2\xb0\xb0@ss\x0bn\xb7\x8b\x0b\xe7\xcf#\
)\x0a\xbf\xf7\xfb\xbfGxq\x89\x97\xbe\xff\x03\x92\xa9\
\x14\xfb\x0f\x1e`%\xba\xc2\xf2\xf22mmm|\xed\
k_cph\x08\xdd\xd0ikk'\x99L\xf0'\
\x7f\xf2'd\xd2\x99\x8a\xa4nnn\xe6\xd8\xb1c\xbc\
\xfd\xf6\xcf\x09\x87\x85w\x17HH\x88k5\x0c\x83\x86\
\x86\x06:;;\xa9\xad\xab\xa3P*\xa1\xeb\xe2!V\
\x15\x95P0@(\x18\xc4b\xb506>\xc6\x95+\
\xa3\x18\x86.|\x8e\xd7\xa1<\xc1\xcb\xe5r$\x12\x09\
b\xb1\xd8\x96\x91\xcc\x0a\xf0\xbf\xad\xdf\xb8\x15\xe1r\xb9\
\xe8\xed\xed\xa5\xa7\xa7\x87\x9a\x9a\x1a\xdcn7N\xa7\x13\
\xa7\xcb\x85\xd7\xe3\xc5\xedq\xe3v\x8b\xe6r\xb9q\xb9\
\x9cH\x92\x8c\xd5j\xc1\xedv\xe3\xf5z\xb1Y\xadD\
\xc2a\xc2\x91\x08\x89d\x92b\xb1@]]-\x0e\x87\
\x83\x5c.O2\x91\x10\x13.\x03\xa1\xf3\x19:.\x97\
\x8b\xd6\xd6V\xc2\x910\xe9L\x06\xadT\x22T[\xcb\
#\x8f<\xc2}\xf7\xdf\xc7\x85\x0b\x17\x90d\x89\x96\xe6\
\x16\x86\x87\x879w\xee\x1c\x85B\x81@ \x80\xd5j\
eqq\x11I\x82\x07\x1e|\x90L*\xcd\xe0\xc0 \
\x85b\x81\x063\xc5|\x22\x91 \x9f\xcf#+\x0aG\
\x8e\x1eatt\x8cR\xa9HSS3\xa1P\x0dW\
\xae\x8cP,\x14@\x92\x09\x04\x03\xb4\xb6\xb51\xd0\xdf\
O6\x9b\xad\xa8\x1ae\xa1\x17\x0a\x85\xd8\xb9s'\xf5\
\xf5\xf5,,.\x12\x8f'H\xa5E\xcd\xb4\xe6\xa6f\
jjk\x00\x83X4J2\x99DUT\xbc>/\
\x1e\xb3\xdf\xaa\x9b\xd7\xeb\xad\xa4@mhh\xc0\xe7\xf3\
\x11\x8dF+~\x18\xb2,\xdf\xd8\x04\xf06bK\x93\
\xb6\xfc\x0ar8\x1c\xb4\xb5\xb5\xb1\x7f\xff~TU\xad\
8\xb4\xa4\xd3i\xf2\xb9\x1c\xb9|\xde|\x95\xaf6\xb1\
\xcc\x99d~~\x9e\x99\x99\x19\xd2\xa94\xaa\xa2\xb0\x1c\
\x0e311\xce\xd8\xd8(K\xcb\xcbHH\xb4\xb7\xb7\
S(\xe4\x99\x9f\x9bG\x92$\x0cCT<4\xcc\x87\
\xa5\xb1\xa9\x89B\xb1@,\x16\xc3\xe6\xb0s\xf0\xd0!\
\x9ez\xeaI\x86\x86\x86XYY\xa1\xa9\xb1\x09]\xd7\
\xf9\xcew\xbeC:\x9d\xc60\x0c\xfc~?V\xab\x95\
%s9x\x0di\x0b\x05\x1a\x9b\x9aH\xa6R\xa4S\
)\x12\xf18\xb3s\xb3\xec\xdd\xb7\x0f\x97\xcbI8\x12\
!\x93I\xf3\xe0C\x0f1\xbf\xb0@$\x16\xc5\x00j\
\xeb\xea\xa8\xaf\xafg\xa0\x7f@\x10\xd90U$\xb3\xbf\
\xba\xbb\xbbill$\x16\x8b\xf1\xde{\xef1\xbf0\
O\xbeX \x14\x08\xe2r\xb9\x98\x9a\x9c\xe4\xf2\xe5\xcb\
LOO\x93L\xa5(i%\xd1_\xd9\xb5}W\xee\
\xbf|>\x8f\xaa\xaa\x04\x02\x01\xea\xea\xea(\x14\x0ad\
2\x19J\xa5\x92\xd9OwI{\x15TU\x94\xa4\xef\
\xea\xeab\xf7\xee\xddh\x9a\xc6+\xaf\xbc\xc2\x95+W\
\x98\x9b\x9bcaaA\xb4\xf9\xf9\x0d\xda\x02\x8b\x8b\x8b\
,-.1?7\xc7\xc4\xd4$\x92$\xb1w\xef^\
dYan~\x1e\xadTbii\x89\xf6\xf6vr\
9\x11\xb1\xb0\xaa\x8e\x08i\xe2t\xba\x08\xd5\x84\xb0Z\
\xadDc1\xfa\xfav\xf1\xc8\xa3\x8f`\xb3\xd9\xf8\xd6\
\xb7\xbe\xc5SO=\x85\xa6k\xbc\xfc\xf2\xcb\xcc\xcc\xcc\
\x809A\xf3\xfb\xfd\xd8l\xb6Jn\xad\x07\x1fx\x90\
Lz\xad\xa4M\xc4\xe3d\xd2\x19J%\x8dB>\xcf\
@\xff\x00\x9f\xf9\xcc\xe3(\xb2B\x7f\x7f?6\xbb\x9d\
G\x1ey\x84\x99\xd9Yr\xd9,\xa1P\x10\xb7\xcb\xcd\
\x95\x91+he\xd5\xc0L\x02\xad\xeb:\xbbw\xef\xa6\
X,122B\x22\x99@\x92\x15\x0e\x1f9BK\
K+ss\xb3\xbc\xf9\xc6\x9b,//\xb3\x1c\x0e\xb3\
\xb0\xb0\xc0\xfc\xdc\x1c\xf3s\xf3\xcc\xcf_\xdd\xe6\xe6\xe6\
\x98\x9f\x9fgrr\x92\xc5\xc5E\x1c\x0e\x07\x87\x0e\x1d\
byyyM\xc2\xe6\x8f\x02W+\x83[\x08\xe5\xc4\
\xc0555X\xadV\xdez\xeb-4M\xabL\x0c\
\xca\xadl^*7Y\x11\xc5\x95\x15UE\xb1\x88\xa6\
\xeb:\x97\xfb/\x13\x8bE\xcd\x5c\xae!\x0c\x03dY\
\x12E\xeb\xca\x132Y\x12\x01\x82\x95I]\x91D\x22\
\x81\xa2(\xb4\xb7\xb7q\xec\xd8C\xf8|>\xfe\xc3\x7f\
\xf8\x0f\xfc\xd6o\xfe\x16\x85B\x81\xf7\xde}\x8f+W\
\xaeT\x92\xd7\x95Q~\x8d\x9a\x16+s\xa3 \x99\xaa\
(H\x929I\x93D\x99\xd1\x95\xc8\x0a\xdf\xff\xee\xf7\
p\xbb\x5c<\xfa\xc8\xa3|\xf7;\xdfA\x96e\x1e>\
\xf60\xbbv\xedB\xd7uS\xca\x99:\x81i\x8f\x16\
5\xce\x01YBG\x14\x9b\x06\x09IQ\x08\xd5\xd4\xb0\
\xb0\xb0\xc0\xe9\x93\xa7\xc0\xac\x8bK\xb92\xbb\xb9:&\
]\xa3\x95\xf5\xdah4\xca\xc5\x8b\x171\xaa\xc2|\x8c\
M\xbaz\xfe2\xb0\xa5I\x0bT^\xb3\xa9T\x8aX\
,\xb6\xe9'\xdc\xe0\xea\xa5\xc9B\xa1@de\x05\xcc\
\xe3J\xe5l,\xca*\xf1eE\xa9\xaa\xd8-\x91\xcb\
\xe5XYY\xa1\xa7\xb7\x87\x17^\xf8\x0a\xf9|\x9e\xb7\
\xdfz\x8b\x07\x1f|\x10\x8f\xc7\xc3\xf1\xf7\x8fs\xf9r\
?\x9a\xa6\x99\xabb\xe67\xd7\xf8\xc9\xae\x1b\x5cI\xd8\
\x90\xcb\x93'a\x060\x90\x0c\x83\xc1\x81A\xce\x9c>\
\x8dd\xc0\xb3\x9f\x7f\x96o}\xeb[8\x9dN\x9e~\
\xfa\x19\x8e\x1c9\xc2\xc2\xc2\x02\x9av\xfd>0\x00d\
\x19\x97[\x14?\xc9d2d\xb3Y\x14\xc5\xac6^\
>e\xe5\xff\xab\xfb\xaa\xfa\xd5_\x9e\x90E\x22\x91\x8a\
\xfe\x8b9Y\xfb(\xb0\xe5I\xebt:Q\x14\x85l\
6{M\xc2\x96%B\xb9\x19\xba\x8eQUi\xbb\xfc\
9\xba\x08\x5cTU\x8bH\xc6!\xcb\xa6@\x15\x91\xb1\
\x95\xe8Xs(u]'\x9f\xcf\x93\xcbf\xb9\xf7\x9e\
{1t\x9d\x99\xe9\x19tM\xe7\xe0\x81\x83\xbc\xf5\xb3\
\x9fq\xee\xdc9\xa2Q\xf1 \x18\xba!*\xd2T\x99\
\xdf\x04)E\xa4\xac\xae\xaf\x9e\xa3\xac\xfa\x94\x97\x7f\xcb\
\x84O&\x93\x9c=s\x96\x8b\x17/\xd2\xd1\xd1\x81\xdb\
\xe5bxh\x08\xab\xc5\xc2\xfe}\xfb\xc9f2\x9b\x22\
\x8bd\x16\xc2SUK\xe5<e\x88g\xa4\xca\x84\xf7\
\xc1\x87\xabH\x5c\xab\xcd&\xd2\xfc\xaf3?~\x98\xf8\
h\xcez\x03(\xbfr\xaf\xb5\x02TM\xcc\xeb\xb5\xf2\
\xc0(\x8a\x82\xcb\xe5\xc4\xe9tUtAM\xd7\xd1u\
\xcd\xfc\xa9\x8b\x95(S\xfa\xd9\xedv\x9a[ZP\x14\
\x85\x13\xc7\x8f\x93\xcdd\xd8\xd1\xdd\xcd\xfc\xdc\x1co\xbe\
\xf9&\xe1\xa5\xa5\x0a9\x85\xc4*\xb3B\xb4\xab\xcdI\
\xe2\xb5j\xb1XL\x22\xaf>\x88\x06\xc2\x99f~n\
\x8e\x13\xc7\x8f3\xd0\xdf\xcf\x03\x9fx\x80\xa5\xc5E\xfa\
/_\xa6X(\xd2\xde\xd1\x81\xa2*W\x09\xef\xf5\x90\
e\x19\x8f\xdb\x83\xcb\xe54\x13\xea\x19k\x1e\xe4\xd5\x0b\
\xdd\x1c\x0c\xc3\x10\x16\x07U\xad\x84!U$\xf7\x87\x8c\
-OZ\xbb\xdd\x8eaV\xa2\xd9\x08e\xdd\xeb*T\
I\xbb\xea\x01\xb2\xdb\xedx<b0u]_\xabl\
V\xfd@\x06\xc5j\xa1\xb3\xab\x8bO=\xf6)^\xfc\
\xfe\xf7\x19\x1f\x1f\xa7\xbd\xbd\x1d\x8f\xc7\xc37\xbe\xf1\x0d\
r\xd9\x1c\xb2\xa9RHf\x91g\x91\xdd{\xb5F\xae\
\xa2(\xc8\xb2\x82b\xfa\x1c(\xb2\xf0\x06+\xfb\x1dT\
\x0f\xbaP$\xc4\xdf\xd3\xd3\xd3|\xf7;\xdfEQ\x14\
\xfa\xfav1<2\xc2\x9bo\xbe\xc9\xa7\x1e{\x8c\x9a\
\xdaZQ:\xaa\x8cu\xb7_\xce0\xee\xf5yq{\
\xbc\xd8\xac6\x10\xd6\xdc\x8d\xfbj\x13\xd0u\xbd\x12\xcd\
a\xb3\xd9\xd6\x7f\xfc\xa1b\xcb\x92\xb6<\x98\x1e\x8f\x07\
EQ*\xa4]/A\xaf9\x08\xd7\x10\x00\x0e\x87\x83\
@ \x80\xd7\xeb\xc5\xc00]\x02Ef\x16\x10\xf6Y\
\xc5jAR\x14\xfav\xf5q\xf4\xbe\xa3\xa43i\xde\
y\xf7]\x1ez\xe8!\x0c\xc3\xe0\xdb\xdf\xfe6\xf1x\
\x1cM+\xa1\xeb\x1az\xb9n\x98y)e=V\x92\
$\xd3\xbf`\xed5`N2\x0ds2SM\xdc\xea\
\xc4\xf9\xf1x\x9c\xff\xf8\x1f\xff\x18\x9b\xcdNKs\x0b\
\xcb\xcb\xcb\x0c\x0e\x0e\xf2[\xbf\xf9\x9btvvV\x1e\
\x8a\x8a\x22mZ<dEL\xb2<\x1e/>\x9f\x0f\
\x9b\xdd\x01\xa2\x8c\xb3\xf9\xef\xc6a\x18\x06\x99L\x06L\
)n\x98+\x8f\xd7\xec\xff_\x22\xb6,i\xcb(\xe7\
\x8a\xbd]%\x86\x14E1K\x82\xda\xc0\x10\x03P\x9e\
\x80\x95\x9d\xbd\xf5R\x89\xce\xee.\x0e\x1e:\x84\xc5j\
\xe5\xf57^\xe7K_\xfa\x12\xc5b\x89\x8b\x17/1\
7[U\x88\xa3J\x15\xa8l2\x85\xbb$\x99\xbe\x0f\
\xe5i\xbe\xb9\x8fa\xde\x8f\xf6\x01\xd9\x0du]gy\
i\x99\xb7\xdez\x0b\xbb\xdd\xc1\xfe\xfd\xfb\xf9\xd9\xcf~\
F&\x93\xe1\xfe\xfb?AOo/\x86a`\xb1Y\
\xc1,\xdb I\x82\x96\xb2$c\xb5\xd9\xb1\xdb\x1dX\
,\xd6\x8a\xa5\xe5VP\xb6\xcf\x96\x8fs\xbdk\xffe\
\xe2\xd6\xee\xe2C\x80\xc8\xca-\xaa\x1a\xde2$\xf1\x10\
\xd8l6l6\xab\xa9\x8b\x82V\xd2\xd04!5l\
v;\xfb\x0e\x1e\xe0\x93\x9f|\x0c\xab\xcd\xca\xe8\xd8(\
\xad\xadm|\xf1\x8b\xcf\x93\xc9\xa4\x99\x18\x1f'\x97\xcb\
\x22oT\xb6I\x02$\xf1\x1aF2\x90\x15\x19\x8b\xd5\
*\xccJ\xa69M\x98\x98@\xd3\xb5\xab\xb2\xc2\x94\x7f\
\xabl1\x0c\x0c\xad\xc4\xd0\xd00\x8a\x22\xf3\xd0C\x0f\
r\xe8\xd0=\x9c8y\x12\xbf\xdf\xc7C\xc7\x1e\xe2\xde\
\xc3\x87\xb1;\x1c\xa6S\x8c\x90\xa1\xa6v\x8d\xd5j\xc1\
j\xb3\x09\x1d\xf8\x16a\x98\xd6\x97\xf2CN\xd5\xdb\xf0\
\xc3\xc6\x06=\xbf\xb5p[%\xad\xf9\xba\xb6\xd9\xecB\
/3\xed\xb0H\x12\xfe@\x80\x9e\x9e\x1e\x8e=|\x8c\
\xaf|\xe5\xab\xb4\xb6\xb52??Ot%\xca\x03\x0f\
|\x02I\x92I&S\xc2\x8aQ\xce\x9bE\x99\xa8\xab\
\xeaH\xd9\x0f\xc2@8\xb2X\xac\x161\xb8\x95&\xae\
C\xd3\xc4\x04\xb0|\x9c2\x01\xd6\xca.\x09d\x19M\
+\x91N\xa7q8\x1c<\xf0\xc0'\x88\xc7bLO\
\xcf\xd0\xd2\xd2\xca\xb3\xcf>\xcb\x83\x0f=H\xf7\x8en\
\x82\xa1\x10\xaa\xd5\x8af\x08\xcb\xad\xd5j\xc5f\xb5\xa2\
(\xca\xaa\x06q\x930\xca\x9es\x1f\x14)\xf1!`\
\xeb\x93\xd6\x22\xca\x0f\xdd0i\x85\xb8\xbb\xaa\xc9\xb2\x82\
\xddf\xc3f\xb3\x03\xe2\x15\x1e\x0c\x06\xb8\xe7\x9e{\xf9\
\xd5_\xfd\x1a\xff\xec\xf7\xffg\x9e|\xf2I\xde\xff\xc5\
\xfb\xcc\xcf\xcd\xd3\xb7k\x17\xc9d\x92?\xff\xf3?'\
\x16\x8b\xe1r\xb9\x84yL\xd3\xc41%YL\xb4T\
\x0b\x16\x8b\x15\x87\xdd\x8e\xcb\xe5\xc2\xe9ta\xb3\xdaQ\
\x14\xd5$\xe2:\xa9$I\xd8\xed\x0e\x1cN'6\xbb\
\x1d\x8b\xd5*\x5c\x15\x15\xa5b\xf4\xc7\x5ct\x08\x06\x82\
\xcc\xcf/\xf0\xdak\xafs\xee\xdcy\x1e{\xecS\x5c\
\xbat\x89\xfe\xfe~\x0e\x1e:\xc8?\xff\xe7\xff\x9c\xcf\
\x7f\xfeY\xf6\xec\xd9C \xe0G\x91edY\xc2\xee\
\x10\x0f\xa7\xaa*\xe6\x22JY\x9f5\xaez<6\x83\
\xb2;\xe4\xb5|\x8b?,|\xb4g\xbf\x06*\x93\x13\
\x09T\x8b\x05\x03\x83B\xb1\x08\xe5\x92\xa1\xd5m\xfd\x97\
+X\xff\xea\x92P\x15\x15U\xb5\x10\x08\x04\xa9\xab\xab\
\xc7\xeet\xf1\xd8c\x8f\xd1\xd7\xdb\x87\xc7\xedF\xd7t\
\xc2\xcba\xfe\xc5\x1f\xfc/\x5c\xbap\x89\xce\xce.\xfc\
^/\x7f\xf6g\x7fF6\x9b\xc3\xe9ta1ua\
\x90\xb0Xmx\xdc\x1ej\xeb\xea\xe9\xe8\xe8d\xf7\x9e\
=<\xf8\xd01\xbe\xfa+\xbf\xc2\x17\xbe\xf0\x05\xfa\xfa\
\xfa(\x16K\xa6\xa9iu\xbe\xa4\xaa\x16\xda\xdb\xda\xf9\
\xcaW\xbe\xca\xaf\xfe\xea\xd7x\xe4\x91O\xb2w\xef>\
\xda;:\xa8\xab\xab\xc7\xed\xf6\xa2\xaa\x160\x0c\xb4b\
\x01Y\x92\xf1\xfb|\x14\x8bE\xde|\xf3\xa78\x9d.\
v\xef\xde\xc3\xd9\xb3g\xf9\xf7\xff\xfe\xdf355M\
\xa1\x90\xc7f\xb3\xd2\xd7\xd7\xc7\xa1{\x0ea\xb5Zh\
ii\xc6\xe1\xb4\x8b\x9e\x90\x0c\x0c\xaa\xad%7\x0e\x03\
C\xf8!\x9b\xae\x9b\x06\xe54\x95U\xedC\x80tS\
\x8f\xdc/\x19e\xd2\xea\x86\xce3\x9f\xfb\x1c\xb9\x5c\x8e\
\xb3g\xcf\x12\x09\x87+z\xdb\x1a\x5c\x95\xfc\xb8\xbc\xcf\
\xfa}\x0d\xbe\xfa+\x7f\x87\xbf\xfbw\xff.m\xedm\
\xbc\xf7\xde/@\x12\xe6\xa5R\xa9\x84jQ\x09\x87\xc3\
\xbc\xf8\xfd\x17A\x82_\xfd\xd5\xbf\xc33\xcf<C8\
\x1c\xa6\xb5\xb9\x95\x91\xe1\x11\x06\x06\x07\x09\x87\x97\xb1Z\
\xad\xa6e@F\xd7E\x00e\xb1XD\xd7t\xf2\x85\
\x02===H\x12|\xe3\x1b\x7f\xc6\xc4\xc4\x04\xbf\xf7\
{\xbf\xcb\xd2\xd2\x12?\xf8\xc1\xf7\x91$\x99\xff\xf5\x7f\
\xfd\xffT|#4M\xc3f\xb3\xe1p:\x90$\x09\
C7(i%\x8a\x85\x22%\xad\x84\xdb\xe5\xe6\xde#\
\x87\xd9\xb1c\x07\x8b\x8b\x8b4\xb74\xf3W\x7f\xf5W\
\xfc\xf0\x87/\x91J\xa5x\xfc\xf1\xc7\xe9\xed\xed!\x1e\
\x8f\xe3\xf1z\xa9\xab\xab\xc3b\xb1\xb2w\xff>\x96\x96\
\x96\xf9\xf3?\xf9\x06\xdf\xfb\xf6w\x90Mg \xc3T\
\x1f*\xdd\xb3\xbe\xfb6\x82i[~\xf6\x0b\xcf2?\
?\xcf\xbb\xef\xbc{\xed/^c\xf3\xed\xc2\x96\x94\xb4\
\x15\x98^L\x98:\xd5\xed@I+\x11\x8b\xc7H&\
S\xf8|>\x92\xc9$\x8bKKLNMr\xee\xdc\
y~\xfa\xe6O\x09\x87\xc3d\xd2\x19FG\xc7\x18\x18\
\xe8G\xd7u\xfa\x07\xfa\x19\xbe2bV\xf8\x16\xf5\x19\
&&'\xb92z\x85\x91\x91\x11F\xae\x5catl\
\x8c+\xa3\xa3\x0c\x0f\x0f\x93H\xc4\xc5\xab\xdff]3\
\x01C\x12\xce\xe3\x0d\x8d\x8d\xc4\xe2qF\xc7F\xb92\
*\xda\xf0\xf00\xc3\xc3#\x8c\x8e\x8d2==\xcd\xd2\
\xf2\x12\xc9D\x92\x98\x99\xa1|`p\x90R\xa9\xc4\xa5\
\x8b\x97\x18\x1c\x1c$\xb2\xb2B8\x12\xe1\xe7\xef\xfc\x9c\
\x0b\x17/2;7\xc7\xf2\xf22\x99L\x06\x9f\xdfG\
2\x99\x22\x1a\x8d\x91\xcdeoC\xff\x89\x85\x90\x92\xe9\
\xa3\xbb\xa1\xf0\xf8\x90\xb0\xb5%\xad\xae\xf3\xf9/<K\
&\x93\xe1\xd4\xa9\xd3\xc4\xa2+\x1bw\xd6f$\xad\x19\
>\xfd\xc5/~\x91\xbd{\xf6\x92/\xe4\xb9r\xe5\x0a\
\x91\x95\x15\x0a\x85\x02\xf1D\x5cH\xbe\x85E0\x0c\x14\
\x8b\x85\xfa\x86:\xda\xda\xda\x08\x85B\xac\xacD)\x16\
\x8b\x94\x8a%\x0a\xc5\x02\xc5B\x11M\xd70t\xf1\xca\
T\x15\x05\xd5\x22\xd4\x0fY\x163\xfd\xfa\xbaz\xfe\xdb\
\x7f\xffo\x0c\x0f\x0d\xf3\xbb\x15I\xfb\x22\xaa\xaa\xf2\x87\
\x7f\xf8\x7f\xf0\xce;\xef\xd2\x7f\xf92\x99l\x16C\xd7\
)\x16\x0ah%\xcd,*-\xa1\xaa\x0aV\x8b\x15\xab\
\xcd\x8a\xa2\xaa\xd8\x1d\x0e\xfc>\x1f\xd1X\x8c\x81\x81~\
VV\x22\x18\xba\xf0o\x0d\xd4\x84ho\xef\xc0\xeb\xf1\
\x88\x08\x87`\x10\xaf\xdfO}]=\xef\xbe\xfd\x0e?\
\xfd\xc9\xebBM6\xc0(\xbb\xd8\xdc\x88\xa4\x05$Y\
\xe2\xe9g>G8\xbc\xcc\xf1\xe3\xc7\xcd\xd4\xff\x1b`\
\x93\xc7\xbbYl\x03\xd2~\x81L&\xcd\xa9S\xa7\xcc\
\x92C\xb7F\xda\x17\xbe\xfc\x02\x16\xab\x85s\xe7\xce1\
<<\x82\xc5jY\xf5\x1cSD\xa4\x84a\x18\xd8m\
v,VU\x10\xc7j\xc3\xe3\xf1\xe2\xf7\x07p:\x9d\
8\xecv<^\x0fn\xb7X\xf8\xa8\x98~\xcc\x19\xb6\
\xa6\xe9\x04\x02~2\xd9,o\xbe\xf1\x06CCC\xfc\
\xee\xef\xfd.\x8b\x8b\x8b\xbc\xf4\xd2\x8bH\x92\xcc\xd7\xbf\
\xfe\xf7H\xa5Rd\xb3\x22!\x88\xc3n\x07sYW\
<\x18E\x8a\x85\x02\xa9t\x9a\x5c.'2\xca$\x13\
\xc4\xe21\xf2\xb9\xbc\xa9\xe7\x17\xc8\x17\xf2hf~\x87\
\xf2\xf2\xaa\xaei\x18\x80\xd5f\xe3\xf9\xe7\xbf\xc8\xc4\xe8\
8?{\xe3u\xb3\x1b\xc4\x90\xdf\x0ci\x91\xe0\xa9\xa7\
\x9f&\x1c\x0es\xf2\xe4\xc9\xbb\xa4\xadF5i\x9f}\
\xee\x0b\xa4\xd3iN\x9e<I<\x16[\xbf\xab\xc0U\
wpm\xd2>\xf7\xdc\xf3\xf8|^\xe6\xe7\xe6Ig\
3\x04\x02\x011\xdbw\xb9\xb0\xd9D\x1e\x02\x9b\xd5\x8a\
\x81pb\xd1\xb4\x92I\x0a\x8d\xd6\xd6V\x0a\x85\x22\xcb\
\xcbK\xc2\x91\xc6\x8cvH&\x93\xe4\x0by@B\xd7\
\x0d<\x1e\x0fM\x8d\x8d(\x8a\xcc\xa5K\x978\x7f\xe1\
\x02\xbf\xfb\xbb\xbf\xcb\xec\xec\x0c\x7f\xf37?\xc2\xe7\xf3\
\xf1\xf0\xc3\x8f\x90I\x8b\xc8\x85l.K\xa1PD\x95\
\x15l6+N\x87\x13\x87\xd3\x81\xcdf\xc7\xe5t\xd1\
\xd2\xda\x0a\x12\xacDWH&\x12\xd8\x1dvdYF\
7\xc4\xc4JQ\x849N7\xbd\xb1\x92\x89\x04\x89d\
\x92X<\xc1\xb1c\xc7\x18\xea\x1f\xe4\xa7?y\xdd$\
\x99q\xd3\xa4\x95d\x99'\x9e|\x82p8\xcc\xa9S\
\xa7\xee\x92\xb6\x1a\xd7$m4\xb6\x86\x87\x15\x5cu\x07\
\x1b\x90\x16@\x92\xf8\xf2\x0b_\xe6\xbe\xfb\xee\xa3T\xd2\
8}\xfa4\xc5R\x91\xde\xbe^\xa2\xd1\x18#\xc3\xc3\
\xa43\x19r\xd9\xac \xac^2I\xab\xa3k:V\
\x9b\x0dM\xd3)\x16\x0bHfA\x8ebI\xecc\x18\
\x06\x92$c\xb79x\xf6\xd9g\x09\x04\x03\xcc\xccL\
311N\x7f\xff\x00\xff\xe2\x0f\xfe\x80p$\xcc\xcb\
/\xff\x08EQ\xd9\xb7o?\xed\xed\x1d\xcc\xce\xcer\
\xf2\xe4I\xc6\xc7\xc6P\x15E\xe4RPV\xf3$(\
\xb2**\xed\xa0W\xa4\xaa\x22\xcb\xe6\x0a\x9e\x84\xc5j\
\xa9\xc4\xcb\xddw\xdf}\xd8M\xc7\xf3L6\xcb\xae\xdd\
{\x08\x04\x02\xbc\xf9\x937x\xf5o^\x06C[\xcb\
\xd3\x1b%\xad\x22\xf3\xc4\x13\x1f=i\xb7d\xe4B\x99\
\xb4\x06\x06}}\xbb(\x16\x0b\xcc\xcd\xcd\x91\xcf\xe5\xae\
\xe2\xe1\xc6\xb8\x06i\xd19t\xcf\xbd\xec\xdd\xbb\x07M\
+\xf1\x93\x9f\xfc\x84\xf9\x85y\xea\xea\xeb\x98\x9f_\xe0\
\xdc\xb9\xb3\xcc\xcf\xcf\xb3\xb0\xb0\xc8r8L$\x1cf\
%\x12!\xba\xb2B<\x91$\xb2\x1c&\x1a\x0e\x13\x8f\
\xc5I\xa4R$\x13\x09R\xc9$\x99L\x96lV\x84\
\xad\x14\x0a\x05\xee=|\x84B>\xc7\xd8\xf8\x18\xb2,\
33=Mww7\x8bK\x0bLLL\xe0t:\
\x89\xc7\xe3464\x10\x8b\xc7\x18\x18\x18d~n\x8e\
\x5c>O&#B\x89\x12\xf1\x04\xf1X\x9cX,\xc6\
rx\x99\xf0r\x98ht\x85x,F,\x16#\x1a\
]a%\x12!\x1c\x89\x10\x8dF\x89D\xc2455\
\x91\xcdf\x19\x1f\x1f'\x12\x89p\xf0\xe0!\xea\xea\xea\
\x19\x1f\x1bc\xe0\xd2e0\xbd\xc8*X\xdf=\x1f\x00\
I\x96\xd8\xb1c\x07\xe9t\x86\xf9\xf9\xb9_:9\xaf\
\x85\xadm=\xf8%\xc0f\xb3b\x18\xb0\xb4\xb8\xc4\xa5\
\x0b\xe7\x18\x19\x1efnn\x9e\xf0\xf22\x91H\x84d\
\x22A\xa9P@+\x15\x85n\xa8\x0b\xffX\x910N\
\xaa$\xd004\x0d]+a\x94J\x18\xc5\x22z\xa1\
@\xa9\x90'\x9dJ\xb1\xb2\x12ajj\x8a\xd9\xd9Y\
\x0c\xc3 \x99Jr\xe1\xe2\x05\xce\x9f?\xcf\xc2\xc2\x02\
\xba\xae344\xc4\xe4\xd4$\x0b\x0b\x0b\xff\xff\xf6\xce\
\xf5\xb9\x8d\xeb<\xe3\xbf\xb3\xbb\x00I\x80\xa4\xa8+\xc1\
\x88\xa2%K\x02E\x91\x96\xeb\x89\xe9\xaab\x1c\x8f\xad\
\xfa\xa2\xc8R'\xb1\xe3d&\x9f;\xd3~\xe8\xb4\x93\
~H\xf3\x0f\xa4\x8d\xddo\xe9\xd4\x93\xa4M/\x93\xd4\
N\x1c'M:c\xbb\xc94N\xddL\xec\xd4\x92\x1d\
\xdbR\x12\xddj\x09$E\x8a\x12q#\x01,.\xbb\
\xa7\x1f\xce9\x8b%HY\xa4\xa8\xb1@\x1a\x0f\xe7\x10\
\xc4\x02\xd8\x05\xcf>\xfb\xee{\xde\xf3\xbe\xcf!\x93N\
#kUj\x95*\xb5j\x15\xbfVC\xfa5\x90\x1e\
\xc8\x1ah\xc1\x0f\xcbR\x15\x16\xc1\xdc\x7f\xcd\xc3/W\
pKE\x0a\xd9<33W\x19\x1f\x1f\xe7\xdc\xb9s\
\x9c9s\x86\xd4\xf88\xb6m\x05YY\x02k\xe5L\
\xfd \xdc\xc2]\xad\x04\xcdOZ3\xcd\x89\x9e\x02]\
\x16\x8c\x09P\xfe[\xf0\x5c\xa8y\xf3j\xb5B\xb1T\
\x04a\xe1D\x22D\x1cG%\xcd\x08\x0b<\x1f\xe9y\
\xe0\xe9dn!\xb0\x9d\x88\x96E\x12\x08\xdb\xc1\x8aD\
\x10\x96\x85\x1d\x89\xe2\xb4\xb5c\xb7\xb5aG\xdb\xb0#\
Q\xecHdA\x02\x8ee\xa9[|\xb1P\xa4T,\
\x01\x92HDM\xed\x1a\xad\x02a\x0bD$\xa2K\x83\
\x22\xd8\xd1(v\xa4\x0d\xcb\x89\x00\x02\xdbQ\x03B\xcb\
\xb6\xb1m\x07_\xaa$w0\xc1}u\x1aMR\x8c\
@P\xaby\x5c\x9d\x99\xa1T,\xea\xd9;\xa5\xbd\xb0\
\x1a\x04Yb\xe2\x03\x5c\x80\xebm\xbf\x85hn\xd2J\
\xa8T\xcaH_\x9f\xe8\xeb\xfc,\x8d\xc6\xdeS'\xb9\
V\xabR,\x16(\x16\x0b\xcarJ\x89W\xab\xe1{\
\x1eB\x80\x15\xe4\xa9\xaa\xc4\xf1\xcex\x17{v\xef!\
9\x98d\xff\xf00CCC$\x93I\xf6\xee\xddK\
29Hrp\x90}\xfb\x86\x18\x1a\xda\xcf\xd0\xfe\xfd\
\xecM&\xe9M$\x88\xb6E\xa9\xd5T\xb5\x80\xa53\
\xc7|\xdf\xc7\xb1U\xc2\x0e\xf8tuw2p\xc7\x00\
\x83\x83\x83\xec\xd9\xab\x8e188\xa8\xda>\xd5\x86F\
F\x18\xda?Drp\x90\xc1d\x92\xe4\xde\xbd\xf4l\
\xe8QI0&\xadR\xc7M-\xcbF\x08\x1b!,\
\xb5F\xae\xa7\xd2&\x15a\x15\xd9\x84v\x11D\xbdK\
\x96\x05!\x04\x11\xc7\xa1\xad-\x8aci\xb9\xa7\xb0M\
X\xc1\xbeV\x8b\xa6&\xad\x10\x02\xaf\xa6\x06\x0f\xceM\
%i4\xf6\xa8DJU\xa5 \x03\x99K\x93\x07+\
\xb5+\xe0\x13moG\xd8\x0e[\xb7\xf5r\xe0\xc0\xdd\
\xdc;:\xca\xb6\xad\xdb\xd8\xbcy3[\xb7n\xa5\xb7\
\xb7\x97D\xa2\x8f\xde\xde^\xd5\xb6\xf5\xd2\x9bH\x90H\
$\xe8\xed\xed\xa5\xab\xabK\x11S\xa0\xf4\x09\x02+\x85\
.\xeb\xf1u\xbe\x82Mgg\x9cm\xbd\xdb\xd81\xb0\
\x83\xfe\xfe~\xb6\x07m;\xdb\xfb\xb7\xf3\xb1\xed}$\
\x12\xbdl\xdb\xba\x95\xbe\xbe>\x06\xf7\xedc\xf4\xbe\xfb\
\xd8\xd0\xbd\x01!\x84\xb2\xc6V]\x85\xc6\x5c\xc4&$\
V\xa9\x94\xd5\x05\xa9\xfb\xf3z\x97\xf8r`\xdb\xf6\x02\
#\xb1\xfa\x09\x8b\x9bC\xd3\x93\xd6$\xca\x98\x14\xc5\xd5\
\xa2Z\xad\xe2\xban\x90\xea(\xa5\xca\xc6\x02A4\x1a\
e\xd7\x9dw\xf2\xc8#\x8f\xd0\x97\xe8\xa3\xb3\xab\x93\xee\
\xee.\xdc\x92\xcb\xe4\xe4$\x13\xe3\xe3LNNp\xf9\
\xf2$\x93\x97'I\xa5R\xa4R\x97B-\xc5\xc4\xc4\
8Wf\xaeP\xab\xd5hkk\xa3R\xad\xe0I\x1f\
\xe1(A9\x93\xe4\x1dmW1\xd5\xab\xd7\xaeq\xe1\
\xc2\x05&'&\x16\xee\xefR\x8a\xd4\xa5\x14\xe3\xa9q\
\xc6S\xe3\x81\x8f\x9c\xcbd\xd8\xbae\x0b\xed\xed\xed\x0c\
\xdc\xb1\x93\xdf?x\x90=\xbbw#\xc2\x95\x0c\xa8k\
\xd4u]J\xa5\x92\xfa_W\xe2]-\x01\xa13\xe4\
\xe4\x07I\x8b~Hhj\xd2\x12\xca\xa35)\x8a\xab\
E\xa9T\xd2A}m\x01\x05\x81\x8cg,\xd6\xc1\xf0\
\xf00_\xf8\xc2\x17\xb8\xff\x93\x9fdx\xff0\x03\x03\
\x03\xc4;\xe3\xf4l\xdc\xa8\xda\x06\xa5\x8b\xd5\xdd\xd5E\
Wg\x5c)\xb2tu\xd2\xd9\x19\xa7\xb3+\xae\xd6\xd5\
\x8dFH\xf4%\x18\x19\x19f\xcf\x9e=\x1c\xb8\xfb\x00\
\xfb\x86\x87\x18\xbek\x84\x91\xbb\xeeR\xdb\x0e\x1c \xd1\
\xd7G<\x1e\xd7\x02\xcb\xdd\xc4tvX,\xa6\xe2\xc6\
\xf1x\x9c\xce\xb8\xbap6\xf6\xf4\xd0\xb3\xa1\x87\xae\xae\
n\x06v\x0c02<\xcc\xa3\x8f>\xc2\x1f\x1d?\xce\
\xd0\xfe\xfdDt\xff\xa8KB\xe5\xf4\x1a\xd2\xae8C\
\xee:0\xa45\xedv\xe1\x83\x5c\xea\xdb\x06\x13\xf2\x02\
8x\xf0 \xb1X\x8cT*\xc5\xd9\xb3g\x83\xeda\
,\xbb\x03\x85\xe0\xb1#\x8f\xb1k\xd7.R\xa9\x14/\
\xbd\xf42\xb6ms\xf4\xe8Qfff\x18\x1fOq\
\xe4\xc8\xa7\xf8\xd2\x97\xfe\x8a7\xdf<A>\x9fc\xe3\
\xc6\x8dX\x96M.\xaf\x04*\xa4\xae\x9c\xad\xd5j:\
\x96\xaa\xbe\xab\xc9+\xb0,K\xc9\x0fI(j\xe9\xa2\
B\xb1\xc0`r/\x85b\x91\x99\x99\x99`y\xd0\xcd\
z-0\xb5v\x82JF\x0f\xfe\x15]%,}\x9f\
\x88\x19\xdcY\x16\xd1h\x94\x8e\x8e\x0e\xa6\xa6\xa7\x19\xd8\
9@\xb4\xad\x8do\x7f\xe7;<\xff\xdcs\x8c\x8d\x8d\
\xe1{>\xbf9}\x9at&\xcd\xef\xdds7\x87\x1f\
z\x88w\xde\xfe5\xff\xf9\xd2\xcb\xd8\x96*\x8fW)\
\xe2+;\xf1\x96e\xb1y\xf3f\xc6\xc6\xc6\x98\x98\x98\
\xe0\xc4\x09\xa5\xa3p;\xd0\xd4\xa4\xf5}\x9f\xd1\xd1Q\
6o\xde\xcc\xf4\xf44\xef\xbc\xf3N\xe3[WDX\
\xc7q84v\x88m\xdb\xb6199\xc9\xeb\xbf|\
\x1d\xcb\xb69~\xec\x18S\xd3\xd3\x8cO\x8cs\xec\xf1\
c|\xees\x9f\xe7\xd9g\x9f\xe5\xddw\xdf\xc5q\x9c\
\xba\xb0\x85>\x9e\xe7y\xd4\xbc\x9a\xf2\xb3\xcd\x88F\x7f\
\x0d\x89\x9ad\x10Z\xcc\x11$\xb1x\x9c\xbf\xfc\xe2\x17\
\xb92s\x85\x17_|\x91\xc9\x89I\xda\xf5\xec\x9b\xef\
\xfb\xf8\xbeV\x10\xb7\x94^\xad9\x0eH\xe5C\x86|\
Q\xa9\xfb\xc7-\xbb\x1c\xfa\xc4'\xb8\xeb\xc0]\xbcy\
\xe2\x04?\xfc\xc1\x0f\x18\x1b\x1b\xc3\xaby\xfc\xe6\xd4)\
\xd2\xe94\xbb\xf7\xee\xe6\xa1\x87\x1e\xe4\xeco\xcf\xf0\xf3\
\xff\xfaY\x10\x89A%)\xae\xe8\xc4;\x8e\xc3\x8e\x1d\
;\x18\x19\x19!\x95J\xf1\xee\xbb\xefbY\xd6\x82\xd2\
\xf4\x0f\x0b\xcd=\xb9 %\x9b6m\xa2\xa7\xa7\x07\xcf\
\xf3\x18\x1f\x1f_`i\x97MX\x0d_\xfal\xdf\xb1\
\x83H$\xc2\xecl\x9a+\xd3\xd3X\xb6\xcd\xd0\xd0>\
\xa5\x0f\x96\xcf\x93L&I$\x12\xfc\xf4'?\xe5w\
\xbf\xfd\x1d\xd9l\x8et&M&\x9d&\x9dN\x93N\
\xab`~6\x9b!\x97U\x8f\x99t\x9aL&\xa3Z\
:MzV\xbd?\x9b\xc9\x90\xced(\xce\xcf\xf3\xf1\
\x8f\x7f\x9cK\x97R\xbc\xfa\xea\xabLOM1\x97\x9f\
#\x9dN\x93\x99U\x13\x06\xf9\x5cN\xed\x7f\xd6|~\
V?f\x82mf2!\x9d\x9e%\x93\xcd\xb2q\xe3\
Fz6\xf60\x9bNs\xe6\xcc\x19v\x0c\x0c =\
\x9fk3W)\x16\x0b\xd8\x8e\xc3\x1d\x03\x03\xa4g\xd3\
\xa4R\x97\xb0D]4ne=\xa7\x06a\x89D\x82\
\xee\xeen2\x99\x0c\xd7\xae]\xd3\x15\x11+\xdd\xd3\xea\
\xd1\xd4>\xad\x10\x82b\xb1\x88\xef\xfbtt\xa8\x5cS\
\x83\x9b\xea,\x09\xb6^\x04\xa4T**\xbb\xd8P\xd9\
\xeb\xfb>\xc5B\x81R\xa9\xa4}\xc2\x22\xa5B\x81b\
a\x9ebq\x9eR\xb1\x80[*RvK\x94J%\
J\xc5\x12n\xc94\x97\xb2[\xa6Rv\xa9\x94\xcb\x94\
\xdd2e\xd7\xa5Tv\xc9\x17\xe6\xc9\xcd\xe5\x99+\xcc\
\xab\xe3\x97\xb5\xd8[\xd9\xa5\xe4\x96(\xb9.\xa5\xa2\xde\
\xa7inI\x1d?\xb4\xcd\xd5\x8f\xe5r\x85\xaa\x0e\xa3\
\x05\xfd\xd2\xd0%\xae\xab\xf6]\xf3TA\xe2\x92\xc9F\
\xcb\x84\xa5eV\xa5N\x0a\x0a\xf7\xd9\x87\x8d\xa6&\xad\
eY\xe4r9\xaa\xd5*\xf1x<\x88 \xdctG\
\x09A<\xde\x89\xafk\xf8\xd1I\xd1\xcaW\xad+\xd4\
\xd4\xb4\xea\x0b\x18\x22\xa8[\xb5\xba\xbdJ\x08n\xaef\
{\xfd}*\x16\xaa\x7f\xb4\x9f\xebKI\xa5V\xa5j\
r\x14,\xe5\x95I\xa3\xe4\xa1\xfdW\xf4\x10J\x97F\
\x86b\xaa\xf5m@\xe0~\x98u\x13<\x9d\xd5U\x87\
\x22\xa7Q>\x14B\x15X\xdet\xbf\xe9s\x91H$\
\xa8V\xab\x14\xb5\xca\xcd\xed\x8a\x2245i\x01fg\
gq]\x97\xae\xae.6m\xdat\xd3Eu\xc2\xb2\
\x88\xc7\xe3z\xad[\x9fl6\x87mf\xb9\x14\xbb\x10\
z=\x04\xcbRuP\xb6ma\xd9\xda:\x093\x85\
\xdbh\xadB\xcf\xa5~\x1e\x08\xd4(\xa2\xab\x8a\x06\x0f\
\xdf\x0b\xc96\xe9\xd7\x0c\xdb\xa4T\xe50\xe6G\xe5\xbc\
\x86\xb7\xa8m\xa0,\xab\xd4b\xc9\xe5JE\xe5dH\
\x89-L\x9cV\x11\xaa\xa4\xe5\xf7c\xb1\x0e6o\xd9\
\xa2\xbe\xbf0\x97\xc2\xf2a\xdb6\x9d\x9d\x9dl\xdf\xbe\
\x9d\xb9\xb99r\xb9\x5c\xe3[>T4%i\xcdU\
\xeci\x01\xdf\xa9\xa9)\xe6\xe7\xe79r\xe4\x08==\
=+&\xae\x10\x82x,\xc6\xb1c\xc7\xf1<\x9f\xcb\
\x93\x97)\x15Kxz\x8d1\xcbr\x88F\xdb\x88\xc7\
\xd4:\x09\xed\xed\xed\x80\xc4\xf3=\xc5D\xa1\x88\xa0v\
\xa6\x09\xac\x89\x1e\xda\xa8lbp\xdb\x0cU\xda\x02~\
\xcdCH\xa9g\x93B\x86:\xc0\x0a\xad\xa0\x94D\xa3\
m\xf4\xf6\xf6\xb27\x99\xc4\xb1l:cq:\xb4\xd4\
\xbe\xb9(\xce\x9c\xf9\x1d\xf1x\x9c\xb1C\x87\xd4z\x10\
\x8e\x0d\xb6^xO\x8bz\x981D\xb8\xa1\xfb\xcd\xb2\
,z{{y\xe0\x81\x07\xc8\xe7\xf3\xcc\xcc\xccP*\
\x95\x10z\xa0|;\x10:\x1b\xcd\x07\xd3\x81\xed\xed\xed\
\xf4\xf5\xf5144D[[\x1b\xd5jUY\xaf\x1b\
t\x9a\xef+q\xe4h4J$\x12\xc5\x93\x923g\
\xce011I\xa10\x0f\xea\xdc\xf3\xf0\xc3\x7f\xc8\x96\
-[\xe9\xd9\xb0\x81\xb1\xb1C\xb4w\xb4\xf3\x95\xbf\xfe\
\x0ao\x9d<\x19\x8c\xf0M\x1eB\x1d\x0b\x058\x14\x8c\
\xa6gx\xa3 \xda\x16\xe5\xcb_\xfe2\xe3\xa9q\xbe\
\xf7\xc2\xf7\x02\xe1\xe5\xb0\xa5\x0d\xf8\xdfx6\xc2\x874\
\xd7\x8d\xed }\x9fG\x8e\x1c\xe1\x89\xa7\x9e\xa4\xa7{\
\x03/<\xff]\xb6m\xd9\xca\xb9s\xe7x\xe3\xf57\
\x98\x9b\xcf\x03\x92HG\x1b\xbb\xee\xd8\xc9\xee;w\xd3\
\xd9\x19\xa7P(\xaaE\xef\xc2\xaeB\xf8{h\x98\x90\
^GG\x07mmm\xb8\xae\xcb\xe9\xd3\xa7\x99\x9e\x9e\
\xa6T\xba\x15\xe5;7\x8f\xa6\x8c\x1e\x84!\xf5\xed\xd5\
u\xdd@\x96\xa7R\xa9\xdc\xb0\xa9\x0a\x02/\xf8\xec\xdc\
\xdc\x1c\x97.]b2 \xacI\xfcP\xb7\xecb\xa1\
\x80\xe38|l\xfb\xc7\x88\xc7c\xfc\xe2\x17\xbf`j\
\xca(\x83\xd7\x99\xa5|V\xaeS\x0a\xbc\xd8\xf2\x0a\xc0\
\x12\x16\x83\xc9$\xd7\xae^\xe5\xc2\xf9\xf3x5oI\
\xa2,\x17\x96\x96%\xda3\x98$98H\xd9u\xf9\
\xd5\x1b\xbfbzj\x8aT*\xc5\xec\xb5Y|\xe9\x81\
P\x16\xbe\xa8\x07y\x08t\xa9P\x85J\xa5J\xa5\xa2\
\xaa#\xd4\xdf\x8b\xfb\xd0\xf3<*\x95\x0a\x99L\x86\x8b\
\x17/2>>N\xa5R\xa9\xdfAV1\xb0[\x0d\
\x9a\xda\xd2\x86\x11\xbeuE\x22\x11]\x09\xbb\xf4-\xca\
\xdc\xd6\xcc\xc9\xadV\xab\x94+\x15@(\xc1a\x93!\
\xa5IfG\x1c<OU&|\xf6\xb3O2::\
\xca3\x7f\xfb\xccBK\xeb7\x8a\x08\x8b\x05\xc6\xaa\xbe\
\xb5\x11*\xadqtt\x94\xf9\xc2<\xe7\xcf\x9d\xa7Z\
\xab\xaa\xb2r\xdd\xf5\xf5o\xb2\xf8d4\xeeO\x02\xb6\
\x1d\xc1\x93>G\x8e\x1e\xe5\xf0\xa3\x0fsyb\x92o\
\xfc\xfd\xb3\xb8Ee\x01U\xec\xd4\xd7~x\xfd\x83\x96\
e\x133\x15\xbf7\xb0\xb4R\xcb\x91V\xab\x8a\xd0&\
\x1e{;-\xacAS\xfa\xb4KAh\xb15\xcf\xf3\
p]\x97\xf9\xf9\xf9`\xdd\x85\xc66??\x1f\xb4B\
\xa1\xa0V74\xaa02DX]\x82\xe38\xa6 \
Q\xf9\xca\x86\xf0\xa6\xd9\x96I5\x0c\xab\x8d\xeb\x0a\x83\
 \x0d1\xd4\xacz\x13\x96\x85\x14\x82\xff=\xf1\xa6\xaa\
\xa6\xf5=\x10\x02\xa1?+\xccq\x82\xcf.<\xf6\xa2\
}k\x95s#\xecai\x85F\xb4\xf8\x9cc;z\
\x80\xa9\x05?$\xca\xe2[\x16R\xaa\xb5\xd1\xe6\xe6\xe6\
\x16\xf4\xd1\xfc\x5c\xe8\xefP\xbf\xe5r9\x8a\xc5\x22\x9e\
\xe7-Py\xbc]\x16\xd6`\xcdXZ4qo\xfe\
J\xd7\x83\xa7\xf0\xc7\x05 \x04\x8e\x13AJ\x9f\xfe\xfe\
~>\xf3\x99\xcf\xf0\xd8c\x8f\xf2\xf43O\xf3\xd6[\
'q\xec\x886X\xfad\x05\xbb\xd0\x13 ![\xb8\
\xf4\xa94\x07\xac\x1fX\x86\xa4\xdf\xd5\xbf\xb3X=\xf1\
z\x90\x12\x22\x91(ss\xf3<\xfa\xa9#<x\xf8\
0\xbf=}\x9a\x7f\xf8\xfa\xd7q\x0b\xca\xd2\xfa\xbe\x9a\
\xaaU_h\x19\xfd\xb5\x8c\xb7\xac\xae\xefo-\xd6\x14\
iW\x07C\x88\x101\x84\xfa\xe5D\x1c\xa4/\xe9\xdf\
\xd1\xcf\x13O<\xc1\x93\x9f}\x92\xef\x7f\xff\x05\xce\x9f\
?\x87c;\x98\xf3\xdfHZ\x93|}C\x04\x89\xa7\
\xeaAM\xf5\xea\xef\x11z\xbe\x1c\xd2\x22\xc1\x126\x95\
J\x95\x83c\x87\xd8\x93L\xf2\xf3\x9f\xbd\xca\xb7\xbe\xf9\
M\xdcb\x11$\xca\x9f5\xc7[\xc6.\xd7\x1a\x03Z\
\xa4m \xed\xa7?\xfdi\x1e:\xfc\x10\xcf=\xf7o\
\x9c={VMU\x86}\xda\x05\x96v\x99\xa4%D\
\xda\x06K\x1b~\xbe\x1c\xd2J\x09\x025aq\xe8\xfe\
\xfb\xb9\xeb\xee\xbby\xe7\xed_\xf3\x8f\xdf\xf8\x06e\xed\
\xd3J\xa9---\xd2\xaeq,\x8f\xb4\xc7\x8f\x1fg\
\xff\xc8~\xfe\xeek_\xe3\xf4{\xef!lU\x19\x10\
T\x9e\x06\x1f\x17\xcb\xac\xb9j\xd0\xb0\x97j\x00\xa6\x08\
\xaa\xb2j$\xf5\x81\xe6\x07\x22x\xaf\x85/%\x87\x1f\
~\x84\x07\x0f\x1f\xe6\xea\xcc\x8cv\x0f\xd4\xea\x8e\xbeT\
\x13\x13\xc0R\xfa\xf9\x8b\xb1\x8c\xb74\x13\x96k*\xd6\
\x01\xcc\x991V\xcf\x8c\x98C\x8f\x80D\xcd4\xd5<\
5\xf1\x80&\x14\x22D,\xddB\x7f\xd6\x1b\x12!\xf4\
tn\xb0M\x85\xbe\x84!g\xf0c\x9e\xeb\xd7n\xd4\
\xf4\xf1\x9d\x88\x13\x88\xc0\xf9\xc6\x87\xd5\x17\x83y\x5c6\
V\xf0\xd6f\xc1G\x88\xb4,q\x86L\x80_\x07\xdb\
u\xb9\x8d\x94\x12a[`\xab\x11\xb9\xef{\x8b?\x1a\
$\xdbhA7\xe9#\xa5\x87/\x8dX\xb2\xcaOP\
\x03\xa3zX\xce\x0cf\xd4g\xd5k\xe6q\xd9MW\
\x09{\xba\x06L\xb9)\xe6bDS\xdc\x1c\xf0\x06m\
\x0d\xe2#FZ\x968k\x0b\x9b\xd4B\xcb\x02\xe5\xbc\
\x9a\xa9^\xd0D\xf3\xa5\x8a\xf3\xfa\x8d\x84\xadO\xdb\xaa\
\xf7\xfa\x8a\xecz\xbf\x86pB\xa8RtC\xda0\xcc\
\xb6\x0fj&8lY\x02\xdf\xf7\xa8\xd6\xaa\xea\x18\x8b\
<\x8bE\x1b\xd6\x0d>\x82\xa4\xbd1<O\xc5Ro\
\xc5y\x97\x8d\x83.\x94O\xba\x9a}\x9b\xfd\xf9\xa1\xfc\
\x8c\xa0Y\xca\xd7VN\xc7\xfaD\x8b\xb4K@J\x89\
e\x09\xda\xb4\xaawG,F\x87^\xf1<\x16\x8f\x13\
\xeb\xd4\x8f\xba\x8e\xcb\xb4X,F,\x16\xd3+\xa1+\
m0\xdb\xb6q\x22\x11\xe2]\x9dt\xc4\xe38\x11\xa5\
u\x10\x8b\xc5\xe9\x88\xc7i\x8f\xc5h\x8fu\xd0\x11\x8f\
-\xd8\xd7\xf5\x9a\xaa#\x8b\x05\xfb\x09\x02\xfe\x98)f\
\xe3#\xaf_\xda\x0a}\xf1\x7f\xa4a\x0a\xf6\xfa\xfb\xfb\
9z\xecq\x06\xf7\x0f\xf1\xdc\xf3\xcf391AW\
\xbc\x13\xe9\xfb\x88\xb0V\xaef\xc3R\x03s\xa1\xcbz\
\xaa\xb5\x1a\xae[\xc2u\xcb\xd4\xbc\x9aJ\xa0\x06Jz\
\x86\xa9\xbb\xbb\x1b!\xccT\xb0\xb2\xc6V\xc8\x22\x07h\
8\x86\x04l\xc7&\x9b\xcb1z\xdfAF\x0f\xfe\x01\
W\xa6.\xab\xe8A\xb1\x08f\x96Z'6.\xda\xc1\
:@\x8b\xb4!\xd2\xf6\xf5\xf5\xf1\xf8\xf1c\xfc\xf1\x9f\
\xfe\x09/\xbf\xf22\xe7\xcf\x9e\xc3\xd2\xee\xa2Z\xd8\x0e\
0\xab\xd7h,A3\x22\x91\x08\xd5Z\x95\xae\xeen\
F\x86Gx\xef\xd4).\x5c8\x8f\x10\x82\xe4\xe0 \
\xf7\xdcs\x0f\xaf\xff\xf2\x97\xb8\xae\xab\xe2\xae\xdaB\x06\
\x08=\x0f\xef_\x91\x5c\x0d\x12\xd5\xe4\xc2'\x18\xb8c\
\x17\xff\xfe\xc3\x1f\xf0\xed\x7f\xf9\xe7:i!\xf0\xa5\xd7\
\xe3\xe9m\x91\xb6\x81\xb4G\x8f\x1f\xe3\xcf\xfe\xe2\xcfy\
\xfa\x99\xa7\xf9\x9f\xff~\x8dj\xb9\x82-Dhr\xe1\
\xfa\xa45\x03+\xdb\xb6\xf1\xa5dor/O=\xf5\
\x14\xaf\xbd\xf6\x1ao\x9e8A\xa5Ra\xf4\xbeQ\x8e\
\x1f;\xceW\xbf\xfa7d3u\xe9\xd2\xb0\xdf\xab\xb7\
\xa8\xdb\xbc>C\x86\xb0R\xbd\x84\x94\xf0\xe4\xe7>\xcf\
\xd8\xfd\x0f\xf0\x93W^\xe1_\xff\xe9[\x94K\x05\xf0\
\xd5\xc4\x03\xb0n-m\xd3\xa7&~\x18\xb0t\xa5m\
WW\x17\xc9\xc1A\xee\xbd\xf7^~\xf4\x1f?\xe6\xed\
\x93o\x91K\xa7\xc9\xe7\xf2\xe4\xf3y\xa5d\x98\xcf\x05\
-\x9f\xcf\x91\xcb\xd5[>\x9f\x0f\x1e\xb3\xd9,\xb6m\
\xb3s\xe7Nl\xc7!\x9b\xcd\xd2\x1e\xeb\xa0\x7f\xc7\x0e\
\xe2\xf1N~\xfc\xa3\x1fs\xe5\xca\x15r\xd9\xac\xda_\
.G.\x9f'\x1f\xda\x9fRMT\x7fg\xb5Zb\
V\xbf?\x9b\xcd\xb2{\xf7^v\xee\xba\x93\xf1T\x8a\
w\xde~\x1b\xafVE\x1a\xdfe\x1d\x92\xd5\xa05\x10\
k\x84\x94\xd4t\xfcS\x02\x18\xb5\xc2\xf0\x08\xdd4\x96\
\xd8f,\xa6\x94d\xd2iN\x9e8\x89\xf4}6m\
\xd9L\x22\x91\xc0\x97\x92\x13'O\xa8P\x951\xa5\xba\
5\xeeG\x1dc1\x84\xd0\xe18\xdf\x0b\xa2\x07 u\
\x02\x9b\x9edh\xfc\xd0:B\x8b\xb4\xa1\xdbzh\x03\
\xd5\x9a\x92\xf1D\xaaY'\xcf\xf7\x03\x92\x18a7o\
\x89f\xc2PRJ\xae^\xbd\xca+\xaf\xbc\xcc\x8b/\
\xbe\xc8\xe9S\xa78\xf5\xde{\xbc\xf2\xd2K\xbc\xf0\xdd\
\xefQ,\xa8\xe4\x165\xa9a&9B1Y\x7f\xf1\
\xc4\x83\x89\xd3\xfaZ\xd1\xd1\x12\xaa\x8e-\xb8P>\x22\
h\x91V\x93\xd6\x04\xfem\xc7Y4\xba\x12\xd7\x19p\
-\x07\xd5j\x8d\xcb\x97/s\xe9\xfd\x8b\x5cz\xff\x22\
3\xd3W\xa8V*\x81\xeem`\x12\xa5\xcao\x90\x9e\
n\xfa\xf5E\x17\x14\xa8(\x83\xb6\xc2F\x1d\xd1 \xf0\
\x0e\xd61Z\xa4m\xb0\xb4\x86\x08\x0b*fW\x03-\
%Z\xab*\xc1d\xafZCz:.\x15\x106\xd4\
\x96\x01\xe3\x9a\x18\xabl\x05\xae\x8a\x19\xd0\xado\xe6\xb6\
H\xdb\x00\x89\xf6\x15\x8d%\xc4\x0c\xe1W\x81\x15\x92\xf2\
F0\xee\x80\xf4\x95\xb8\xb2\xaa\x90h\xf0\xb5\xd71q\
[\xa4m\x84\xae\xb1\xf2}\xa3[\xdb\xa4vK\x80\xef\
\x1b\xad\xdb\xfa\xacX\xe0\xcc\xac\xf6Bkb\xb4H\x1b\
\xb2\x5c\xfa\x09\xd5\xaaR\x067\xa4\xbdE\x06\xf2\x96\xc3\
\xf3=\xbc\x9a\x92<\xaa[\xd6&\xff\xd2\xb7\x00-\xd2\
\xea8\xade\xa9\xf5\x18\xa2\x91\x08\xd9l\x86J\xa5\xa2\
zG\x17\x046\x0b\xc2\xe1\xb0b\xb1H.\x9f\x0f\x8c\
j\x10aX\xe7A\xaf\x16iC\x031S\xfd:=\
5\x8d[.\x9b\x17\x9b\xcaA0\x83/@\xad\xe2\x98\
\xcb)\xc5\x1d\xbd*\xb84\xb3f\xeb\x18-\xd2j\xf8\
z\xb1\xe2b\xa1\xc0\x85\xff\xbb@a^)\xd04+\
\xa4\x94\xe4\xf5\xc2\xd2\x85bQE<\xae\x13\x22[o\
\xf8\xc8O\xe3\x06#q-N\x11\x89F\xb8<=\xc5\
\xfb\x17/\xaa\x04\x14t\xde\xc1\x82\x0f\x85\x9f|\xf8\x10\
Z\x89\xd1v\x1c\xaa\x9eO6\x9b\xe1\xfd\xf7/P\xab\
\xd6\xea\x031X\xb7\x8e\xadX\xb7\xff\xd92\xa1\xcai\
\x94\xcfj\xdb6\x96c#\x85J\x04\x0f\xe2\xa9\x1aM\
\xd5YB ,\x07\xcbv\xb0-A\xa5\xec\xaa\xb2!\
\x84\xbe\x81*\xdf\xb6\x89\xbe\xf1-CS\x9d\x87\xa6@\
\x10I\xd0\xdd\xd2\xd4\xbd\x13\x0am\xe9\x01\xd8\xc2\xdb@\
S\x7f\xf9\x9bF\x8b\xb4-\xac9\xb4\x06b-\xac9\
\xb4H\xdb\xc2\x9aC\x8b\xb4-\xac9\xb4H\xdb\xc2\x9a\
C\x8b\xb4-\xac9\xb4H\xdb\xc2\x9aC\x8b\xb4-\xac\
9\xb4H\xdb\xc2\x9aC\x8b\xb4-\xac9\xb4H\xdb\xc2\
\x9aC\x8b\xb4-\xac9\xb4H\xdb\xc2\x9aC\x8b\xb4-\
\xac9\xb4H\xdb\xc2\x9aC\x8b\xb4-\xac9\xb4H\xdb\
\xc2\x9a\xc3\xff\x03\xc4\xa1\xdd\xe8\xf1]\xd35\x00\x00\x00\
\x00IEND\xaeB`\x82\
"

qt_resource_name = b"\
\x00\x09\
\x0eS\xc1s\
\x00D\
\x00o\x00w\x00n\x00l\x00o\x00a\x00d\x00s\
\x00\x08\
\x05\xe2Y'\
\x00l\
\x00o\x00g\x00o\x00.\x00p\x00n\x00g\
\x00\x10\
\x0e\xffx\x87\
\x00f\
\x001\x00_\x00b\x00i\x00r\x00d\x00s\x00_\x00e\x00y\x00e\x00.\x00p\x00n\x00g\
"

qt_resource_struct = b"\
\x00\x00\x00\x00\x00\x02\x00\x00\x00\x02\x00\x00\x00\x01\
\x00\x00\x00\x00\x00\x00\x00\x00\
\x00\x00\x00\x18\x00\x00\x00\x00\x00\x01\x00\x00\x00\x00\
\x00\x00\x01\x9dA\xdbY\x8c\
\x00\x00\x00\x00\x00\x02\x00\x00\x00\x01\x00\x00\x00\x03\
\x00\x00\x00\x00\x00\x00\x00\x00\
\x00\x00\x00.\x00\x00\x00\x00\x00\x01\x00\x00\xbf\xea\
\x00\x00\x01\x9dG\x05\xe6V\
"

def qInitResources():
    QtCore.qRegisterResourceData(0x03, qt_resource_struct, qt_resource_name, qt_resource_data)

def qCleanupResources():
    QtCore.qUnregisterResourceData(0x03, qt_resource_struct, qt_resource_name, qt_resource_data)

qInitResources()
